ds,yhat,store,item
2018-01-01,12.982712965436576,1,1
2018-01-02,15.638445679889827,1,1
2018-01-03,16.281687791594912,1,1
2018-01-04,16.94277641578946,1,1
2018-01-05,18.492206296241907,1,1
2018-01-06,20.421936170331243,1,1
2018-01-07,21.205387783002227,1,1
2018-01-08,12.934921801753886,1,1
2018-01-09,15.496418436268922,1,1
2018-01-10,16.05724066893932,1,1
2018-01-11,16.649970969800087,1,1
2018-01-12,18.14684870316269,1,1
2018-01-13,20.041043011397452,1,1
2018-01-14,20.806633807042903,1,1
2018-01-15,12.536085343177406,1,1
2018-01-16,15.114839950059404,1,1
2018-01-17,15.709309207465598,1,1
2018-01-18,16.350652389637744,1,1
2018-01-19,17.909267988608075,1,1
2018-01-20,19.87613137685311,1,1
2018-01-21,20.722849245956507,1,1
2018-01-22,12.539213084460703,1,1
2018-01-23,15.207876928985296,1,1
2018-01-24,15.892434223037121,1,1
2018-01-25,16.6212811745904,1,1
2018-01-26,18.26219002882405,1,1
2018-01-27,20.303723051435167,1,1
2018-01-28,21.215355777760166,1,1
2018-01-29,13.085089951789524,1,1
2018-01-30,15.794179838297515,1,1
2018-01-01,36.69736405295102,1,2
2018-01-02,43.56729857142071,1,2
2018-01-03,44.41574072939726,1,2
2018-01-04,47.21384419141503,1,2
2018-01-05,50.56153770779111,1,2
2018-01-06,54.334837720910535,1,2
2018-01-07,57.66281445350117,1,2
2018-01-08,36.48275822511886,1,2
2018-01-09,43.276872442568646,1,2
2018-01-10,44.066453027129626,1,2
2018-01-11,46.823265863684796,1,2
2018-01-12,50.147264763056015,1,2
2018-01-13,53.91395527490886,1,2
2018-01-14,57.25142551111417,1,2
2018-01-15,36.0955880298741,1,2
2018-01-16,42.926956296023576,1,2
2018-01-17,43.764912414926854,1,2
2018-01-18,46.579174618933486,1,2
2018-01-19,49.9676039514679,1,2
2018-01-20,53.80365258907595,1,2
2018-01-21,57.21347230298209,1,2
2018-01-22,36.13122476469074,1,2
2018-01-23,43.035915247054845,1,2
2018-01-24,43.945704883918395,1,2
2018-01-25,46.829408905064504,1,2
2018-01-26,50.28431971979432,1,2
2018-01-27,54.183657218926825,1,2
2018-01-28,57.65366521316895,1,2
2018-01-29,36.628896597646914,1,2
2018-01-30,43.58901010198345,1,2
2018-01-01,22.22871252791091,1,3
2018-01-02,25.772996710958804,1,3
2018-01-03,26.367024838389767,1,3
2018-01-04,28.246417342546508,1,3
2018-01-05,30.95838852471164,1,3
2018-01-06,32.851264157087634,1,3
2018-01-07,35.69098415861609,1,3
2018-01-08,22.613680004244102,1,3
2018-01-09,26.11310904038077,1,3
2018-01-10,26.66068247189689,1,3
2018-01-11,28.493640513137294,1,3
2018-01-12,31.160730124195062,1,3
2018-01-13,33.01169776825419,1,3
2018-01-14,35.81376962939086,1,3
2018-01-15,22.704209288198868,1,3
2018-01-16,26.177735332358466,1,3
2018-01-17,26.7065359348272,1,3
2018-01-18,28.528434114850324,1,3
2018-01-19,31.1925592777198,1,3
2018-01-20,33.04883758814372,1,3
2018-01-21,35.86447367714585,1,3
2018-01-22,22.77651367548912,1,3
2018-01-23,26.279271980086545,1,3
2018-01-24,26.8443586439467,1,3
2018-01-25,28.70886089268565,1,3
2018-01-26,31.421034078954285,1,3
2018-01-27,33.32981427731751,1,3
2018-01-28,36.201324599491,1,3
2018-01-29,23.17146474480847,1,3
2018-01-30,26.733365658663942,1,3
2018-01-01,13.116171081641312,1,4
2018-01-02,16.098917638993605,1,4
2018-01-03,16.113129472700905,1,4
2018-01-04,18.01240244070485,1,4
2018-01-05,18.364448909362043,1,4
2018-01-06,20.223833432358507,1,4
2018-01-07,21.1016220370848,1,4
2018-01-08,12.939009267672962,1,4
2018-01-09,15.831502830460453,1,4
2018-01-10,15.76472045015748,1,4
2018-01-11,17.594663252851596,1,4
2018-01-12,17.89107272084761,1,4
2018-01-13,19.710121542201957,1,4
2018-01-14,20.56402991516221,1,4
2018-01-15,12.394672157278807,1,4
2018-01-16,15.297753820701423,1,4
2018-01-17,15.258613928025099,1,4
2018-01-18,17.132516302875818,1,4
2018-01-19,17.48803636457902,1,4
2018-01-20,19.37979272092289,1,4
2018-01-21,20.31811384864435,1,4
2018-01-22,12.242703195618063,1,4
2018-01-23,15.246881191220098,1,4
2018-01-24,15.313456911992324,1,4
2018-01-25,17.29509141263032,1,4
2018-01-26,17.757757084059115,1,4
2018-01-27,19.753540379022155,1,4
2018-01-28,20.79037626851092,1,4
2018-01-29,12.805775958848436,1,4
2018-01-30,15.891124719586362,1,4
2018-01-01,10.746066502458463,1,5
2018-01-02,13.009689999356736,1,5
2018-01-03,13.350418326996298,1,5
2018-01-04,14.899553103314638,1,5
2018-01-05,15.242314273955866,1,5
2018-01-06,16.538761955336664,1,5
2018-01-07,17.62730357297468,1,5
2018-01-08,11.119538152760889,1,5
2018-01-09,13.35634046539869,1,5
2018-01-10,13.665589641685777,1,5
2018-01-11,15.17975907167219,1,5
2018-01-12,15.485261192805881,1,5
2018-01-13,16.743343880003955,1,5
2018-01-14,17.793572732526147,1,5
2018-01-15,11.248651659127898,1,5
2018-01-16,13.450484975967303,1,5
2018-01-17,13.727886108499185,1,5
2018-01-18,15.21415013070418,1,5
2018-01-19,15.49638410497222,1,5
2018-01-20,16.736392222083964,1,5
2018-01-21,17.774150245215015,1,5
2018-01-22,11.222621785187323,1,5
2018-01-23,13.423819662525474,1,5
2018-01-24,13.706517401637726,1,5
2018-01-25,15.203827960870768,1,5
2018-01-26,15.502543450790862,1,5
2018-01-27,16.764032554856986,1,5
2018-01-28,17.827729803012573,1,5
2018-01-29,11.305968815167606,1,5
2018-01-30,13.540062311536673,1,5
2018-01-01,35.762337939433564,1,6
2018-01-02,43.13805916377157,1,6
2018-01-03,43.51259449605409,1,6
2018-01-04,45.50555481677776,1,6
2018-01-05,49.823564234780115,1,6
2018-01-06,53.49538664051318,1,6
2018-01-07,56.940741965749254,1,6
2018-01-08,35.48674076482138,1,6
2018-01-09,42.820596530229075,1,6
2018-01-10,43.166938280353754,1,6
2018-01-11,45.14617416284071,1,6
2018-01-12,49.465218097829364,1,6
2018-01-13,53.152640367084565,1,6
2018-01-14,56.627521310149625,1,6
2018-01-15,35.21593516938465,1,6
2018-01-16,42.60372161619577,1,6
2018-01-17,43.013865371844844,1,6
2018-01-18,45.06493236123049,1,6
2018-01-19,49.46187201236583,1,6
2018-01-20,53.23124415896642,1,6
2018-01-21,56.79014729770737,1,6
2018-01-22,35.462772939170435,1,6
2018-01-23,42.93324145867321,1,6
2018-01-24,43.423037967185635,1,6
2018-01-25,45.549495037554195,1,6
2018-01-26,50.01663062525308,1,6
2018-01-27,53.850398734609726,1,6
2018-01-28,57.46762905943454,1,6
2018-01-29,36.19258021509422,1,6
2018-01-30,43.7097622375547,1,6
2018-01-01,33.432706670067944,1,7
2018-01-02,40.45639666434006,1,7
2018-01-03,40.57240320845305,1,7
2018-01-04,44.69424080294867,1,7
2018-01-05,47.28382742315545,1,7
2018-01-06,52.32811667293706,1,7
2018-01-07,54.637558024836224,1,7
2018-01-08,33.394405368084335,1,7
2018-01-09,40.46125579119622,1,7
2018-01-10,40.63391128255991,1,7
2018-01-11,44.82461885915819,1,7
2018-01-12,47.49351097851416,1,7
2018-01-13,52.62532289358984,1,7
2018-01-14,55.02795013002433,1,7
2018-01-15,33.88086292976681,1,7
2018-01-16,41.04375601018991,1,7
2018-01-17,41.30952265884817,1,7
2018-01-18,45.58760503326945,1,7
2018-01-19,48.33553901620415,1,7
2018-01-20,53.53576701821317,1,7
2018-01-21,55.99427897474308,1,7
2018-01-22,34.889095866423176,1,7
2018-01-23,42.07897208800773,1,7
2018-01-24,42.35640420412195,1,7
2018-01-25,46.63099706397548,1,7
2018-01-26,49.36100532884624,1,7
2018-01-27,54.53012411373536,1,7
2018-01-28,56.94608988469323,1,7
2018-01-29,35.7891073916634,1,7
2018-01-30,42.920480911959764,1,7
2018-01-01,47.52715261005998,1,8
2018-01-02,57.718871330371826,1,8
2018-01-03,57.45377483545823,1,8
2018-01-04,61.48752144161046,1,8
2018-01-05,66.67531402371927,1,8
2018-01-06,71.07978052594812,1,8
2018-01-07,75.5494113035035,1,8
2018-01-08,47.536462634030265,1,8
2018-01-09,57.614864368746204,1,8
2018-01-10,57.24768524036051,1,8
2018-01-11,61.1930765981737,1,8
2018-01-12,66.3082187504742,1,8
2018-01-13,70.65719524625442,1,8
2018-01-14,75.08943746106577,1,8
2018-01-15,47.057647792557646,1,8
2018-01-16,57.13573811907007,1,8
2018-01-17,56.78633549200309,1,8
2018-01-18,60.76677410538817,1,8
2018-01-19,65.9330958775133,1,8
2018-01-20,70.34798306628392,1,8
2018-01-21,74.8592633700499,1,8
2018-01-22,46.917893954708255,1,8
2018-01-23,57.09595930113673,1,8
2018-01-24,56.85423322969375,1,8
2018-01-25,60.94822272341155,1,8
2018-01-26,66.2322146822249,1,8
2018-01-27,70.76724807737153,1,8
2018-01-28,75.39965126440799,1,8
2018-01-29,47.57905047813354,1,8
2018-01-30,57.87638425040555,1,8
2018-01-01,28.700652800397997,1,9
2018-01-02,34.4240622319676,1,9
2018-01-03,34.88738921950262,1,9
2018-01-04,38.15398390861641,1,9
2018-01-05,40.469877123894776,1,9
2018-01-06,44.34550922651661,1,9
2018-01-07,46.7856228588684,1,9
2018-01-08,29.108039637511204,1,9
2018-01-09,34.88789236235039,1,9
2018-01-10,35.41307648765193,1,9
2018-01-11,38.74669950165102,1,9
2018-01-12,41.13416458154241,1,9
2018-01-13,45.08493188894753,1,9
2018-01-14,47.60245540586474,1,9
2018-01-15,30.003013816902605,1,9
2018-01-16,35.86000516149519,1,9
2018-01-17,36.45946692838204,1,9
2018-01-18,39.862597996214745,1,9
2018-01-19,42.31291644503358,1,9
2018-01-20,46.31809422931704,1,9
2018-01-21,48.879964278731485,1,9
2018-01-22,31.31341630507778,1,9
2018-01-23,37.19074898681043,1,9
2018-01-24,37.79723838174512,1,9
2018-01-25,41.19369743761732,1,9
2018-01-26,43.62365941924336,1,9
2018-01-27,47.595225402985946,1,9
2018-01-28,50.11107095034063,1,9
2018-01-29,32.487328188104705,1,9
2018-01-30,38.2979113131306,1,9
2018-01-01,46.13143077237848,1,10
2018-01-02,54.88657870858832,1,10
2018-01-03,55.463840606620764,1,10
2018-01-04,60.09043055988215,1,10
2018-01-05,64.68063888900909,1,10
2018-01-06,68.30686385304068,1,10
2018-01-07,74.24166783434971,1,10
2018-01-08,47.08474811843697,1,10
2018-01-09,55.56877051987422,1,10
2018-01-10,55.877872532659524,1,10
2018-01-11,60.245349636462294,1,10
2018-01-12,64.59105625713794,1,10
2018-01-13,67.99234598099224,1,10
2018-01-14,73.72605382696311,1,10
2018-01-15,46.395411719819116,1,10
2018-01-16,54.73584595183263,1,10
2018-01-17,54.93346336649386,1,10
2018-01-18,59.222739478494546,1,10
2018-01-19,63.523939168118616,1,10
2018-01-20,66.91409327721759,1,10
2018-01-21,72.66903227638035,1,10
2018-01-22,45.39036619875213,1,10
2018-01-23,53.811357432737566,1,10
2018-01-24,54.11549072292671,1,10
2018-01-25,58.534251094952104,1,10
2018-01-26,62.984637792983996,1,10
2018-01-27,66.54023503141089,1,10
2018-01-28,72.47333828714783,1,10
2018-01-29,45.3820230379233,1,10
2018-01-30,53.99610044757739,1,10
2018-01-01,43.64218393295967,1,11
2018-01-02,51.36286280314762,1,11
2018-01-03,52.155342728451984,1,11
2018-01-04,55.3033615337322,1,11
2018-01-05,59.57020337010643,1,11
2018-01-06,64.43212554757113,1,11
2018-01-07,67.54948534494436,1,11
2018-01-08,42.956272341123864,1,11
2018-01-09,50.63403252490626,1,11
2018-01-10,51.41711071880583,1,11
2018-01-11,54.58925704443384,1,11
2018-01-12,58.91267812945089,1,11
2018-01-13,63.861536562785425,1,11
2018-01-14,67.09317848545452,1,11
2018-01-15,42.637791337009546,1,11
2018-01-16,50.47247383745422,1,11
2018-01-17,51.42664004070605,1,11
2018-01-18,54.77879810332752,1,11
2018-01-19,59.285779155514845,1,11
2018-01-20,64.41641439082409,1,11
2018-01-21,67.82293495505168,1,11
2018-01-22,43.530791579995935,1,11
2018-01-23,51.51287134880036,1,11
2018-01-24,52.59502924413235,1,11
2018-01-25,56.052971567494424,1,11
2018-01-26,60.641563783032716,1,11
2018-01-27,65.82855886999106,1,11
2018-01-28,69.26601957857027,1,11
2018-01-29,44.980131229076676,1,11
2018-01-30,52.94538300657517,1,11
2018-01-01,42.35586300169703,1,12
2018-01-02,50.35579373637964,1,12
2018-01-03,51.07106951057662,1,12
2018-01-04,54.673706699525326,1,12
2018-01-05,59.1436721245241,1,12
2018-01-06,62.42262587370048,1,12
2018-01-07,66.91569492486671,1,12
2018-01-08,42.048320830646894,1,12
2018-01-09,50.07739191608469,1,12
2018-01-10,50.84029724835618,1,12
2018-01-11,54.50772648443128,1,12
2018-01-12,59.057727329249204,1,12
2018-01-13,62.429541051406616,1,12
2018-01-14,67.02548089447095,1,12
2018-01-15,42.2678931365862,1,12
2018-01-16,50.410407580976205,1,12
2018-01-17,51.28711102238336,1,12
2018-01-18,55.0654641379295,1,12
2018-01-19,59.72047004397271,1,12
2018-01-20,63.18861173475374,1,12
2018-01-21,67.86982036210918,1,12
2018-01-22,43.18451165498499,1,12
2018-01-23,51.38489529957102,1,12
2018-01-24,52.304189397027315,1,12
2018-01-25,56.109559589221995,1,12
2018-01-26,60.77629081444047,1,12
2018-01-27,64.24170920934802,1,12
2018-01-28,68.90711697008688,1,12
2018-01-29,44.19477884951722,1,12
2018-01-30,52.35916695435004,1,12
2018-01-01,50.70885192198469,1,13
2018-01-02,60.732669238418424,1,13
2018-01-03,60.65407478125533,1,13
2018-01-04,63.862118585412745,1,13
2018-01-05,69.99316555510885,1,13
2018-01-06,74.58829248822688,1,13
2018-01-07,79.26163615425392,1,13
2018-01-08,50.02483672148733,1,13
2018-01-09,60.002366725648685,1,13
2018-01-10,59.909869287908734,1,13
2018-01-11,63.13736272701813,1,13
2018-01-12,69.32109325116048,1,13
2018-01-13,74.0009857917942,1,13
2018-01-14,78.78907295033564,1,13
2018-01-15,49.69404313554432,1,13
2018-01-16,59.83669429430205,1,13
2018-01-17,59.928412709417934,1,13
2018-01-18,63.35452945666432,1,13
2018-01-19,69.74633147897342,1,13
2018-01-20,74.63867257129138,1,13
2018-01-21,79.6385595787828,1,13
2018-01-22,50.749850445011475,1,13
2018-01-23,61.088846424370345,1,13
2018-01-24,61.362894298183626,1,13
2018-01-25,64.9538481047115,1,13
2018-01-26,71.49016487906222,1,13
2018-01-27,76.50457791412268,1,13
2018-01-28,81.60272176747938,1,13
2018-01-29,52.787845298141086,1,13
2018-01-30,63.176395398390014,1,13
2018-01-01,36.708233432376915,1,14
2018-01-02,42.88998148255188,1,14
2018-01-03,43.1960869892813,1,14
2018-01-04,45.82109243620317,1,14
2018-01-05,48.51538281079377,1,14
2018-01-06,53.087288889746794,1,14
2018-01-07,55.33047743548706,1,14
2018-01-08,35.716717031457144,1,14
2018-01-09,41.82660347710182,1,14
2018-01-10,42.08911480717205,1,14
2018-01-11,44.70128635883496,1,14
2018-01-12,47.415165589286715,1,14
2018-01-13,52.039886610735294,1,14
2018-01-14,54.3690527487955,1,14
2018-01-15,34.8735158018315,1,14
2018-01-16,41.13213536234518,1,14
2018-01-17,41.57138721537098,1,14
2018-01-18,44.38510972362414,1,14
2018-01-19,47.321545967871856,1,14
2018-01-20,52.18551930198271,1,14
2018-01-21,54.76592801024206,1,14
2018-01-22,35.52864487906331,1,14
2018-01-23,42.047402007476904,1,14
2018-01-24,42.74352673542451,1,14
2018-01-25,45.80581444677262,1,14
2018-01-26,48.97769292034406,1,14
2018-01-27,54.05951293051552,1,14
2018-01-28,56.83614803231019,1,14
2018-01-29,37.76998686785147,1,14
2018-01-30,44.43189617304007,1,14
2018-01-01,55.24028759633486,1,15
2018-01-02,65.71449504316752,1,15
2018-01-03,65.94347394740444,1,15
2018-01-04,71.12086683013021,1,15
2018-01-05,76.84801264170983,1,15
2018-01-06,80.93401539787445,1,15
2018-01-07,87.16946445879655,1,15
2018-01-08,54.92874323411972,1,15
2018-01-09,65.21532175555922,1,15
2018-01-10,65.29036779652134,1,15
2018-01-11,70.3509616221287,1,15
2018-01-12,76.00067908911758,1,15
2018-01-13,80.04966522048642,1,15
2018-01-14,86.28839106084979,1,15
2018-01-15,54.09002840883283,1,15
2018-01-16,64.45583494222006,1,15
2018-01-17,64.64388085549786,1,15
2018-01-18,69.847398009486,1,15
2018-01-19,75.66551183859812,1,15
2018-01-20,79.90347340675478,1,15
2018-01-21,86.3465795697836,1,15
2018-01-22,54.362711013426164,1,15
2018-01-23,64.94787601918661,1,15
2018-01-24,65.35508669915174,1,15
2018-01-25,70.77284473130919,1,15
2018-01-26,76.79599337959243,1,15
2018-01-27,81.22605032860258,1,15
2018-01-28,87.84520708854002,1,15
2018-01-29,56.01892325266944,1,15
2018-01-30,66.74150270090624,1,15
2018-01-01,14.932665617013738,1,16
2018-01-02,18.179125001431267,1,16
2018-01-03,18.246027681354846,1,16
2018-01-04,19.807398449497455,1,16
2018-01-05,21.01107786341894,1,16
2018-01-06,23.426641840630737,1,16
2018-01-07,23.6848687316034,1,16
2018-01-08,14.332328348051025,1,16
2018-01-09,17.56087092815831,1,16
2018-01-10,17.626745287457126,1,16
2018-01-11,19.20410443419035,1,16
2018-01-12,20.440469610926574,1,16
2018-01-13,22.904677351116042,1,16
2018-01-14,23.22638380047621,1,16
2018-01-15,13.950699387697528,1,16
2018-01-16,17.26773025318341,1,16
2018-01-17,17.431753983088576,1,16
2018-01-18,19.114786148094943,1,16
2018-01-19,20.462106806096696,1,16
2018-01-20,23.04026978232702,1,16
2018-01-21,23.476667280263037,1,16
2018-01-22,14.314221334648181,1,16
2018-01-23,17.74097710832383,1,16
2018-01-24,18.009324372087463,1,16
2018-01-25,19.789602688009182,1,16
2018-01-26,21.225658724084262,1,16
2018-01-27,23.882878043980906,1,16
2018-01-28,24.387763719214753,1,16
2018-01-29,15.282633331383096,1,16
2018-01-30,18.75520966964994,1,16
2018-01-01,19.91746771500401,1,17
2018-01-02,23.088385999645443,1,17
2018-01-03,24.19437174222243,1,17
2018-01-04,25.19362220176562,1,17
2018-01-05,27.80067597130385,1,17
2018-01-06,29.40071895963365,1,17
2018-01-07,31.298547327043817,1,17
2018-01-08,19.591750593564804,1,17
2018-01-09,22.74143389859689,1,17
2018-01-10,23.840048658499267,1,17
2018-01-11,24.845874069135654,1,17
2018-01-12,27.473084974087097,1,17
2018-01-13,29.106086387404176,1,17
2018-01-14,31.04851635491918,1,17
2018-01-15,19.396478969683194,1,17
2018-01-16,22.609324852959134,1,17
2018-01-17,23.777546467570687,1,17
2018-01-18,24.857328673263133,1,17
2018-01-19,27.56068791217001,1,17
2018-01-20,29.269878146036675,1,17
2018-01-21,31.28646309247668,1,17
2018-01-22,19.704614529674508,1,17
2018-01-23,22.9819520856764,1,17
2018-01-24,24.207490186596075,1,17
2018-01-25,25.33623113311316,1,17
2018-01-26,28.0793365431975,1,17
2018-01-27,29.818554455960086,1,17
2018-01-28,31.855301159026595,1,17
2018-01-29,20.283957380589513,1,17
2018-01-30,23.56269448738611,1,17
2018-01-01,51.58198413491062,1,18
2018-01-02,62.356537577804545,1,18
2018-01-03,61.54657966496222,1,18
2018-01-04,66.65741525415712,1,18
2018-01-05,72.85619986567745,1,18
2018-01-06,77.79746979745475,1,18
2018-01-07,82.62297392638885,1,18
2018-01-08,51.247150181748694,1,18
2018-01-09,61.8637449630542,1,18
2018-01-10,60.92071049471103,1,18
2018-01-11,65.92672347946053,1,18
2018-01-12,72.0513613775753,1,18
2018-01-13,76.95061572917459,1,18
2018-01-14,81.76673344186452,1,18
2018-01-15,50.413727902669464,1,18
2018-01-16,61.0840564073451,1,18
2018-01-17,60.223596536200155,1,18
2018-01-18,65.33826196403001,1,18
2018-01-19,71.59429074199824,1,18
2018-01-20,76.64388186040811,1,18
2018-01-21,81.62516719945272,1,18
2018-01-22,50.447856811586966,1,18
2018-01-23,61.30005013100644,1,18
2018-01-24,60.62334196121604,1,18
2018-01-25,65.91956018069925,1,18
2018-01-26,72.35116497605449,1,18
2018-01-27,77.56698259279932,1,18
2018-01-28,82.7022583647611,1,18
2018-01-29,51.664365157811815,1,18
2018-01-30,62.63965858149567,1,18
2018-01-01,25.24505749730047,1,19
2018-01-02,29.93121026792198,1,19
2018-01-03,30.650991238611862,1,19
2018-01-04,31.885374526523464,1,19
2018-01-05,34.206648895744664,1,19
2018-01-06,37.48996439778318,1,19
2018-01-07,39.832780669990065,1,19
2018-01-08,25.0498448915033,1,19
2018-01-09,29.71320067837994,1,19
2018-01-10,30.421261678907857,1,19
2018-01-11,31.65544226941112,1,19
2018-01-12,33.988081634092175,1,19
2018-01-13,37.29401248760289,1,19
2018-01-14,39.670041074510635,1,19
2018-01-15,24.92996513417915,1,19
2018-01-16,29.644629600915962,1,19
2018-01-17,30.411052139120066,1,19
2018-01-18,31.709109153635463,1,19
2018-01-19,34.10951675691628,1,19
2018-01-20,37.485456160238144,1,19
2018-01-21,39.93210839758708,1,19
2018-01-22,25.26172345941016,1,19
2018-01-23,30.043722156823392,1,19
2018-01-24,30.873861566032886,1,19
2018-01-25,32.23095367827362,1,19
2018-01-26,34.68487097981492,1,19
2018-01-27,38.10818794954562,1,19
2018-01-28,40.59572318517899,1,19
2018-01-29,25.959607323240316,1,19
2018-01-30,30.769375432401464,1,19
2018-01-01,29.25435551620283,1,20
2018-01-02,34.736954886819355,1,20
2018-01-03,34.97444642182893,1,20
2018-01-04,37.28866989534325,1,20
2018-01-05,39.37471220133531,1,20
2018-01-06,43.00816784737112,1,20
2018-01-07,45.95316025509028,1,20
2018-01-08,28.65285199539523,1,20
2018-01-09,34.13229922872311,1,20
2018-01-10,34.37762972858908,1,20
2018-01-11,36.71051173674454,1,20
2018-01-12,38.82557828991459,1,20
2018-01-13,42.4977312864906,1,20
2018-01-14,45.490210985888034,1,20
2018-01-15,28.245157154291014,1,20
2018-01-16,33.786515201515066,1,20
2018-01-17,34.09926481598831,1,20
2018-01-18,36.50393658670526,1,20
2018-01-19,38.69407966235788,1,20
2018-01-20,42.44360334159896,1,20
2018-01-21,45.51487717089878,1,20
2018-01-22,28.349314934237185,1,20
2018-01-23,33.97029536057762,1,20
2018-01-24,34.362396854438316,1,20
2018-01-25,36.84591185720012,1,20
2018-01-26,39.11430431406312,1,20
2018-01-27,42.94153385329708,1,20
2018-01-28,46.09013222035566,1,20
2018-01-29,29.001758536988604,1,20
2018-01-30,34.70008756531402,1,20
2018-01-01,24.09655868451719,1,21
2018-01-02,29.405219293687395,1,21
2018-01-03,28.794202623298514,1,21
2018-01-04,32.37891470438281,1,21
2018-01-05,33.925832669364894,1,21
2018-01-06,36.32820447735976,1,21
2018-01-07,38.659641105697105,1,21
2018-01-08,24.09401556146854,1,21
2018-01-09,29.33363613624492,1,21
2018-01-10,28.658895569853662,1,21
2018-01-11,32.18702466812915,1,21
2018-01-12,33.68609745717767,1,21
2018-01-13,36.05070751847475,1,21
2018-01-14,38.35554254435522,1,21
2018-01-15,23.77527164138206,1,21
2018-01-16,29.012712854730808,1,21
2018-01-17,28.34848251072486,1,21
2018-01-18,31.899754736311877,1,21
2018-01-19,33.434277944045476,1,21
2018-01-20,35.8460675312001,1,21
2018-01-21,38.209001348010226,1,21
2018-01-22,23.696731898647442,1,21
2018-01-23,29.01088212164568,1,21
2018-01-24,28.43072566793945,1,21
2018-01-25,32.07197932309845,1,21
2018-01-26,33.70085362877539,1,21
2018-01-27,36.20978021575669,1,21
2018-01-28,38.671041676227674,1,21
2018-01-29,24.25671723960666,1,21
2018-01-30,29.666910435766027,1,21
2018-01-01,49.50168607195638,1,22
2018-01-02,59.01484771136174,1,22
2018-01-03,60.153751806055624,1,22
2018-01-04,64.02525718539451,1,22
2018-01-05,68.13875081200487,1,22
2018-01-06,73.77461360068895,1,22
2018-01-07,79.39780133075136,1,22
2018-01-08,48.958492579090056,1,22
2018-01-09,58.302462310919,1,22
2018-01-10,59.306194294231474,1,22
2018-01-11,63.080123738521756,1,22
2018-01-12,67.13602019673753,1,22
2018-01-13,72.75543646671765,1,22
2018-01-14,78.40330518930558,1,22
2018-01-15,48.028633834725035,1,22
2018-01-16,57.47495466149891,1,22
2018-01-17,58.61554001716675,1,22
2018-01-18,62.5567709229437,1,22
2018-01-19,66.80566497097897,1,22
2018-01-20,72.63848482139286,1,22
2018-01-21,78.51450424177219,1,22
2018-01-22,48.37687745173812,1,22
2018-01-23,58.06326339692545,1,22
2018-01-24,59.44121046159217,1,22
2018-01-25,63.61168494108318,1,22
2018-01-26,68.07674503949954,1,22
2018-01-27,74.1082778927222,1,22
2018-01-28,80.16187333938026,1,22
2018-01-29,50.17777763910546,1,22
2018-01-30,59.99157690663017,1,22
2018-01-01,18.281455478972184,1,23
2018-01-02,22.025318493546628,1,23
2018-01-03,22.52250013205057,1,23
2018-01-04,23.711243705930293,1,23
2018-01-05,25.843888885315707,1,23
2018-01-06,28.215548490921474,1,23
2018-01-07,29.50502514907479,1,23
2018-01-08,18.741553883992943,1,23
2018-01-09,22.368431531923328,1,23
2018-01-10,22.751519343147176,1,23
2018-01-11,23.832034674125797,1,23
2018-01-12,25.864957286038223,1,23
2018-01-13,28.147652788407715,1,23
2018-01-14,29.36074790661209,1,23
2018-01-15,18.534844475913395,1,23
2018-01-16,22.114133518846792,1,23
2018-01-17,22.464895880659785,1,23
2018-01-18,23.528305069593387,1,23
2018-01-19,25.558857211414505,1,23
2018-01-20,27.853029717340696,1,23
2018-01-21,29.090202102818147,1,23
2018-01-22,18.299424352601385,1,23
2018-01-23,21.923092461864155,1,23
2018-01-24,22.325515728990908,1,23
2018-01-25,23.445789432218472,1,23
2018-01-26,25.536295724646344,1,23
2018-01-27,27.89143227178485,1,23
2018-01-28,29.188600049594186,1,23
2018-01-29,18.455033793405676,1,23
2018-01-30,22.131532985491503,1,23
2018-01-01,37.450060868764965,1,24
2018-01-02,45.73777533162206,1,24
2018-01-03,45.789660492204774,1,24
2018-01-04,49.47333105753954,1,24
2018-01-05,53.97929205923393,1,24
2018-01-06,57.605136364796685,1,24
2018-01-07,62.288078934376195,1,24
2018-01-08,38.39564380376925,1,24
2018-01-09,46.76835056262837,1,24
2018-01-10,46.89478171034724,1,24
2018-01-11,50.64103788898684,1,24
2018-01-12,55.19619556438796,1,24
2018-01-13,58.85657965666613,1,24
2018-01-14,63.5583690049366,1,24
2018-01-15,39.66834803176066,1,24
2018-01-16,48.02664898267432,1,24
2018-01-17,48.12186403118319,1,24
2018-01-18,51.82053251952961,1,24
2018-01-19,56.312616598856245,1,24
2018-01-20,59.89577692033771,1,24
2018-01-21,64.5079659005419,1,24
2018-01-22,40.51815205997046,1,24
2018-01-23,48.76902043855101,1,24
2018-01-24,48.7520294761955,1,24
2018-01-25,52.33683116693325,1,24
2018-01-26,56.71666967584335,1,24
2018-01-27,60.192572328672334,1,24
2018-01-28,64.70585301218782,1,24
2018-01-29,40.62874418544399,1,24
2018-01-30,48.80700530127922,1,24
2018-01-01,48.33111870309192,1,25
2018-01-02,58.68554212556122,1,25
2018-01-03,57.821453808568464,1,25
2018-01-04,62.40773917778592,1,25
2018-01-05,66.86145990797391,1,25
2018-01-06,71.64238091536126,1,25
2018-01-07,77.4555787326551,1,25
2018-01-08,47.63477263426075,1,25
2018-01-09,57.94831389912244,1,25
2018-01-10,57.068964431779186,1,25
2018-01-11,61.665902271032294,1,25
2018-01-12,66.15560725733755,1,25
2018-01-13,70.9964553503421,1,25
2018-01-14,76.89141585841146,1,25
2018-01-15,47.17148964638982,1,25
2018-01-16,57.60181996097418,1,25
2018-01-17,56.85160302055252,1,25
2018-01-18,61.586231617265526,1,25
2018-01-19,66.21832064557894,1,25
2018-01-20,71.20243873889952,1,25
2018-01-21,77.23793614186444,1,25
2018-01-22,47.65250303821999,1,25
2018-01-23,58.20838652796132,1,25
2018-01-24,57.57239044161062,1,25
2018-01-25,62.408088852773275,1,25
2018-01-26,67.1269004428267,1,25
2018-01-27,72.18284681280272,1,25
2018-01-28,78.27538447109941,1,25
2018-01-29,48.732945015764706,1,25
2018-01-30,59.319112671100484,1,25
2018-01-01,28.13767074083201,1,26
2018-01-02,34.66942289322678,1,26
2018-01-03,34.323284327086114,1,26
2018-01-04,37.42169034821068,1,26
2018-01-05,39.36254288825269,1,26
2018-01-06,43.44361383301344,1,26
2018-01-07,45.92907658102049,1,26
2018-01-08,28.020450169362896,1,26
2018-01-09,34.51849630562819,1,26
2018-01-10,34.15985996505786,1,26
2018-01-11,37.26744579048719,1,26
2018-01-12,39.23886886709624,1,26
2018-01-13,43.37089974789512,1,26
2018-01-14,45.92605702896313,1,26
2018-01-15,28.10362949104122,1,26
2018-01-16,34.70166540222533,1,26
2018-01-17,34.453716562927546,1,26
2018-01-18,37.67932600994387,1,26
2018-01-19,39.77259449108294,1,26
2018-01-20,44.026742084523846,1,26
2018-01-21,46.700814822541204,1,26
2018-01-22,28.99081505372631,1,26
2018-01-23,35.6917901072341,1,26
2018-01-24,35.53466413761193,1,26
2018-01-25,38.83679976843091,1,26
2018-01-26,40.990622805729174,1,26
2018-01-27,45.28822506013469,1,26
2018-01-28,47.98809433129913,1,26
2018-01-29,30.28625002959443,1,26
2018-01-30,36.978319275920164,1,26
2018-01-01,13.246822062232805,1,27
2018-01-02,16.42900750393231,1,27
2018-01-03,16.249059816836606,1,27
2018-01-04,17.603852381233544,1,27
2018-01-05,19.571941903582232,1,27
2018-01-06,19.64969056136878,1,27
2018-01-07,21.10766882005163,1,27
2018-01-08,12.918299898395363,1,27
2018-01-09,16.065641345819195,1,27
2018-01-10,15.865845229802957,1,27
2018-01-11,17.2161817197546,1,27
2018-01-12,19.195077115855042,1,27
2018-01-13,19.298253384062797,1,27
2018-01-14,20.795163509816867,1,27
2018-01-15,12.656682529358699,1,27
2018-01-16,15.864948181369728,1,27
2018-01-17,15.733890799514269,1,27
2018-01-18,17.15833505234686,1,27
2018-01-19,19.21412216275624,1,27
2018-01-20,19.394337084831168,1,27
2018-01-21,20.965832277950575,1,27
2018-01-22,12.897005251664282,1,27
2018-01-23,16.167721206556124,1,27
2018-01-24,16.0899179165,1,27
2018-01-25,17.556773200384807,1,27
2018-01-26,19.642881638060963,1,27
2018-01-27,19.840523371694214,1,27
2018-01-28,21.41621538176528,1,27
2018-01-29,13.33850158626138,1,27
2018-01-30,16.587872709715676,1,27
2018-01-01,54.55023435140789,1,28
2018-01-02,65.03119846714947,1,28
2018-01-03,64.91958379796527,1,28
2018-01-04,70.19274834584621,1,28
2018-01-05,74.9552925061441,1,28
2018-01-06,80.95205529299824,1,28
2018-01-07,85.92031114635093,1,28
2018-01-08,53.633933857862466,1,28
2018-01-09,64.09355770455733,1,28
2018-01-10,63.99660809269507,1,28
2018-01-11,69.32036196537813,1,28
2018-01-12,74.16820697188679,1,28
2018-01-13,80.28271206959971,1,28
2018-01-14,85.3979266423935,1,28
2018-01-15,53.28367115372653,1,28
2018-01-16,63.935845292349626,1,28
2018-01-17,64.04662130071664,1,28
2018-01-18,69.58767777670987,1,28
2018-01-19,74.65663778352456,1,28
2018-01-20,80.99031871784734,1,28
2018-01-21,86.31720589431097,1,28
2018-01-22,54.40190797114106,1,28
2018-01-23,65.23561565423458,1,28
2018-01-24,65.5064273354662,1,28
2018-01-25,71.18269352142714,1,28
2018-01-26,76.35954113366049,1,28
2018-01-27,82.77218313050528,1,28
2018-01-28,88.14842419884752,1,28
2018-01-29,56.253120252302665,1,28
2018-01-30,67.07861359177399,1,28
2018-01-01,43.55229109767195,1,29
2018-01-02,51.064734311655194,1,29
2018-01-03,51.87217298408341,1,29
2018-01-04,56.005395493308455,1,29
2018-01-05,59.26751788356644,1,29
2018-01-06,64.42030740472546,1,29
2018-01-07,68.32122419296232,1,29
2018-01-08,43.55743695675105,1,29
2018-01-09,51.00462777251505,1,29
2018-01-10,51.7676600004967,1,29
2018-01-11,55.87825176321057,1,29
2018-01-12,59.13959666579347,1,29
2018-01-13,64.31273040444744,1,29
2018-01-14,68.25363898848444,1,29
2018-01-15,43.547361796262905,1,29
2018-01-16,51.06690136572408,1,29
2018-01-17,51.914010272687975,1,29
2018-01-18,56.116993537864786,1,29
2018-01-19,59.47546402300307,1,29
2018-01-20,64.74684514911574,1,29
2018-01-21,68.78361238664657,1,29
2018-01-22,44.16752262188386,1,29
2018-01-23,51.76863946783877,1,29
2018-01-24,52.686221428024865,1,29
2018-01-25,56.946608399791245,1,29
2018-01-26,60.34804159061848,1,29
2018-01-27,65.64720942952579,1,29
2018-01-28,69.69650984785034,1,29
2018-01-29,45.07827766501248,1,29
2018-01-30,52.663785480309635,1,29
2018-01-01,24.930333554789044,1,30
2018-01-02,29.822469607407598,1,30
2018-01-03,29.799696671140133,1,30
2018-01-04,32.32892135765533,1,30
2018-01-05,34.647639855085785,1,30
2018-01-06,37.66452928855658,1,30
2018-01-07,40.020427992783304,1,30
2018-01-08,25.240712582085724,1,30
2018-01-09,30.037769124070532,1,30
2018-01-10,29.926583021153483,1,30
2018-01-11,32.37686695479157,1,30
2018-01-12,34.62851450739681,1,30
2018-01-13,37.59214374060603,1,30
2018-01-14,39.91004310151826,1,30
2018-01-15,25.1085282169085,1,30
2018-01-16,29.90040716689623,1,30
2018-01-17,29.800578735495463,1,30
2018-01-18,32.27818249752377,1,30
2018-01-19,34.5720874919535,1,30
2018-01-20,37.591482550269305,1,30
2018-01-21,39.97687913442748,1,30
2018-01-22,25.25253346276292,1,30
2018-01-23,30.128983523289968,1,30
2018-01-24,30.118723323092805,1,30
2018-01-25,32.68843099252753,1,30
2018-01-26,35.07453522200093,1,30
2018-01-27,38.18388086298131,1,30
2018-01-28,40.65480240550751,1,30
2018-01-29,26.00961012702218,1,30
2018-01-30,30.9571827368502,1,30
2018-01-01,34.555957921171,1,31
2018-01-02,41.89835352708125,1,31
2018-01-03,42.161234577018284,1,31
2018-01-04,45.03198120219939,1,31
2018-01-05,48.582514156779034,1,31
2018-01-06,51.608872808511805,1,31
2018-01-07,56.41653185431561,1,31
2018-01-08,34.15196124599069,1,31
2018-01-09,41.551211123481124,1,31
2018-01-10,41.88911783661442,1,31
2018-01-11,44.85153236055164,1,31
2018-01-12,48.508237173898664,1,31
2018-01-13,51.65260635988288,1,31
2018-01-14,56.58701909561286,1,31
2018-01-15,34.45452797371468,1,31
2018-01-16,41.98756061656232,1,31
2018-01-17,42.457247131117896,1,31
2018-01-18,45.54577107891235,1,31
2018-01-19,49.319406409126344,1,31
2018-01-20,52.56829160243883,1,31
2018-01-21,57.59194788835724,1,31
2018-01-22,35.53103997677138,1,31
2018-01-23,43.116155145823825,1,31
2018-01-24,43.6171910674132,1,31
2018-01-25,46.715748392394275,1,31
2018-01-26,50.47818944340879,1,31
2018-01-27,53.69541374697848,1,31
2018-01-28,58.668357339911246,1,31
2018-01-29,36.53971495188934,1,31
2018-01-30,44.04266212501116,1,31
2018-01-01,27.344411480055996,1,32
2018-01-02,31.813747027929153,1,32
2018-01-03,31.964375818617214,1,32
2018-01-04,33.94145732720566,1,32
2018-01-05,37.09093335400901,1,32
2018-01-06,39.59784386197423,1,32
2018-01-07,41.89318001874522,1,32
2018-01-08,27.09590058726426,1,32
2018-01-09,31.550315356533964,1,32
2018-01-10,31.697576191218165,1,32
2018-01-11,33.68393401589165,1,32
2018-01-12,36.855981718481274,1,32
2018-01-13,39.398966527495105,1,32
2018-01-14,41.74365167559202,1,32
2018-01-15,27.00835297402723,1,32
2018-01-16,31.536353175304633,1,32
2018-01-17,31.76743362189975,1,32
2018-01-18,33.84618018010016,1,32
2018-01-19,37.11728193204752,1,32
2018-01-20,39.763904515295806,1,32
2018-01-21,42.21461615246442,1,32
2018-01-22,27.585490167658783,1,32
2018-01-23,32.217585033477455,1,32
2018-01-24,32.54853965351559,1,32
2018-01-25,34.72093917748212,1,32
2018-01-26,38.07766825265918,1,32
2018-01-27,40.80033220733159,1,32
2018-01-28,43.3162230219161,1,32
2018-01-29,28.740452937820436,1,32
2018-01-30,33.413456058013935,1,32
2018-01-01,44.299634827485264,1,33
2018-01-02,52.53779536481647,1,33
2018-01-03,52.43399557949069,1,33
2018-01-04,56.119841487107664,1,33
2018-01-05,60.767015949768584,1,33
2018-01-06,65.00357453719087,1,33
2018-01-07,68.1206954525541,1,33
2018-01-08,43.736617235653085,1,33
2018-01-09,51.840213317655945,1,33
2018-01-10,51.62689345060755,1,33
2018-01-11,55.229564594481786,1,33
2018-01-12,59.82039813270657,1,33
2018-01-13,64.0271738332237,1,33
2018-01-14,67.14009737078179,1,33
2018-01-15,42.775822256884254,1,33
2018-01-16,50.9211219975819,1,33
2018-01-17,50.76889896979848,1,33
2018-01-18,54.449258895122355,1,33
2018-01-19,59.13139402488965,1,33
2018-01-20,63.4400417518135,1,33
2018-01-21,66.66241192970928,1,33
2018-01-22,42.41231047872108,1,33
2018-01-23,50.67390218780732,1,33
2018-01-24,50.63779673008577,1,33
2018-01-25,54.43218479740489,1,33
2018-01-26,59.224766040333584,1,33
2018-01-27,63.63923468092014,1,33
2018-01-28,66.96221581751092,1,33
2018-01-29,42.80738032387136,1,33
2018-01-30,51.159182133807036,1,33
2018-01-01,15.945406443854377,1,34
2018-01-02,19.014956349848056,1,34
2018-01-03,19.073506604305294,1,34
2018-01-04,20.922525391626692,1,34
2018-01-05,22.19456878201124,1,34
2018-01-06,23.885448917306007,1,34
2018-01-07,25.83055849755518,1,34
2018-01-08,15.978972091391952,1,34
2018-01-09,19.006741222103035,1,34
2018-01-10,19.02412908589536,1,34
2018-01-11,20.833824763283467,1,34
2018-01-12,22.069544023959057,1,34
2018-01-13,23.72817728638867,1,34
2018-01-14,25.646095098935454,1,34
2018-01-15,15.773232014942279,1,34
2018-01-16,18.786366155521883,1,34
2018-01-17,18.796340644902067,1,34
2018-01-18,20.606267083851762,1,34
2018-01-19,21.850118435465006,1,34
2018-01-20,23.524872117400683,1,34
2018-01-21,25.466813852173523,1,34
2018-01-22,15.625623275191346,1,34
2018-01-23,18.677658658853925,1,34
2018-01-24,18.733186931040215,1,34
2018-01-25,20.59459907389054,1,34
2018-01-26,21.89501811950879,1,34
2018-01-27,23.63046030226143,1,34
2018-01-28,25.63615960681252,1,34
2018-01-29,15.860676327605166,1,34
2018-01-30,18.979206544625434,1,34
2018-01-01,40.06961816583508,1,35
2018-01-02,47.759950437591705,1,35
2018-01-03,47.91508075307638,1,35
2018-01-04,51.662717575846074,1,35
2018-01-05,55.68145437133368,1,35
2018-01-06,59.819011427350176,1,35
2018-01-07,63.930928124490265,1,35
2018-01-08,40.24185066949322,1,35
2018-01-09,47.90820824735587,1,35
2018-01-10,48.04671637238381,1,35
2018-01-11,51.78607176626002,1,35
2018-01-12,55.80549239440943,1,35
2018-01-13,59.95297651189536,1,35
2018-01-14,64.08402077657477,1,35
2018-01-15,40.42294107927811,1,35
2018-01-16,48.12558754375027,1,35
2018-01-17,48.307890889184335,1,35
2018-01-18,52.09760285997939,1,35
2018-01-19,56.172882749921996,1,35
2018-01-20,60.38060233206258,1,35
2018-01-21,64.5751078246611,1,35
2018-01-22,40.97958126423215,1,35
2018-01-23,48.74879164599739,1,35
2018-01-24,48.9976721392143,1,35
2018-01-25,52.85308542773988,1,35
2018-01-26,56.99242878555757,1,35
2018-01-27,61.26195102519803,1,35
2018-01-28,65.51552000885896,1,35
2018-01-29,41.97598337989048,1,35
2018-01-30,49.797913360373485,1,35
2018-01-01,46.521151376382754,1,36
2018-01-02,55.223370717867255,1,36
2018-01-03,55.329758016188265,1,36
2018-01-04,59.732265681298685,1,36
2018-01-05,65.00620140027316,1,36
2018-01-06,69.1912484420115,1,36
2018-01-07,72.8487272956811,1,36
2018-01-08,45.75317554038197,1,36
2018-01-09,54.29698064682899,1,36
2018-01-10,54.282667379468734,1,36
2018-01-11,58.60482645248526,1,36
2018-01-12,63.840105611597025,1,36
2018-01-13,68.02824583528462,1,36
2018-01-14,71.72939423197872,1,36
2018-01-15,44.715768256251515,1,36
2018-01-16,53.376402789698915,1,36
2018-01-17,53.50957782362765,1,36
2018-01-18,58.00490880541843,1,36
2018-01-19,63.433515711292074,1,36
2018-01-20,67.82924805851806,1,36
2018-01-21,71.74619174552548,1,36
2018-01-22,44.95052660698921,1,36
2018-01-23,53.82546061390569,1,36
2018-01-24,54.16383311244733,1,36
2018-01-25,58.85036424713107,1,36
2018-01-26,64.4519622713427,1,36
2018-01-27,68.99906227830404,1,36
2018-01-28,73.04321933111267,1,36
2018-01-29,46.349022821586786,1,36
2018-01-30,55.29905682220186,1,36
2018-01-01,16.998109498389113,1,37
2018-01-02,20.72257807287192,1,37
2018-01-03,20.642985245233717,1,37
2018-01-04,22.614517422459805,1,37
2018-01-05,24.11324666087193,1,37
2018-01-06,25.672460817005994,1,37
2018-01-07,27.464968466154883,1,37
2018-01-08,16.992582426871664,1,37
2018-01-09,20.787470107165646,1,37
2018-01-10,20.78084071526932,1,37
2018-01-11,22.825731445379777,1,37
2018-01-12,24.39602829721582,1,37
2018-01-13,26.022876442875646,1,37
2018-01-14,27.877062996458687,1,37
2018-01-15,17.458573550933274,1,37
2018-01-16,21.29800840149932,1,37
2018-01-17,21.325326448986363,1,37
2018-01-18,23.392677149341445,1,37
2018-01-19,24.973454780887543,1,37
2018-01-20,26.598728949965846,1,37
2018-01-21,28.43963362042326,1,37
2018-01-22,17.9969158964105,1,37
2018-01-23,21.80233078058995,1,37
2018-01-24,21.78735062675144,1,37
2018-01-25,23.805950778568075,1,37
2018-01-26,25.33360715273764,1,37
2018-01-27,26.90366148928301,1,37
2018-01-28,28.6896386127952,1,37
2018-01-29,18.194719187842715,1,37
2018-01-30,21.95305656642259,1,37
2018-01-01,49.83045524462223,1,38
2018-01-02,58.38796190602396,1,38
2018-01-03,59.63062184859948,1,38
2018-01-04,64.15292005691323,1,38
2018-01-05,69.3595375867699,1,38
2018-01-06,73.2682261326698,1,38
2018-01-07,78.27610973579525,1,38
2018-01-08,49.82787517335769,1,38
2018-01-09,58.41761129775193,1,38
2018-01-10,59.70784904046408,1,38
2018-01-11,64.29181241354931,1,38
2018-01-12,69.57231653773262,1,38
2018-01-13,73.5647446178602,1,38
2018-01-14,78.66346519733072,1,38
2018-01-15,50.31014707038147,1,38
2018-01-16,58.995727787884675,1,38
2018-01-17,60.379583109005004,1,38
2018-01-18,65.05190346946839,1,38
2018-01-19,70.41270946836732,1,38
2018-01-20,74.47493461697042,1,38
2018-01-21,79.63093346541987,1,38
2018-01-22,51.32086981835194,1,38
2018-01-23,60.03473893264099,1,38
2018-01-24,61.43156967817142,1,38
2018-01-25,66.10181206829164,1,38
2018-01-26,71.44634220728686,1,38
2018-01-27,75.47951364484408,1,38
2018-01-28,80.59561465777954,1,38
2018-01-29,52.237188185423804,1,38
2018-01-30,60.89697085409368,1,38
2018-01-01,26.266080584765948,1,39
2018-01-02,31.658737557555725,1,39
2018-01-03,32.25748791243945,1,39
2018-01-04,33.975110460160565,1,39
2018-01-05,36.53627849260174,1,39
2018-01-06,39.347642233779254,1,39
2018-01-07,41.74671862460984,1,39
2018-01-08,25.40063410339176,1,39
2018-01-09,30.825948481438203,1,39
2018-01-10,31.48503824533727,1,39
2018-01-11,33.288841146160706,1,39
2018-01-12,35.9593855796148,1,39
2018-01-13,38.89997783976439,1,39
2018-01-14,41.444215349503196,1,39
2018-01-15,25.25486753679169,1,39
2018-01-16,30.843848100647506,1,39
2018-01-17,31.66875241321079,1,39
2018-01-18,33.63575723616899,1,39
2018-01-19,36.46230161625899,1,39
2018-01-20,39.547417577079344,1,39
2018-01-21,42.22087454891606,1,39
2018-01-22,26.14217546292212,1,39
2018-01-23,31.820625036236322,1,39
2018-01-24,32.7119413863673,1,39
2018-01-25,34.7212062266477,1,39
2018-01-26,37.56557130784167,1,39
2018-01-27,40.644589280033195,1,39
2018-01-28,43.28933323046011,1,39
2018-01-29,27.1613438817064,1,39
2018-01-30,32.7726267340805,1,39
2018-01-01,18.126510688494285,1,40
2018-01-02,21.307625448428603,1,40
2018-01-03,21.908824274655686,1,40
2018-01-04,23.856366533298285,1,40
2018-01-05,24.655829050308974,1,40
2018-01-06,27.285696861669123,1,40
2018-01-07,28.676896361880313,1,40
2018-01-08,18.081045845837636,1,40
2018-01-09,21.22605069036785,1,40
2018-01-10,21.796012996852852,1,40
2018-01-11,23.717731508045496,1,40
2018-01-12,24.49716505338915,1,40
2018-01-13,27.113034631252734,1,40
2018-01-14,28.49637069673226,1,40
2018-01-15,17.898779866804556,1,40
2018-01-16,21.04805749208886,1,40
2018-01-17,21.6281151359903,1,40
2018-01-18,23.565498035228877,1,40
2018-01-19,24.365865124761008,1,40
2018-01-20,27.007606151657424,1,40
2018-01-21,28.421401969146054,1,40
2018-01-22,17.858501863278015,1,40
2018-01-23,21.04634413060463,1,40
2018-01-24,21.668488846504374,1,40
2018-01-25,23.651137927921987,1,40
2018-01-26,24.49961522626995,1,40
2018-01-27,27.191981442310908,1,40
2018-01-28,28.658590319477188,1,40
2018-01-29,18.15036041652374,1,40
2018-01-30,21.394389185513816,1,40
2018-01-01,14.131943454171063,1,41
2018-01-02,16.711071844221376,1,41
2018-01-03,16.75697714262976,1,41
2018-01-04,17.61610197225214,1,41
2018-01-05,19.242586166405744,1,41
2018-01-06,20.77488231569594,1,41
2018-01-07,21.045170889775992,1,41
2018-01-08,12.99787483045208,1,41
2018-01-09,15.510691552395178,1,41
2018-01-10,15.52017352180724,1,41
2018-01-11,16.373465740075716,1,41
2018-01-12,18.024597869686513,1,41
2018-01-13,19.611119963777007,1,41
2018-01-14,19.963558072943783,1,41
2018-01-15,12.023988217671905,1,41
2018-01-16,14.66714477416244,1,41
2018-01-17,14.826092133184158,1,41
2018-01-18,15.844065292342187,1,41
2018-01-19,17.67087417440301,1,41
2018-01-20,19.43965749212701,1,41
2018-01-21,19.976459184504023,1,41
2018-01-22,12.218922644270597,1,41
2018-01-23,15.037515585932491,1,41
2018-01-24,15.361311369139736,1,41
2018-01-25,16.529929628339247,1,41
2018-01-26,18.49002849840197,1,41
2018-01-27,20.37213212472457,1,41
2018-01-28,21.00026477216413,1,41
2018-01-29,13.310685505674526,1,41
2018-01-30,16.173135532209606,1,41
2018-01-01,21.045151928345437,1,42
2018-01-02,24.882663517444527,1,42
2018-01-03,25.634924690189468,1,42
2018-01-04,27.339611909883953,1,42
2018-01-05,29.379316999854126,1,42
2018-01-06,31.477501911702586,1,42
2018-01-07,33.87088980289051,1,42
2018-01-08,21.413279193009423,1,42
2018-01-09,25.309737034008812,1,42
2018-01-10,26.115358427612097,1,42
2018-01-11,27.867067637477874,1,42
2018-01-12,29.946796733272357,1,42
2018-01-13,32.07747525128826,1,42
2018-01-14,34.495452269162165,1,42
2018-01-15,22.054336466799217,1,42
2018-01-16,25.959208984782588,1,42
2018-01-17,26.76539599834659,1,42
2018-01-18,28.510275073222942,1,42
2018-01-19,30.576451314744357,1,42
2018-01-20,32.68773663363843,1,42
2018-01-21,35.081553734168246,1,42
2018-01-22,22.612750866364856,1,42
2018-01-23,26.487782872594096,1,42
2018-01-24,27.26344638994055,1,42
2018-01-25,28.978644415603483,1,42
2018-01-26,31.01751754678161,1,42
2018-01-27,33.105376639187355,1,42
2018-01-28,35.48105998302064,1,42
2018-01-29,23.000702560043425,1,42
2018-01-30,26.871874409602903,1,42
2018-01-01,32.40171601032549,1,43
2018-01-02,37.23925109539752,1,43
2018-01-03,38.22144906150664,1,43
2018-01-04,40.631176455772874,1,43
2018-01-05,43.532413834604725,1,43
2018-01-06,46.4610401306405,1,43
2018-01-07,49.731215637359035,1,43
2018-01-08,31.65905076458256,1,43
2018-01-09,36.373490649458105,1,43
2018-01-10,37.25764945626446,1,43
2018-01-11,39.597052835297106,1,43
2018-01-12,42.45748571834802,1,43
2018-01-13,45.375757389665935,1,43
2018-01-14,48.6660891834554,1,43
2018-01-15,30.643811323500906,1,43
2018-01-16,35.43629772382047,1,43
2018-01-17,36.42437073463979,1,43
2018-01-18,38.89063192693379,1,43
2018-01-19,41.89741326313984,1,43
2018-01-20,44.9776573913287,1,43
2018-01-21,48.441428937097655,1,43
2018-01-22,30.599739654729586,1,43
2018-01-23,35.575612532697214,1,43
2018-01-24,36.74561314618201,1,43
2018-01-25,39.388300797643446,1,43
2018-01-26,42.56229047564004,1,43
2018-01-27,45.79723138137877,1,43
2018-01-28,49.4004013155614,1,43
2018-01-29,31.680597685652913,1,43
2018-01-30,36.75924865567656,1,43
2018-01-01,18.856836912400325,1,44
2018-01-02,22.46657316342155,1,44
2018-01-03,22.24309961672669,1,44
2018-01-04,24.502382418403247,1,44
2018-01-05,25.755846355419138,1,44
2018-01-06,27.6337247935395,1,44
2018-01-07,28.78164624214068,1,44
2018-01-08,18.687748738215205,1,44
2018-01-09,22.27043050417688,1,44
2018-01-10,22.03252352449926,1,44
2018-01-11,24.289835542343695,1,44
2018-01-12,25.55322403545894,1,44
2018-01-13,27.451990818473682,1,44
2018-01-14,28.63052248440998,1,44
2018-01-15,18.575465867531854,1,44
2018-01-16,22.2035448148675,1,44
2018-01-17,22.015802657900196,1,44
2018-01-18,24.326213613755776,1,44
2018-01-19,25.643824456221026,1,44
2018-01-20,27.596213002090895,1,44
2018-01-21,28.826186704340223,1,44
2018-01-22,18.819008846251016,1,44
2018-01-23,22.49025721793918,1,44
2018-01-24,22.3400985773188,1,44
2018-01-25,24.68192138122655,1,44
2018-01-26,26.024487742730262,1,44
2018-01-27,27.995391141437203,1,44
2018-01-28,29.2377435158749,1,44
2018-01-29,19.237379911051324,1,44
2018-01-30,22.91068655114229,1,44
2018-01-01,48.32669741386236,1,45
2018-01-02,57.84897441928349,1,45
2018-01-03,58.07700977996933,1,45
2018-01-04,61.85878660920497,1,45
2018-01-05,67.3801270892718,1,45
2018-01-06,71.43265521185427,1,45
2018-01-07,78.20291994774328,1,45
2018-01-08,48.350048051574156,1,45
2018-01-09,57.786425622810256,1,45
2018-01-10,57.94566000413369,1,45
2018-01-11,61.67722024741692,1,45
2018-01-12,67.16773541505106,1,45
2018-01-13,71.20899299452238,1,45
2018-01-14,77.9871134336945,1,45
2018-01-15,48.16026757680545,1,45
2018-01-16,57.63943343859745,1,45
2018-01-17,57.856441049766914,1,45
2018-01-18,61.65870067748672,1,45
2018-01-19,67.23059077857602,1,45
2018-01-20,71.36154514948005,1,45
2018-01-21,78.2353126473584,1,45
2018-01-22,48.50775387568409,1,45
2018-01-23,58.08766919749533,1,45
2018-01-24,58.4049050893459,1,45
2018-01-25,62.305132816240814,1,45
2018-01-26,67.97127487431214,1,45
2018-01-27,72.19161818247468,1,45
2018-01-28,79.14908732942834,1,45
2018-01-29,49.49904260857393,1,45
2018-01-30,59.15009790979003,1,45
2018-01-01,35.97186153269064,1,46
2018-01-02,42.62091710175831,1,46
2018-01-03,43.22292267887544,1,46
2018-01-04,47.00947745721236,1,46
2018-01-05,50.55267442373368,1,46
2018-01-06,53.313583692865876,1,46
2018-01-07,57.85672383390656,1,46
2018-01-08,36.24839113908511,1,46
2018-01-09,42.866066248138154,1,46
2018-01-10,43.44504582443192,1,46
2018-01-11,47.21674467811919,1,46
2018-01-12,50.75273774363404,1,46
2018-01-13,53.51330418054475,1,46
2018-01-14,58.06196539163747,1,46
2018-01-15,36.46388429819032,1,46
2018-01-16,43.09534266166739,1,46
2018-01-17,43.69044158797405,1,46
2018-01-18,47.47946819506075,1,46
2018-01-19,51.032995658499445,1,46
2018-01-20,53.81047699519197,1,46
2018-01-21,58.37482281305183,1,46
2018-01-22,36.790829183392674,1,46
2018-01-23,43.434671659641396,1,46
2018-01-24,44.04061024219935,1,46
2018-01-25,47.83934837122045,1,46
2018-01-26,51.40211368442478,1,46
2018-01-27,54.189221824525625,1,46
2018-01-28,58.76461480769636,1,46
2018-01-29,37.194241711600384,1,46
2018-01-30,43.85549956117654,1,46
2018-01-01,13.661566243166112,1,47
2018-01-02,16.240001753806183,1,47
2018-01-03,16.47786067689111,1,47
2018-01-04,17.708865859746574,1,47
2018-01-05,18.643402868105547,1,47
2018-01-06,19.831007071260434,1,47
2018-01-07,20.9936429258584,1,47
2018-01-08,13.415170666684176,1,47
2018-01-09,15.995164219833775,1,47
2018-01-10,16.245436680845856,1,47
2018-01-11,17.499475325997928,1,47
2018-01-12,18.46708904966561,1,47
2018-01-13,19.696924534449277,1,47
2018-01-14,20.90978286779728,1,47
2018-01-15,13.388130554910173,1,47
2018-01-16,16.029967313872675,1,47
2018-01-17,16.3454054393805,1,47
2018-01-18,17.666161064718025,1,47
2018-01-19,18.700258542699306,1,47
2018-01-20,19.994602592671924,1,47
2018-01-21,21.268348327922897,1,47
2018-01-22,13.802461616926912,1,47
2018-01-23,16.49363081294105,1,47
2018-01-24,16.850883465680795,1,47
2018-01-25,18.20510738279323,1,47
2018-01-26,19.26377653278243,1,47
2018-01-27,20.573535958550547,1,47
2018-01-28,21.853575596714542,1,47
2018-01-29,14.38518549992265,1,47
2018-01-30,17.06565379522924,1,47
2018-01-01,31.27578145419802,1,48
2018-01-02,37.844437509556315,1,48
2018-01-03,37.23314165872357,1,48
2018-01-04,40.530961458455444,1,48
2018-01-05,44.00413801274463,1,48
2018-01-06,46.38650516660983,1,48
2018-01-07,50.47325337731731,1,48
2018-01-08,31.33272854619032,1,48
2018-01-09,37.88356147844098,1,48
2018-01-10,37.26808747394057,1,48
2018-01-11,40.57543386099354,1,48
2018-01-12,44.071424587880784,1,48
2018-01-13,46.48903980799182,1,48
2018-01-14,50.622231019122765,1,48
2018-01-15,31.537780193528825,1,48
2018-01-16,38.152496525996995,1,48
2018-01-17,37.60670813366447,1,48
2018-01-18,40.987424281155455,1,48
2018-01-19,44.558315005213196,1,48
2018-01-20,47.050243890701424,1,48
2018-01-21,51.25515249350293,1,48
2018-01-22,32.23798295187689,1,48
2018-01-23,38.91393074074321,1,48
2018-01-24,38.42198348802533,1,48
2018-01-25,41.84812030787275,1,48
2018-01-26,45.45531772136984,1,48
2018-01-27,47.97409744690583,1,48
2018-01-28,52.19641441935839,1,48
2018-01-29,33.18757177816998,1,48
2018-01-30,39.86345529091476,1,48
2018-01-01,18.43619003715896,1,49
2018-01-02,21.495977133795808,1,49
2018-01-03,21.1638430862354,1,49
2018-01-04,23.970385492831237,1,49
2018-01-05,24.62650889033792,1,49
2018-01-06,26.479267531838378,1,49
2018-01-07,28.818296340384947,1,49
2018-01-08,18.02663952403907,1,49
2018-01-09,21.068987533133903,1,49
2018-01-10,20.73431902132166,1,49
2018-01-11,23.55313170019178,1,49
2018-01-12,24.235744462178232,1,49
2018-01-13,26.12817657828608,1,49
2018-01-14,28.51862764928185,1,49
2018-01-15,17.788366045310653,1,49
2018-01-16,20.900034475170788,1,49
2018-01-17,20.64036708453085,1,49
2018-01-18,23.537499555939384,1,49
2018-01-19,24.299352089347877,1,49
2018-01-20,26.26958856817134,1,49
2018-01-21,28.73417315859434,1,49
2018-01-22,18.072329786476544,1,49
2018-01-23,21.244911051813794,1,49
2018-01-24,21.037169164498764,1,49
2018-01-25,23.97610887852639,1,49
2018-01-26,24.768901165694444,1,49
2018-01-27,26.75886018633152,1,49
2018-01-28,29.232004462342964,1,49
2018-01-29,18.56800776832845,1,49
2018-01-30,21.728546774736724,1,49
2018-01-01,39.361000348764605,1,50
2018-01-02,47.178125766919706,1,50
2018-01-03,48.0540976178584,1,50
2018-01-04,51.156904143224125,1,50
2018-01-05,54.68023067087289,1,50
2018-01-06,59.51930039468425,1,50
2018-01-07,61.93739944682616,1,50
2018-01-08,39.03469833487077,1,50
2018-01-09,46.812834519645534,1,50
2018-01-10,47.66781714792828,1,50
2018-01-11,50.76885953601859,1,50
2018-01-12,54.31022188519947,1,50
2018-01-13,59.187066194744716,1,50
2018-01-14,61.662012165457725,1,50
2018-01-15,38.83400479053897,1,50
2018-01-16,46.7029566622031,1,50
2018-01-17,47.662723948116295,1,50
2018-01-18,50.88001932013741,1,50
2018-01-19,54.5463418218902,1,50
2018-01-20,59.55392303333268,1,50
2018-01-21,62.162375681650154,1,50
2018-01-22,39.4676527848621,1,50
2018-01-23,47.466777853369116,1,50
2018-01-24,48.55090276835446,1,50
2018-01-25,51.8842945167027,1,50
2018-01-26,55.65632894621968,1,50
2018-01-27,60.75748940370215,1,50
2018-01-28,63.44605526469282,1,50
2018-01-29,40.81708768501713,1,50
2018-01-30,48.86717273068899,1,50
2018-01-01,19.930542052770186,2,1
2018-01-02,23.016249592555777,2,1
2018-01-03,22.611881877622327,2,1
2018-01-04,25.15702745104131,2,1
2018-01-05,27.606776724844067,2,1
2018-01-06,29.012353111567265,2,1
2018-01-07,29.727943996590948,2,1
2018-01-08,19.75899621418018,2,1
2018-01-09,22.754010825280766,2,1
2018-01-10,22.270099169595227,2,1
2018-01-11,24.748463118985384,2,1
2018-01-12,27.14542574781018,2,1
2018-01-13,28.513056198901552,2,1
2018-01-14,29.20600400317931,2,1
2018-01-15,19.229806943202227,2,1
2018-01-16,22.232706477335995,2,1
2018-01-17,21.771231738232235,2,1
2018-01-18,24.28571392753509,2,1
2018-01-19,26.7313561088631,2,1
2018-01-20,28.15890089162548,2,1
2018-01-21,28.921509944710824,2,1
2018-01-22,19.02311811449133,2,1
2018-01-23,22.11029488918789,2,1
2018-01-24,21.737873020762507,2,1
2018-01-25,24.34450502838968,2,1
2018-01-26,26.88377161609486,2,1
2018-01-27,28.40488367935363,2,1
2018-01-28,29.259591187010113,2,1
2018-01-29,19.450561239116062,2,1
2018-01-30,22.623257748907886,2,1
2018-01-01,48.22141968092015,2,2
2018-01-02,58.651118962158584,2,2
2018-01-03,58.78742407916465,2,2
2018-01-04,63.499063229751826,2,2
2018-01-05,68.61748226372517,2,2
2018-01-06,72.06256185943114,2,2
2018-01-07,77.9381583705048,2,2
2018-01-08,47.54471288814051,2,2
2018-01-09,57.983260950352005,2,2
2018-01-10,58.156397132354684,2,2
2018-01-11,62.93296002578819,2,2
2018-01-12,68.14355001064479,2,2
2018-01-13,71.70630637122112,2,2
2018-01-14,77.72253279812591,2,2
2018-01-15,47.48941280037554,2,2
2018-01-16,58.10414387150613,2,2
2018-01-17,58.4650406054197,2,2
2018-01-18,63.43636789675192,2,2
2018-01-19,68.84401205770263,2,2
2018-01-20,72.6014117602758,2,2
2018-01-21,78.8053332727874,2,2
2018-01-22,48.748727136546,2,2
2018-01-23,59.52499107329017,2,2
2018-01-24,60.029185696090096,2,2
2018-01-25,65.12296107237013,2,2
2018-01-26,70.63029949783889,2,2
2018-01-27,74.46349460068535,2,2
2018-01-28,80.71895017426,2,2
2018-01-29,50.69003556439665,2,2
2018-01-30,61.47132282194351,2,2
2018-01-01,32.28189789691125,2,3
2018-01-02,37.993442428142515,2,3
2018-01-03,38.7799025941049,2,3
2018-01-04,41.44762619499491,2,3
2018-01-05,45.36681838331053,2,3
2018-01-06,48.501944537334744,2,3
2018-01-07,50.82156743480799,2,3
2018-01-08,32.03878535523103,2,3
2018-01-09,37.71005388978173,2,3
2018-01-10,38.476006182046504,2,3
2018-01-11,41.14409089437436,2,3
2018-01-12,45.0848437635658,2,3
2018-01-13,48.262306343382946,2,3
2018-01-14,50.643900997824744,2,3
2018-01-15,31.940927299225233,2,3
2018-01-16,37.70746057209245,2,3
2018-01-17,38.581264769284516,2,3
2018-01-18,41.366536013170375,2,3
2018-01-19,45.43028936849675,2,3
2018-01-20,48.732898905797285,2,3
2018-01-21,51.23809644455184,2,3
2018-01-22,32.653590422381654,2,3
2018-01-23,38.530081999539895,2,3
2018-01-24,39.50228712933699,2,3
2018-01-25,42.371777748271754,2,3
2018-01-26,46.50345183671759,2,3
2018-01-27,49.8561400381963,2,3
2018-01-28,52.39265236155687,2,3
2018-01-29,33.82042510966874,2,3
2018-01-30,39.69054443116147,2,3
2018-01-01,19.194984351130856,2,4
2018-01-02,22.55884587490622,2,4
2018-01-03,22.402273977229953,2,4
2018-01-04,23.613501790237578,2,4
2018-01-05,26.002548737855204,2,4
2018-01-06,27.229983941599563,2,4
2018-01-07,29.826179675198,2,4
2018-01-08,19.0573712957895,2,4
2018-01-09,22.442862043301744,2,4
2018-01-10,22.31819721552062,2,4
2018-01-11,23.57102095966696,2,4
2018-01-12,26.010422665425548,2,4
2018-01-13,27.29574429546598,2,4
2018-01-14,29.955885367075304,2,4
2018-01-15,19.255420234099788,2,4
2018-01-16,22.711864159401305,2,4
2018-01-17,22.65891072112474,2,4
2018-01-18,23.982351823705336,2,4
2018-01-19,26.48948538273382,2,4
2018-01-20,27.837980211059783,2,4
2018-01-21,30.55523317078587,2,4
2018-01-22,19.904531794302716,2,4
2018-01-23,23.40235766139623,2,4
2018-01-24,23.38165214308581,2,4
2018-01-25,24.727755144869864,2,4
2018-01-26,27.24782158461842,2,4
2018-01-27,28.599685108483495,2,4
2018-01-28,31.3112043860507,2,4
2018-01-29,20.646405753616783,2,4
2018-01-30,24.12275832015532,2,4
2018-01-01,14.686326271782569,2,5
2018-01-02,18.524877622032488,2,5
2018-01-03,18.728703433967297,2,5
2018-01-04,20.356083006896895,2,5
2018-01-05,22.21117447374044,2,5
2018-01-06,23.676615899964183,2,5
2018-01-07,25.981719769297143,2,5
2018-01-08,15.093862517465297,2,5
2018-01-09,18.966308516975406,2,5
2018-01-10,19.200024048482174,2,5
2018-01-11,20.852828485052285,2,5
2018-01-12,22.728456739741667,2,5
2018-01-13,24.2091776248371,2,5
2018-01-14,26.52400422148615,2,5
2018-01-15,15.640097457518824,2,5
2018-01-16,19.510601893856816,2,5
2018-01-17,19.73646892444704,2,5
2018-01-18,21.37561436281904,2,5
2018-01-19,23.23198429678382,2,5
2018-01-20,24.688173775561257,2,5
2018-01-21,26.97363443080474,2,5
2018-01-22,16.05607231483871,2,5
2018-01-23,19.889275122433126,2,5
2018-01-24,20.07492423830336,2,5
2018-01-25,21.671738886343423,2,5
2018-01-26,23.4845266185857,2,5
2018-01-27,24.896785109674994,2,5
2018-01-28,27.13889179017365,2,5
2018-01-29,16.179483055479807,2,5
2018-01-30,19.973262675326332,2,5
2018-01-01,48.570465019617295,2,6
2018-01-02,58.38488379276387,2,6
2018-01-03,58.330548310723074,2,6
2018-01-04,62.977707402183654,2,6
2018-01-05,67.84852555732219,2,6
2018-01-06,72.90220331390039,2,6
2018-01-07,77.81443902129948,2,6
2018-01-08,47.78049082068182,2,6
2018-01-09,57.61507258589946,2,6
2018-01-10,57.61490182795451,2,6
2018-01-11,62.34948795509387,2,6
2018-01-12,67.33910873114769,2,6
2018-01-13,72.54002489735632,2,6
2018-01-14,77.62406544371869,2,6
2018-01-15,47.78183820384921,2,6
2018-01-16,57.82279470129095,2,6
2018-01-17,58.03796193059227,2,6
2018-01-18,62.990923794983274,2,6
2018-01-19,68.19599419314085,2,6
2018-01-20,73.60362585392842,2,6
2018-01-21,78.88018169465299,2,6
2018-01-22,49.21131797876869,2,6
2018-01-23,59.40220327145424,2,6
2018-01-24,59.74038154402757,2,6
2018-01-25,64.78685853802662,2,6
2018-01-26,70.05435058113714,2,6
2018-01-27,75.49273804174783,2,6
2018-01-28,80.76884921173031,2,6
2018-01-29,51.069823861336474,2,6
2018-01-30,61.20328136668964,2,6
2018-01-01,50.80576970753975,2,7
2018-01-02,60.885564717639845,2,7
2018-01-03,61.642617289459125,2,7
2018-01-04,65.17727819737401,2,7
2018-01-05,69.97094039367798,2,7
2018-01-06,76.49399508410147,2,7
2018-01-07,79.29369138378091,2,7
2018-01-08,49.82465232251505,2,7
2018-01-09,59.81051466622691,2,7
2018-01-10,60.51981195872294,2,7
2018-01-11,64.0532424442066,2,7
2018-01-12,68.89113701294323,2,7
2018-01-13,75.50150994023394,2,7
2018-01-14,78.42804697113539,2,7
2018-01-15,49.12077880165937,2,7
2018-01-16,59.297902010567576,2,7
2018-01-17,60.221860912919794,2,7
2018-01-18,63.98682571918334,2,7
2018-01-19,69.06637571475036,2,7
2018-01-20,75.92176383460244,2,7
2018-01-21,79.09011100982337,2,7
2018-01-22,50.01527254960964,2,7
2018-01-23,60.40983337731143,2,7
2018-01-24,61.531341040351464,2,7
2018-01-25,65.46990813266818,2,7
2018-01-26,70.6959899903747,2,7
2018-01-27,77.66871213930213,2,7
2018-01-28,80.92409495947895,2,7
2018-01-29,51.905917914313626,2,7
2018-01-30,62.32768120634579,2,7
2018-01-01,66.4232745336572,2,8
2018-01-02,79.44682132474196,2,8
2018-01-03,79.0757663841625,2,8
2018-01-04,85.8197626490763,2,8
2018-01-05,92.9755524341827,2,8
2018-01-06,98.72557891608014,2,8
2018-01-07,105.91173479359448,2,8
2018-01-08,66.42431329528233,2,8
2018-01-09,79.3241491830588,2,8
2018-01-10,78.84797371620034,2,8
2018-01-11,85.50869301543914,2,8
2018-01-12,92.6054643789368,2,8
2018-01-13,98.32230117657525,2,8
2018-01-14,105.50183695419032,2,8
2018-01-15,66.03431244308022,2,8
2018-01-16,78.97977116984879,2,8
2018-01-17,78.57348527544971,2,8
2018-01-18,85.32631829765026,2,8
2018-01-19,92.53489654499337,2,8
2018-01-20,98.38031660819178,2,8
2018-01-21,105.7020164991475,2,8
2018-01-22,66.38687099216432,2,8
2018-01-23,79.4914938541697,2,8
2018-01-24,79.2477657454557,2,8
2018-01-25,86.16329197827488,2,8
2018-01-26,93.53165950667136,2,8
2018-01-27,99.53121880871402,2,8
2018-01-28,106.99901666312003,2,8
2018-01-29,67.81993934023858,2,8
2018-01-30,81.04904826975945,2,8
2018-01-01,41.68009647982304,2,9
2018-01-02,50.42781101178875,2,9
2018-01-03,49.95897001094076,2,9
2018-01-04,54.63363329320859,2,9
2018-01-05,59.086924878042964,2,9
2018-01-06,62.716728694614275,2,9
2018-01-07,67.40380397656862,2,9
2018-01-08,41.42169241998786,2,9
2018-01-09,50.19961753455672,2,9
2018-01-10,49.78278313054744,2,9
2018-01-11,54.531240910446776,2,9
2018-01-12,59.07933644755643,2,9
2018-01-13,62.82345930926576,2,9
2018-01-14,67.64223159553143,2,9
2018-01-15,41.806504318059666,2,9
2018-01-16,50.7423590264589,2,9
2018-01-17,50.49151832294487,2,9
2018-01-18,55.41033174965446,2,9
2018-01-19,60.129342768567426,2,9
2018-01-20,64.04115904846427,2,9
2018-01-21,69.02075690798314,2,9
2018-01-22,43.33558612916106,2,9
2018-01-23,52.40866963712211,2,9
2018-01-24,52.27909914536393,2,9
2018-01-25,57.30109114608712,2,9
2018-01-26,62.10360734160265,2,9
2018-01-27,66.07826062781636,2,9
2018-01-28,71.09963690792134,2,9
2018-01-29,45.43539892396417,2,9
2018-01-30,54.50936709756637,2,9
2018-01-01,63.706839779466236,2,10
2018-01-02,76.13749702664418,2,10
2018-01-03,78.3636945693749,2,10
2018-01-04,83.60115821626259,2,10
2018-01-05,89.93403726759257,2,10
2018-01-06,95.99924706049026,2,10
2018-01-07,101.77161377238538,2,10
2018-01-08,64.67005951302639,2,10
2018-01-09,76.90106302378635,2,10
2018-01-10,78.93756546417688,2,10
2018-01-11,84.00005719175138,2,10
2018-01-12,90.17664506511753,2,10
2018-01-13,96.1073559386599,2,10
2018-01-14,101.76926762042157,2,10
2018-01-15,64.58270448497132,2,10
2018-01-16,76.75473157075211,2,10
2018-01-17,78.75811456777167,2,10
2018-01-18,83.81247901236411,2,10
2018-01-19,90.0044652090028,2,10
2018-01-20,95.97213120975233,2,10
2018-01-21,101.69019156824454,2,10
2018-01-22,64.57632539279604,2,10
2018-01-23,76.83478386496503,2,10
2018-01-24,78.93546107011501,2,10
2018-01-25,84.09515811127498,2,10
2018-01-26,90.39783398147517,2,10
2018-01-27,96.4790928709996,2,10
2018-01-28,102.311493423499,2,10
2018-01-29,65.31091177959506,2,10
2018-01-30,77.68018743032,2,10
2018-01-01,60.32812643726884,2,11
2018-01-02,71.8202500922965,2,11
2018-01-03,71.50655336476805,2,11
2018-01-04,77.3558367753558,2,11
2018-01-05,83.67963458293255,2,11
2018-01-06,88.11568238826139,2,11
2018-01-07,96.04133046341376,2,11
2018-01-08,59.433569359867455,2,11
2018-01-09,70.88345800563735,2,11
2018-01-10,70.56508837300197,2,11
2018-01-11,76.44782245906447,2,11
2018-01-12,82.84253583955665,2,11
2018-01-13,87.38516317654012,2,11
2018-01-14,95.45021947991788,2,11
2018-01-15,59.01095964496221,2,11
2018-01-16,70.6539618067066,2,11
2018-01-17,70.54826343574635,2,11
2018-01-18,76.65778042349096,2,11
2018-01-19,83.28773775596896,2,11
2018-01-20,88.0684014875902,2,11
2018-01-21,96.3687803065951,2,11
2018-01-22,60.15695401685346,2,11
2018-01-23,72.01480974111058,2,11
2018-01-24,72.10731061564573,2,11
2018-01-25,78.39502376918996,2,11
2018-01-26,85.180633508669,2,11
2018-01-27,90.09272759690141,2,11
2018-01-28,98.4995239655855,2,11
2018-01-29,62.369195141192925,2,11
2018-01-30,74.28457201454444,2,11
2018-01-01,60.30061342968102,2,12
2018-01-02,70.57857331147834,2,12
2018-01-03,71.25721394234392,2,12
2018-01-04,77.64751137479864,2,12
2018-01-05,81.58183383465921,2,12
2018-01-06,87.9576246721437,2,12
2018-01-07,92.72580789445873,2,12
2018-01-08,58.55440085736158,2,12
2018-01-09,68.88909764896603,2,12
2018-01-10,69.6795212117099,2,12
2018-01-11,76.23367370676982,2,12
2018-01-12,80.37940233653974,2,12
2018-01-13,87.00826718491895,2,12
2018-01-14,92.06416671813159,2,12
2018-01-15,58.20719833488514,2,12
2018-01-16,68.87450964118429,2,12
2018-01-17,70.00683021088366,2,12
2018-01-18,76.90320486446475,2,12
2018-01-19,81.38273727683878,2,12
2018-01-20,88.3287223730489,2,12
2018-01-21,93.67751559339354,2,12
2018-01-22,60.08260960170161,2,12
2018-01-23,70.97566823675805,2,12
2018-01-24,72.29320268142834,2,12
2018-01-25,79.33140731562608,2,12
2018-01-26,83.90796179682567,2,12
2018-01-27,90.90617691274912,2,12
2018-01-28,96.26383272484503,2,12
2018-01-29,62.63718134177687,2,12
2018-01-30,73.46186713282778,2,12
2018-01-01,69.64630540759501,2,13
2018-01-02,84.10539970957191,2,13
2018-01-03,85.48099498356308,2,13
2018-01-04,92.06809276202341,2,13
2018-01-05,98.83744589282816,2,13
2018-01-06,106.25475808518911,2,13
2018-01-07,113.83208828696493,2,13
2018-01-08,70.077602903832,2,13
2018-01-09,84.49237019437166,2,13
2018-01-10,85.83928007908295,2,13
2018-01-11,92.41555890622399,2,13
2018-01-12,99.19326590904369,2,13
2018-01-13,106.63850765017295,2,13
2018-01-14,114.26288472269538,2,13
2018-01-15,70.5733116675874,2,13
2018-01-16,85.06890170036098,2,13
2018-01-17,86.50999614827228,2,13
2018-01-18,93.19080430543337,2,13
2018-01-19,100.08003623028343,2,13
2018-01-20,107.64026031498445,2,13
2018-01-21,115.37949531255138,2,13
2018-01-22,71.80117320707198,2,13
2018-01-23,86.40116009448454,2,13
2018-01-24,87.93691081512365,2,13
2018-01-25,94.70021927734354,2,13
2018-01-26,101.65794371690407,2,13
2018-01-27,109.27143602873791,2,13
2018-01-28,117.04818281228663,2,13
2018-01-29,73.49179318577643,2,13
2018-01-30,88.09901993798258,2,13
2018-01-01,51.451733210369675,2,14
2018-01-02,60.86873541809173,2,14
2018-01-03,60.38255066838451,2,14
2018-01-04,65.51185639966877,2,14
2018-01-05,69.75979610714651,2,14
2018-01-06,74.94759682500208,2,14
2018-01-07,80.12622462990613,2,14
2018-01-08,50.4937184781776,2,14
2018-01-09,59.94399587134991,2,14
2018-01-10,59.52390966375924,2,14
2018-01-11,64.75041560942431,2,14
2018-01-12,69.12397310271922,2,14
2018-01-13,74.46228839187727,2,14
2018-01-14,79.81211706797679,2,14
2018-01-15,50.36676110838474,2,14
2018-01-16,60.015048570930006,2,14
2018-01-17,59.7985696599798,2,14
2018-01-18,65.22902313917405,2,14
2018-01-19,69.80179006531569,2,14
2018-01-20,75.3298389404359,2,14
2018-01-21,80.85567435423624,2,14
2018-01-22,51.56896024570809,2,14
2018-01-23,61.35560242996652,2,14
2018-01-24,61.25506144518867,2,14
2018-01-25,66.77774788583402,2,14
2018-01-26,71.41861627929529,2,14
2018-01-27,76.99106159560604,2,14
2018-01-28,82.53883134265148,2,14
2018-01-29,53.25358611134298,2,14
2018-01-30,63.02389573042677,2,14
2018-01-01,75.24901369875413,2,15
2018-01-02,90.17861699988151,2,15
2018-01-03,90.24188071848786,2,15
2018-01-04,98.66626609426449,2,15
2018-01-05,104.70989017212024,2,15
2018-01-06,113.00343574813724,2,15
2018-01-07,120.676283288434,2,15
2018-01-08,74.76267972703644,2,15
2018-01-09,89.51968936422489,2,15
2018-01-10,89.45437092814623,2,15
2018-01-11,97.79706871584958,2,15
2018-01-12,103.80718541457114,2,15
2018-01-13,112.11514282545566,2,15
2018-01-14,119.84860632585438,2,15
2018-01-15,74.03878396068887,2,15
2018-01-16,88.93854041511537,2,15
2018-01-17,89.04976417561886,2,15
2018-01-18,97.59686942405283,2,15
2018-01-19,103.83279347882386,2,15
2018-01-20,112.38118899714522,2,15
2018-01-21,120.36287975542619,2,15
2018-01-22,74.80238406168169,2,15
2018-01-23,89.94623959867376,2,15
2018-01-24,90.29056210051868,2,15
2018-01-25,99.05471422183385,2,15
2018-01-26,105.48744107268041,2,15
2018-01-27,114.20916825493745,2,15
2018-01-28,122.33852886950561,2,15
2018-01-29,76.89892229341532,2,15
2018-01-30,92.1368383627281,2,15
2018-01-01,21.749691714668156,2,16
2018-01-02,26.88818413254085,2,16
2018-01-03,26.358458612602227,2,16
2018-01-04,28.122913315233994,2,16
2018-01-05,30.60724513722806,2,16
2018-01-06,32.86573513862463,2,16
2018-01-07,35.48156732769639,2,16
2018-01-08,22.113727659247992,2,16
2018-01-09,27.229293860719007,2,16
2018-01-10,26.681643441256213,2,16
2018-01-11,28.434049172854298,2,16
2018-01-12,30.912747132476458,2,16
2018-01-13,33.172225947433105,2,16
2018-01-14,35.79555999635748,2,16
2018-01-15,22.44133267547042,2,16
2018-01-16,27.575959313610312,2,16
2018-01-17,27.051935811207084,2,16
2018-01-18,28.83148080217077,2,16
2018-01-19,31.339654777081947,2,16
2018-01-20,33.62970304824334,2,16
2018-01-21,36.28344349271676,2,16
2018-01-22,22.958243365977953,2,16
2018-01-23,28.119393009708148,2,16
2018-01-24,27.618400876068268,2,16
2018-01-25,29.416676174725357,2,16
2018-01-26,31.93868129022549,2,16
2018-01-27,34.23729980252895,2,16
2018-01-28,36.89424026950634,2,16
2018-01-29,23.56701958387797,2,16
2018-01-30,28.72133355348032,2,16
2018-01-01,27.928293549902985,2,17
2018-01-02,33.3171235336251,2,17
2018-01-03,33.344275740200885,2,17
2018-01-04,36.4605802265407,2,17
2018-01-05,39.060138994031604,2,17
2018-01-06,42.069399836930074,2,17
2018-01-07,44.31506505987815,2,17
2018-01-08,27.45137509278405,2,17
2018-01-09,32.88954255699709,2,17
2018-01-10,32.98514020159049,2,17
2018-01-11,36.187200667517224,2,17
2018-01-12,38.88747480172013,2,17
2018-01-13,42.009594863879364,2,17
2018-01-14,44.37708458837095,2,17
2018-01-15,27.64075293049927,2,17
2018-01-16,33.20824364643509,2,17
2018-01-17,33.431540618721684,2,17
2018-01-18,36.75618337460646,2,17
2018-01-19,39.57063610921784,2,17
2018-01-20,42.795553340824355,2,17
2018-01-21,45.251881232988154,2,17
2018-01-22,28.58832885123115,2,17
2018-01-23,34.2109793816092,2,17
2018-01-24,34.47083959289938,2,17
2018-01-25,37.81308089710623,2,17
2018-01-26,40.62641478774805,2,17
2018-01-27,43.8323458233228,2,17
2018-01-28,46.25324179232305,2,17
2018-01-29,29.539756472016933,2,17
2018-01-30,35.10037665093662,2,17
2018-01-01,72.07940151842041,2,18
2018-01-02,86.17902233624265,2,18
2018-01-03,86.86122263474184,2,18
2018-01-04,94.06474399797554,2,18
2018-01-05,100.41624933308182,2,18
2018-01-06,107.1864443858473,2,18
2018-01-07,114.99471156680204,2,18
2018-01-08,71.3989804192389,2,18
2018-01-09,85.56032819816477,2,18
2018-01-10,86.3459012166492,2,18
2018-01-11,93.69349840731746,2,18
2018-01-12,100.22752307244494,2,18
2018-01-13,107.21521402454977,2,18
2018-01-14,115.27141971763756,2,18
2018-01-15,71.94863497392194,2,18
2018-01-16,86.40178844892063,2,18
2018-01-17,87.49136573257286,2,18
2018-01-18,95.14820350360347,2,18
2018-01-19,101.98965458888657,2,18
2018-01-20,109.27602908117026,2,18
2018-01-21,117.61556931314479,2,18
2018-01-22,74.55467288599709,2,18
2018-01-23,89.2428470340765,2,18
2018-01-24,90.53597502046662,2,18
2018-01-25,98.36122654880668,2,18
2018-01-26,105.33330945165193,2,18
2018-01-27,112.71096611978732,2,18
2018-01-28,121.1019716997189,2,18
2018-01-29,78.05334841843133,2,18
2018-01-30,92.71628036756803,2,18
2018-01-01,35.137811315157975,2,19
2018-01-02,41.94093054358143,2,19
2018-01-03,42.00390356414101,2,19
2018-01-04,46.52549813050251,2,19
2018-01-05,48.96425659247628,2,19
2018-01-06,52.070321632445676,2,19
2018-01-07,56.34889957323871,2,19
2018-01-08,34.94193581946686,2,19
2018-01-09,41.64622105941788,2,19
2018-01-10,41.631933004913286,2,19
2018-01-11,46.09913931717166,2,19
2018-01-12,48.50695440920272,2,19
2018-01-13,51.6053931128722,2,19
2018-01-14,55.89888017780226,2,19
2018-01-15,34.52798818542307,2,19
2018-01-16,41.28762012642923,2,19
2018-01-17,41.34563872016595,2,19
2018-01-18,45.89946518500156,2,19
2018-01-19,48.40533706401559,2,19
2018-01-20,51.61026494855439,2,19
2018-01-21,56.01564395662224,2,19
2018-01-22,34.75908955958707,2,19
2018-01-23,41.632711223862955,2,19
2018-01-24,41.80182344277169,2,19
2018-01-25,46.46161471448423,2,19
2018-01-26,49.06646231731416,2,19
2018-01-27,52.361931418937054,2,19
2018-01-28,56.84841354042832,2,19
2018-01-29,35.662973623460175,2,19
2018-01-30,42.59761930479722,2,19
2018-01-01,40.867382761695616,2,20
2018-01-02,48.031424217286364,2,20
2018-01-03,48.25128178134305,2,20
2018-01-04,52.632755167894224,2,20
2018-01-05,56.77232809305862,2,20
2018-01-06,60.780576351107925,2,20
2018-01-07,65.0675029343143,2,20
2018-01-08,40.661048355070605,2,20
2018-01-09,47.69192649776042,2,20
2018-01-10,47.80392837952104,2,20
2018-01-11,52.106065967496285,2,20
2018-01-12,56.19705384414394,2,20
2018-01-13,60.188696187761906,2,20
2018-01-14,64.49122888789942,2,20
2018-01-15,40.131864033368814,2,20
2018-01-16,47.23968545024622,2,20
2018-01-17,47.45603535084216,2,20
2018-01-18,51.886761326241896,2,20
2018-01-19,56.1268180572553,2,20
2018-01-20,60.283787392301825,2,20
2018-01-21,64.76336250879994,2,20
2018-01-22,40.58803912461822,2,20
2018-01-23,47.882158125529855,2,20
2018-01-24,48.28243543496073,2,20
2018-01-25,52.8903443251471,2,20
2018-01-26,57.296840818709356,2,20
2018-01-27,61.60599251734817,2,20
2018-01-28,66.22055375819747,2,20
2018-01-29,42.16072782445608,2,20
2018-01-30,49.54925895864505,2,20
2018-01-01,34.21354513331624,2,21
2018-01-02,40.85184355871653,2,21
2018-01-03,41.2918751928918,2,21
2018-01-04,44.30191910764889,2,21
2018-01-05,47.18809748121371,2,21
2018-01-06,51.90066212615127,2,21
2018-01-07,54.08756072970545,2,21
2018-01-08,34.397911598916465,2,21
2018-01-09,40.952859452278595,2,21
2018-01-10,41.31221510891528,2,21
2018-01-11,44.24677221278449,2,21
2018-01-12,47.06490385984358,2,21
2018-01-13,51.718823716343536,2,21
2018-01-14,53.85813428240571,2,21
2018-01-15,34.133290949373595,2,21
2018-01-16,40.666454092582484,2,21
2018-01-17,41.01813161456667,2,21
2018-01-18,43.95950452080194,2,21
2018-01-19,46.79903774614458,2,21
2018-01-20,51.488760095531646,2,21
2018-01-21,53.67783517974772,2,21
2018-01-22,34.01605119296168,2,21
2018-01-23,40.62470096901101,2,21
2018-01-24,41.06325394045783,2,21
2018-01-25,44.10171182842928,2,21
2018-01-26,47.04724957728999,2,21
2018-01-27,51.85052476116337,2,21
2018-01-28,54.15927678111607,2,21
2018-01-29,34.62184322616523,2,21
2018-01-30,41.35806444833217,2,21
2018-01-01,67.43765275066977,2,22
2018-01-02,80.9915329627283,2,22
2018-01-03,80.02813052840686,2,22
2018-01-04,87.6022447511086,2,22
2018-01-05,93.92644989102209,2,22
2018-01-06,100.74266609600697,2,22
2018-01-07,108.79310586555857,2,22
2018-01-08,67.64954225756796,2,22
2018-01-09,81.13924487959113,2,22
2018-01-10,80.12940457925652,2,22
2018-01-11,87.67669923805036,2,22
2018-01-12,93.99476592009857,2,22
2018-01-13,100.82580913851834,2,22
2018-01-14,108.91160471975411,2,22
2018-01-15,67.82284263330922,2,22
2018-01-16,81.38515162059159,2,22
2018-01-17,80.46362308038687,2,22
2018-01-18,88.11248301443123,2,22
2018-01-19,94.54267366088827,2,22
2018-01-20,101.49357103424651,2,22
2018-01-21,109.70409449755697,2,22
2018-01-22,68.7421486567809,2,22
2018-01-23,82.43073770040257,2,22
2018-01-24,81.63256735550401,2,22
2018-01-25,89.39978146431606,2,22
2018-01-26,95.94159352244635,2,22
2018-01-27,102.99603865042772,2,22
2018-01-28,111.3011019071246,2,22
2018-01-29,70.4241635437374,2,22
2018-01-30,84.18810210921815,2,22
2018-01-01,24.82228402948804,2,23
2018-01-02,30.325491211461905,2,23
2018-01-03,31.405569198789422,2,23
2018-01-04,33.298815731953155,2,23
2018-01-05,35.54540924805592,2,23
2018-01-06,37.65883293185442,2,23
2018-01-07,40.202483056521096,2,23
2018-01-08,25.045637983707653,2,23
2018-01-09,30.53001550912421,2,23
2018-01-10,31.5923121121035,2,23
2018-01-11,33.469484629606725,2,23
2018-01-12,35.702276548231254,2,23
2018-01-13,37.80464831466513,2,23
2018-01-14,40.34039271380829,2,23
2018-01-15,25.179111187458915,2,23
2018-01-16,30.66277833753566,2,23
2018-01-17,31.728287800944187,2,23
2018-01-18,33.61273972397799,2,23
2018-01-19,35.85697182564206,2,23
2018-01-20,37.974993334629566,2,23
2018-01-21,40.5306028235535,2,23
2018-01-22,25.39336587078943,2,23
2018-01-23,30.905179929120578,2,23
2018-01-24,32.00281978703843,2,23
2018-01-25,33.923224102745316,2,23
2018-01-26,36.207025287757574,2,23
2018-01-27,38.36798233431363,2,23
2018-01-28,40.96959792114274,2,23
2018-01-29,25.881096028308026,2,23
2018-01-30,31.443987709028335,2,23
2018-01-01,56.515931712675076,2,24
2018-01-02,67.53672394517208,2,24
2018-01-03,67.92455908832059,2,24
2018-01-04,73.34489591758266,2,24
2018-01-05,78.92155643053138,2,24
2018-01-06,83.90128907109516,2,24
2018-01-07,90.75326642601746,2,24
2018-01-08,56.91085364601933,2,24
2018-01-09,67.91350871030798,2,24
2018-01-10,68.2941468331138,2,24
2018-01-11,73.7192478203171,2,24
2018-01-12,79.31300531586623,2,24
2018-01-13,84.32193535657001,2,24
2018-01-14,91.21443685293043,2,24
2018-01-15,57.422637392118666,2,24
2018-01-16,68.4843822754342,2,24
2018-01-17,68.93069564669675,2,24
2018-01-18,74.42598894857889,2,24
2018-01-19,80.09231206684885,2,24
2018-01-20,85.17406109841934,2,24
2018-01-21,92.13763208664805,2,24
2018-01-22,58.41335114583615,2,24
2018-01-23,69.5375363050205,2,24
2018-01-24,70.04001780045841,2,24
2018-01-25,75.58439044544744,2,24
2018-01-26,81.2922923787383,2,24
2018-01-27,86.40812364576578,2,24
2018-01-28,93.39869404430796,2,24
2018-01-29,59.69513130894002,2,24
2018-01-30,70.83490613490636,2,24
2018-01-01,67.06920676836101,2,25
2018-01-02,82.02189444097857,2,25
2018-01-03,82.55805055219659,2,25
2018-01-04,89.8528079791751,2,25
2018-01-05,96.38720891864364,2,25
2018-01-06,102.59732095335649,2,25
2018-01-07,110.23397725487698,2,25
2018-01-08,66.91094994723763,2,25
2018-01-09,81.6950054128956,2,25
2018-01-10,82.086572664349,2,25
2018-01-11,89.2645530954867,2,25
2018-01-12,95.71275085808163,2,25
2018-01-13,101.86898566219153,2,25
2018-01-14,109.4848570333485,2,25
2018-01-15,66.17396709583016,2,25
2018-01-16,81.00204807228687,2,25
2018-01-17,81.46772249592082,2,25
2018-01-18,88.7474208837584,2,25
2018-01-19,95.32193223586928,2,25
2018-01-20,101.6256450775162,2,25
2018-01-21,109.40644392536444,2,25
2018-01-22,66.27406414129821,2,25
2018-01-23,81.29034743131359,2,25
2018-01-24,81.95012232558321,2,25
2018-01-25,89.42623111079153,2,25
2018-01-26,96.19617576134058,2,25
2018-01-27,102.69143830636284,2,25
2018-01-28,110.65743881301233,2,25
2018-01-29,67.7019328754171,2,25
2018-01-30,82.88529041723783,2,25
2018-01-01,41.35755243358838,2,26
2018-01-02,50.02164443276088,2,26
2018-01-03,49.714921356239486,2,26
2018-01-04,53.892000775023014,2,26
2018-01-05,57.76746891109758,2,26
2018-01-06,62.88211299258373,2,26
2018-01-07,66.31732748017484,2,26
2018-01-08,41.01058910559548,2,26
2018-01-09,49.58393720884682,2,26
2018-01-10,49.21746819762973,2,26
2018-01-11,53.36725472747102,2,26
2018-01-12,57.24821908515071,2,26
2018-01-13,62.40040249652033,2,26
2018-01-14,65.9034384648159,2,26
2018-01-15,40.69212244354932,2,26
2018-01-16,49.38501096860568,2,26
2018-01-17,49.15805509421291,2,26
2018-01-18,53.46267425197958,2,26
2018-01-19,57.50879517340503,2,26
2018-01-20,62.831292529368966,2,26
2018-01-21,66.50463424995006,2,26
2018-01-22,41.45861875372863,2,26
2018-01-23,50.30713235195904,2,26
2018-01-24,50.221927158075886,2,26
2018-01-25,54.650821582611854,2,26
2018-01-26,58.800844593966474,2,26
2018-01-27,64.20475761422001,2,26
2018-01-28,67.93575497007248,2,26
2018-01-29,42.923228882952586,2,26
2018-01-30,51.781526833742504,2,26
2018-01-01,19.617268120826225,2,27
2018-01-02,23.624288378324998,2,27
2018-01-03,23.132683741127373,2,27
2018-01-04,25.309965374015825,2,27
2018-01-05,26.80986502590633,2,27
2018-01-06,28.963270274007435,2,27
2018-01-07,30.626741540860763,2,27
2018-01-08,19.455244848839392,2,27
2018-01-09,23.42682530281587,2,27
2018-01-10,22.911988632917424,2,27
2018-01-11,25.078789895555968,2,27
2018-01-12,26.581107163208845,2,27
2018-01-13,28.749588447953407,2,27
2018-01-14,30.440190331968104,2,27
2018-01-15,19.30694145631729,2,27
2018-01-16,23.32665482316458,2,27
2018-01-17,22.868355018133173,2,27
2018-01-18,25.098418069086122,2,27
2018-01-19,26.668900273967445,2,27
2018-01-20,28.908542668207275,2,27
2018-01-21,30.671367998004605,2,27
2018-01-22,19.609501752553605,2,27
2018-01-23,23.697939665012505,2,27
2018-01-24,23.304026333464144,2,27
2018-01-25,25.59264135250872,2,27
2018-01-26,27.214568122934825,2,27
2018-01-27,29.497531035861623,2,27
2018-01-28,31.2948171348896,2,27
2018-01-29,20.25811327833235,2,27
2018-01-30,24.36228091860424,2,27
2018-01-01,74.77300315948116,2,28
2018-01-02,89.18293709613761,2,28
2018-01-03,89.88014274152215,2,28
2018-01-04,97.3727865525349,2,28
2018-01-05,104.95142522297172,2,28
2018-01-06,111.84659025921178,2,28
2018-01-07,118.860514262366,2,28
2018-01-08,74.38539724546689,2,28
2018-01-09,88.58311368259919,2,28
2018-01-10,89.10272146860193,2,28
2018-01-11,96.45747863626485,2,28
2018-01-12,103.94172361064969,2,28
2018-01-13,110.78843142559703,2,28
2018-01-14,117.80094577856258,2,28
2018-01-15,73.37128382968388,2,28
2018-01-16,87.65991224672143,2,28
2018-01-17,88.31335279203498,2,28
2018-01-18,95.84131981468514,2,28
2018-01-19,103.53374145663093,2,28
2018-01-20,110.61847264907874,2,28
2018-01-21,117.8931951775411,2,28
2018-01-22,73.74389699399666,2,28
2018-01-23,88.32482455404153,2,28
2018-01-24,89.2762618664791,2,28
2018-01-25,97.101834250092,2,28
2018-01-26,105.08568457498576,2,28
2018-01-27,112.45032647242436,2,28
2018-01-28,119.9886667072006,2,28
2018-01-29,76.08258639143489,2,28
2018-01-30,90.88297293347466,2,28
2018-01-01,60.91079276097779,2,29
2018-01-02,71.46228210995449,2,29
2018-01-03,72.18529236979853,2,29
2018-01-04,77.45736097427711,2,29
2018-01-05,82.84023821632732,2,29
2018-01-06,88.37139524349894,2,29
2018-01-07,94.38358717079329,2,29
2018-01-08,59.78023387557444,2,29
2018-01-09,70.24750571921484,2,29
2018-01-10,70.93284513234494,2,29
2018-01-11,76.21452839155829,2,29
2018-01-12,81.65357703899988,2,29
2018-01-13,87.28535484249673,2,29
2018-01-14,93.43925546392516,2,29
2018-01-15,59.01423874039691,2,29
2018-01-16,69.69109742207158,2,29
2018-01-17,70.61117933595537,2,29
2018-01-18,76.14616294490297,2,29
2018-01-19,81.85018919819878,2,29
2018-01-20,87.75167900445658,2,29
2018-01-21,94.17323510808673,2,29
2018-01-22,60.00738024055166,2,29
2018-01-23,70.92900788037254,2,29
2018-01-24,72.07426574296619,2,29
2018-01-25,77.81046591443476,2,29
2018-01-26,83.68832135536486,2,29
2018-01-27,89.73383589799954,2,29
2018-01-28,96.26824530676144,2,29
2018-01-29,62.18376108100173,2,29
2018-01-30,73.15599413050457,2,29
2018-01-01,35.655780729859686,2,30
2018-01-02,41.87184151314787,2,30
2018-01-03,42.10934525212556,2,30
2018-01-04,45.73100004109209,2,30
2018-01-05,49.75718688651082,2,30
2018-01-06,51.91369846875238,2,30
2018-01-07,56.60860221357781,2,30
2018-01-08,35.55933068226168,2,30
2018-01-09,41.64608242287147,2,30
2018-01-10,41.766858690695926,2,30
2018-01-11,45.286112847807054,2,30
2018-01-12,49.225435409796624,2,30
2018-01-13,51.31131911286611,2,30
2018-01-14,55.9520625597,2,30
2018-01-15,34.86491321932823,2,30
2018-01-16,40.92953038464349,2,30
2018-01-17,41.04309074596213,2,30
2018-01-18,44.56901052261423,2,30
2018-01-19,48.52770423556126,2,30
2018-01-20,50.64442168482542,2,30
2018-01-21,55.326219051946396,2,30
2018-01-22,34.28916251688095,2,30
2018-01-23,40.41184293869499,2,30
2018-01-24,40.59052259340925,2,30
2018-01-25,44.18788668917565,2,30
2018-01-26,48.22381899210782,2,30
2018-01-27,50.42324287128224,2,30
2018-01-28,55.193083917001154,2,30
2018-01-29,34.249453236059765,2,30
2018-01-30,40.4711311287292,2,30
2018-01-01,50.650370711970254,2,31
2018-01-02,60.03732196583175,2,31
2018-01-03,59.812310443684474,2,31
2018-01-04,64.25938173651359,2,31
2018-01-05,68.71685928664513,2,31
2018-01-06,73.97163904922382,2,31
2018-01-07,79.08270505621519,2,31
2018-01-08,49.68245840246397,2,31
2018-01-09,59.073118820121834,2,31
2018-01-10,58.88685199459647,2,31
2018-01-11,63.407203708260234,2,31
2018-01-12,67.97087221880864,2,31
2018-01-13,73.36209400426098,2,31
2018-01-14,78.63627826701695,2,31
2018-01-15,49.42147857694985,2,31
2018-01-16,59.01495608369041,2,31
2018-01-17,59.043482268072125,2,31
2018-01-18,63.78495683923312,2,31
2018-01-19,68.57036657489512,2,31
2018-01-20,74.17835465605097,2,31
2018-01-21,79.65903050088424,2,31
2018-01-22,50.63560343129267,2,31
2018-01-23,60.40109004226676,2,31
2018-01-24,60.57873928838033,2,31
2018-01-25,65.44374765443764,2,31
2018-01-26,70.3252877616963,2,31
2018-01-27,76.00111837322446,2,31
2018-01-28,81.52140510018754,2,31
2018-01-29,52.51033534048363,2,31
2018-01-30,62.26277838957817,2,31
2018-01-01,38.639184995916054,2,32
2018-01-02,46.05446515600825,2,32
2018-01-03,47.00590637087501,2,32
2018-01-04,49.91402897231628,2,32
2018-01-05,53.47897994388576,2,32
2018-01-06,56.92600622341993,2,32
2018-01-07,60.87507446325683,2,32
2018-01-08,38.0250629372357,2,32
2018-01-09,45.44749644635759,2,32
2018-01-10,46.42661854398686,2,32
2018-01-11,49.38299697657245,2,32
2018-01-12,53.01624233060818,2,32
2018-01-13,56.55051830249134,2,32
2018-01-14,60.604210449278355,2,32
2018-01-15,37.87417743040653,2,32
2018-01-16,45.429553727206496,2,32
2018-01-17,46.551896167081594,2,32
2018-01-18,49.658868076359816,2,32
2018-01-19,53.44703896106281,2,32
2018-01-20,57.13747606995419,2,32
2018-01-21,61.34549271808119,2,32
2018-01-22,38.76497552556156,2,32
2018-01-23,46.46225787175419,2,32
2018-01-24,47.716330402866944,2,32
2018-01-25,50.94258115844904,2,32
2018-01-26,54.83564220380129,2,32
2018-01-27,58.615018374541336,2,32
2018-01-28,62.894862527904905,2,32
2018-01-29,40.36831924227552,2,32
2018-01-30,48.10140430643078,2,32
2018-01-01,56.70161119000265,2,33
2018-01-02,68.72860189036372,2,33
2018-01-03,67.95624567966208,2,33
2018-01-04,73.59498032006967,2,33
2018-01-05,80.20240222254701,2,33
2018-01-06,85.83843330193518,2,33
2018-01-07,92.26796860309963,2,33
2018-01-08,56.66480554797578,2,33
2018-01-09,68.70577434209359,2,33
2018-01-10,67.96305877346185,2,33
2018-01-11,73.6471921473241,2,33
2018-01-12,80.31516033538689,2,33
2018-01-13,86.02563989080095,2,33
2018-01-14,92.54173422674138,2,33
2018-01-15,57.035005230574484,2,33
2018-01-16,69.1797160610736,2,33
2018-01-17,68.54527038479925,2,33
2018-01-18,74.33932875089504,2,33
2018-01-19,81.11603010156466,2,33
2018-01-20,86.93134256438802,2,33
2018-01-21,93.54590301281239,2,33
2018-01-22,58.12913964387742,2,33
2018-01-23,70.35359067990653,2,33
2018-01-24,69.78740235362255,2,33
2018-01-25,75.63748538445978,2,33
2018-01-26,82.45775708259985,2,33
2018-01-27,88.3044930177703,2,33
2018-01-28,94.93914816558058,2,33
2018-01-29,59.53244282759972,2,33
2018-01-30,71.7586280417087,2,33
2018-01-01,22.856862873781598,2,34
2018-01-02,27.909326599653564,2,34
2018-01-03,27.927866636370965,2,34
2018-01-04,29.756781091094513,2,34
2018-01-05,31.66994473328745,2,34
2018-01-06,33.654233605355714,2,34
2018-01-07,36.12591510120015,2,34
2018-01-08,22.324528006936962,2,34
2018-01-09,27.315429587797823,2,34
2018-01-10,27.288677727204437,2,34
2018-01-11,29.089935167063672,2,34
2018-01-12,30.993914583507195,2,34
2018-01-13,32.98779916681959,2,34
2018-01-14,35.48764260763547,2,34
2018-01-15,21.732272402059742,2,34
2018-01-16,26.78587263785125,2,34
2018-01-17,26.836913037469333,2,34
2018-01-18,28.72910980346326,2,34
2018-01-19,30.73493527034235,2,34
2018-01-20,32.8391091223206,2,34
2018-01-21,35.455073046523395,2,34
2018-01-22,21.818970632898004,2,34
2018-01-23,26.992306572755794,2,34
2018-01-24,27.160949866277193,2,34
2018-01-25,29.16616462190408,2,34
2018-01-26,31.27818364052808,2,34
2018-01-27,33.4797559332508,2,34
2018-01-28,36.18266866920861,2,34
2018-01-29,22.6217642666963,2,34
2018-01-30,27.857625876887482,2,34
2018-01-01,56.82414929541312,2,35
2018-01-02,68.72811035430426,2,35
2018-01-03,69.22929358481655,2,35
2018-01-04,73.54947765323023,2,35
2018-01-05,79.54347704035908,2,35
2018-01-06,86.43865549423232,2,35
2018-01-07,90.06838270298012,2,35
2018-01-08,56.35399733749479,2,35
2018-01-09,68.084872557571,2,35
2018-01-10,68.45047245914881,2,35
2018-01-11,72.67571552035386,2,35
2018-01-12,78.61712950295174,2,35
2018-01-13,85.50239482616834,2,35
2018-01-14,89.16387070888602,2,35
2018-01-15,55.52066384311177,2,35
2018-01-16,67.35883134094712,2,35
2018-01-17,67.86360126871593,2,35
2018-01-18,72.25492101165085,2,35
2018-01-19,78.38381165147604,2,35
2018-01-20,85.472118828318,2,35
2018-01-21,89.34624777062622,2,35
2018-01-22,55.91943576990072,2,35
2018-01-23,67.97214767911467,2,35
2018-01-24,68.68447207887354,2,35
2018-01-25,73.2718233464261,2,35
2018-01-26,79.58142359502028,2,35
2018-01-27,86.83215165209035,2,35
2018-01-28,90.84834444459187,2,35
2018-01-29,57.54210280269554,2,35
2018-01-30,69.69368705292815,2,35
2018-01-01,66.07889963405881,2,36
2018-01-02,79.92059056501915,2,36
2018-01-03,79.0780468804289,2,36
2018-01-04,85.78187834349703,2,36
2018-01-05,91.64617649487322,2,36
2018-01-06,98.08674506629346,2,36
2018-01-07,103.46237229828559,2,36
2018-01-08,64.91036204428914,2,36
2018-01-09,78.66349161931926,2,36
2018-01-10,77.77376875506667,2,36
2018-01-11,84.47436805559897,2,36
2018-01-12,90.38050399280515,2,36
2018-01-13,96.90767879483028,2,36
2018-01-14,102.41301201784007,2,36
2018-01-15,64.03086619771139,2,36
2018-01-16,77.98993305189775,2,36
2018-01-17,77.33714822176614,2,36
2018-01-18,84.29980982208251,2,36
2018-01-19,90.48665211556524,2,36
2018-01-20,97.30630651394556,2,36
2018-01-21,103.10885029965121,2,36
2018-01-22,65.02165100292436,2,36
2018-01-23,79.26666456955269,2,36
2018-01-24,78.88454927034604,2,36
2018-01-25,86.09696505367633,2,36
2018-01-26,92.50780471230797,2,36
2018-01-27,99.52178487913777,2,36
2018-01-28,105.48609391997398,2,36
2018-01-29,67.52630228912207,2,36
2018-01-30,81.8636921125516,2,36
2018-01-01,27.306814017822486,2,37
2018-01-02,31.31685535376744,2,37
2018-01-03,31.02754168396174,2,37
2018-01-04,33.663448202356506,2,37
2018-01-05,34.78237707545006,2,37
2018-01-06,38.0579697063628,2,37
2018-01-07,41.033942763280066,2,37
2018-01-08,26.814900568677704,2,37
2018-01-09,30.69478044864293,2,37
2018-01-10,30.29864031726679,2,37
2018-01-11,32.85389706826969,2,37
2018-01-12,33.92035126479541,2,37
2018-01-13,37.17276664397367,2,37
2018-01-14,40.15509792174399,2,37
2018-01-15,25.971319386412773,2,37
2018-01-16,29.91391010670263,2,37
2018-01-17,29.605703617873026,2,37
2018-01-18,32.271208649481345,2,37
2018-01-19,33.46673384142518,2,37
2018-01-20,36.86308195651552,2,37
2018-01-21,39.999903690758494,2,37
2018-01-22,25.976659903666125,2,37
2018-01-23,30.08124425253373,2,37
2018-01-24,29.931970181003983,2,37
2018-01-25,32.749024953590165,2,37
2018-01-26,34.08471995664577,2,37
2018-01-27,37.60629929941544,2,37
2018-01-28,40.850393685177494,2,37
2018-01-29,26.914065676560135,2,37
2018-01-30,31.083496141168876,2,37
2018-01-01,69.58219801058293,2,38
2018-01-02,83.88233436032574,2,38
2018-01-03,83.70705814578685,2,38
2018-01-04,90.92514612290174,2,38
2018-01-05,97.52349444204968,2,38
2018-01-06,104.35954472594469,2,38
2018-01-07,111.02686195911765,2,38
2018-01-08,69.70788515747964,2,38
2018-01-09,83.85575968835195,2,38
2018-01-10,83.55079700625268,2,38
2018-01-11,90.66455896756636,2,38
2018-01-12,97.18572386103489,2,38
2018-01-13,103.97254239454521,2,38
2018-01-14,110.61847156126838,2,38
2018-01-15,69.3050044968338,2,38
2018-01-16,83.48360179477552,2,38
2018-01-17,83.23226621633971,2,38
2018-01-18,90.41975381689397,2,38
2018-01-19,97.03157430828387,2,38
2018-01-20,103.92258452496876,2,38
2018-01-21,110.68275862262468,2,38
2018-01-22,69.49014901929834,2,38
2018-01-23,83.79293975768189,2,38
2018-01-24,83.66613083871196,2,38
2018-01-25,90.97584366137202,2,38
2018-01-26,97.70539805943122,2,38
2018-01-27,104.70796309257888,2,38
2018-01-28,111.57236414992227,2,38
2018-01-29,70.47605996994682,2,38
2018-01-30,84.86719149172129,2,38
2018-01-01,35.83730273061012,2,39
2018-01-02,44.11008267941535,2,39
2018-01-03,43.63368851300245,2,39
2018-01-04,46.91491822309331,2,39
2018-01-05,51.07422755217972,2,39
2018-01-06,55.4967436309709,2,39
2018-01-07,58.70972342446907,2,39
2018-01-08,35.709051885194555,2,39
2018-01-09,43.897978396828236,2,39
2018-01-10,43.35238874660601,2,39
2018-01-11,46.5808320835699,2,39
2018-01-12,50.70492573415346,2,39
2018-01-13,55.11037211437563,2,39
2018-01-14,58.324435877380246,2,39
2018-01-15,35.3424751350542,2,39
2018-01-16,43.566723932165374,2,39
2018-01-17,43.07162151092841,2,39
2018-01-18,46.363905875188884,2,39
2018-01-19,50.563092392175776,2,39
2018-01-20,55.05256940915649,2,39
2018-01-21,58.3571567000998,2,39
2018-01-22,35.46971825564515,2,39
2018-01-23,43.790024333667304,2,39
2018-01-24,43.390156164825704,2,39
2018-01-25,46.774668855954005,2,39
2018-01-26,51.06113148367625,2,39
2018-01-27,55.631274876530455,2,39
2018-01-28,59.00859171577923,2,39
2018-01-29,36.184979608913494,2,39
2018-01-30,44.55962152624572,2,39
2018-01-01,26.731189413066573,2,40
2018-01-02,30.63798898657556,2,40
2018-01-03,31.67774802986518,2,40
2018-01-04,33.29710676862109,2,40
2018-01-05,36.76973288482093,2,40
2018-01-06,37.88653331495638,2,40
2018-01-07,41.091224333801286,2,40
2018-01-08,26.418102001099427,2,40
2018-01-09,30.176465960850642,2,40
2018-01-10,31.085074878487312,2,40
2018-01-11,32.59362500134374,2,40
2018-01-12,35.97827938456099,2,40
2018-01-13,37.03184196562204,2,40
2018-01-14,40.19930374803114,2,40
2018-01-15,25.515603413612443,2,40
2018-01-16,29.29005528813854,2,40
2018-01-17,30.240822580543394,2,40
2018-01-18,31.816426725433573,2,40
2018-01-19,35.291319444762564,2,40
2018-01-20,36.456110535758434,2,40
2018-01-21,39.7531772507712,2,40
2018-01-22,25.214496005624103,2,40
2018-01-23,29.14614760941388,2,40
2018-01-24,30.26287209234294,2,40
2018-01-25,32.0096620503215,2,40
2018-01-26,35.65741918406489,2,40
2018-01-27,36.993265120978904,2,40
2018-01-28,40.45623052432548,2,40
2018-01-29,26.075161468396626,2,40
2018-01-30,30.153292651157447,2,40
2018-01-01,19.350355345919446,2,41
2018-01-02,23.2114770680135,2,41
2018-01-03,23.3146064411689,2,41
2018-01-04,25.2592899976443,2,41
2018-01-05,26.9536195363348,2,41
2018-01-06,28.141093908240514,2,41
2018-01-07,31.140047858765826,2,41
2018-01-08,19.66876115662599,2,41
2018-01-09,23.497122017644386,2,41
2018-01-10,23.56947151067737,2,41
2018-01-11,25.48610665309682,2,41
2018-01-12,27.15570043428014,2,41
2018-01-13,28.32216706478035,2,41
2018-01-14,31.30409894657393,2,41
2018-01-15,19.81988804609892,2,41
2018-01-16,23.639405032243054,2,41
2018-01-17,23.706862146757253,2,41
2018-01-18,25.622336743132553,2,41
2018-01-19,27.29421293634589,2,41
2018-01-20,28.466068863339963,2,41
2018-01-21,31.45613527637208,2,41
2018-01-22,19.982437423192657,2,41
2018-01-23,23.814492917331272,2,41
2018-01-24,23.896190991345215,2,41
2018-01-25,25.82732959701305,2,41
2018-01-26,27.516067434552617,2,41
2018-01-27,28.705818173036306,2,41
2018-01-28,31.71471247003276,2,41
2018-01-29,20.26073975810519,2,41
2018-01-30,24.113442634952506,2,41
2018-01-01,31.850792132001015,2,42
2018-01-02,37.77368643857286,2,42
2018-01-03,37.49691367333747,2,42
2018-01-04,40.96659057596336,2,42
2018-01-05,44.00637757782144,2,42
2018-01-06,47.0649559107358,2,42
2018-01-07,50.50705693984659,2,42
2018-01-08,31.09952915523272,2,42
2018-01-09,36.944309982275755,2,42
2018-01-10,36.61952881801747,2,42
2018-01-11,40.07279617611925,2,42
2018-01-12,43.128280766688476,2,42
2018-01-13,46.23420257715402,2,42
2018-01-14,49.753904389730224,2,42
2018-01-15,30.451985465688082,2,42
2018-01-16,36.4273622153371,2,42
2018-01-17,36.254479359789045,2,42
2018-01-18,39.87672309015933,2,42
2018-01-19,43.11363430072291,2,42
2018-01-20,46.4085459449565,2,42
2018-01-21,50.119802782629904,2,42
2018-01-22,31.00704304462282,2,42
2018-01-23,37.16440271476492,2,42
2018-01-24,37.16186200683098,2,42
2018-01-25,40.938781916340595,2,42
2018-01-26,44.311225691253625,2,42
2018-01-27,47.71968651926606,2,42
2018-01-28,51.52037749392039,2,42
2018-01-29,32.471561784489595,2,42
2018-01-30,38.66678273964014,2,42
2018-01-01,45.47908636402974,2,43
2018-01-02,52.866723123116415,2,43
2018-01-03,53.77308949393027,2,43
2018-01-04,58.205768087386446,2,43
2018-01-05,62.52871164435335,2,43
2018-01-06,66.20598143505406,2,43
2018-01-07,71.77853955294343,2,43
2018-01-08,44.58626833016696,2,43
2018-01-09,51.910494661564385,2,43
2018-01-10,52.783571576785626,2,43
2018-01-11,57.214305934286685,2,43
2018-01-12,61.566953597537804,2,43
2018-01-13,65.3049833239758,2,43
2018-01-14,70.9679168171893,2,43
2018-01-15,43.89341637129744,2,43
2018-01-16,51.35989561699482,2,43
2018-01-17,52.39620302298171,2,43
2018-01-18,57.00716400429372,2,43
2018-01-19,61.55269972710877,2,43
2018-01-20,65.4917204051111,2,43
2018-01-21,71.35909703295043,2,43
2018-01-22,44.48787949810728,2,43
2018-01-23,52.1520332041127,2,43
2018-01-24,53.376240671809974,2,43
2018-01-25,58.16155105670242,2,43
2018-01-26,62.864593096024464,2,43
2018-01-27,66.94154710769519,2,43
2018-01-28,72.92517825780149,2,43
2018-01-29,46.14709779749475,2,43
2018-01-30,53.88052366316323,2,43
2018-01-01,25.203659147121293,2,44
2018-01-02,30.09402794867449,2,44
2018-01-03,30.371229026873568,2,44
2018-01-04,32.147232648367655,2,44
2018-01-05,34.16803907182209,2,44
2018-01-06,37.70845658665521,2,44
2018-01-07,39.71767326106117,2,44
2018-01-08,24.551871014003225,2,44
2018-01-09,29.45903243994152,2,44
2018-01-10,29.771429887168175,2,44
2018-01-11,31.600554919886005,2,44
2018-01-12,33.69139132298802,2,44
2018-01-13,37.31723643984692,2,44
2018-01-14,39.42532899389353,2,44
2018-01-15,24.369530247217725,2,44
2018-01-16,29.395206894015416,2,44
2018-01-17,29.831802949342986,2,44
2018-01-18,31.78785637371361,2,44
2018-01-19,34.00536112230119,2,44
2018-01-20,37.75467692324186,2,44
2018-01-21,39.98024250362246,2,44
2018-01-22,25.03333680063211,2,44
2018-01-23,30.1570344197857,2,44
2018-01-24,30.678840696865212,2,44
2018-01-25,32.705760484062964,2,44
2018-01-26,34.97870005034952,2,44
2018-01-27,38.76740345700141,2,44
2018-01-28,41.01617855640896,2,44
2018-01-29,26.076656969494547,2,44
2018-01-30,31.192734504833915,2,44
2018-01-01,68.72590513834172,2,45
2018-01-02,83.45136651376723,2,45
2018-01-03,83.76406463847326,2,45
2018-01-04,89.46611295407256,2,45
2018-01-05,97.00745235683824,2,45
2018-01-06,104.06035191267704,2,45
2018-01-07,109.39650747603397,2,45
2018-01-08,67.9631654277353,2,45
2018-01-09,82.72747512616377,2,45
2018-01-10,83.1142989386293,2,45
2018-01-11,88.92382662109455,2,45
2018-01-12,96.60292016166161,2,45
2018-01-13,103.81976633572388,2,45
2018-01-14,109.3411536734202,2,45
2018-01-15,68.10879497116437,2,45
2018-01-16,83.08389238802303,2,45
2018-01-17,83.68516717537423,2,45
2018-01-18,89.70669392042174,2,45
2018-01-19,97.58945867190585,2,45
2018-01-20,104.9962117765991,2,45
2018-01-21,110.68892622444015,2,45
2018-01-22,69.60527740575986,2,45
2018-01-23,84.7033369170682,2,45
2018-01-24,85.39969899019708,2,45
2018-01-25,91.48737697867818,2,45
2018-01-26,99.40738789777286,2,45
2018-01-27,106.82359558130103,2,45
2018-01-28,112.50012407530616,2,45
2018-01-29,71.37775905376245,2,45
2018-01-30,86.41853274819721,2,45
2018-01-01,50.655880317623165,2,46
2018-01-02,60.519258239531574,2,46
2018-01-03,59.60507335403137,2,46
2018-01-04,64.461049154957,2,46
2018-01-05,70.5194352483854,2,46
2018-01-06,74.22828360039705,2,46
2018-01-07,77.92075065181278,2,46
2018-01-08,49.058911157758786,2,46
2018-01-09,58.89099490657909,2,46
2018-01-10,57.99486065742013,2,46
2018-01-11,62.91768766362091,2,46
2018-01-12,69.08970531461443,2,46
2018-01-13,72.95557692419158,2,46
2018-01-14,76.84384564953025,2,46
2018-01-15,48.21092351037083,2,46
2018-01-16,58.298528982834185,2,46
2018-01-17,57.677381212842576,2,46
2018-01-18,62.88712448904409,2,46
2018-01-19,69.35029654994503,2,46
2018-01-20,73.50394975944805,2,46
2018-01-21,77.66932630923907,2,46
2018-01-22,49.29606194543826,2,46
2018-01-23,59.61981776000819,2,46
2018-01-24,59.20614284933089,2,46
2018-01-25,64.59053707425245,2,46
2018-01-26,71.19252403446504,2,46
2018-01-27,75.44734086376249,2,46
2018-01-28,79.67564465741721,2,46
2018-01-29,51.32770979362625,2,46
2018-01-30,61.64101654497893,2,46
2018-01-01,19.12277323051955,2,47
2018-01-02,22.67246807015547,2,47
2018-01-03,22.77594781604808,2,47
2018-01-04,23.999355413642213,2,47
2018-01-05,26.14986714902746,2,47
2018-01-06,28.314436834208443,2,47
2018-01-07,29.794583984754386,2,47
2018-01-08,18.58938019598208,2,47
2018-01-09,22.130319874348118,2,47
2018-01-10,22.24277537007979,2,47
2018-01-11,23.492468207111255,2,47
2018-01-12,25.685637685690924,2,47
2018-01-13,27.907830894661643,2,47
2018-01-14,29.458749038834185,2,47
2018-01-15,18.335302339220014,2,47
2018-01-16,21.966557454701544,2,47
2018-01-17,22.175275071764403,2,47
2018-01-18,23.524466837166244,2,47
2018-01-19,25.817650341711477,2,47
2018-01-20,28.13772365126762,2,47
2018-01-21,29.781891850065573,2,47
2018-01-22,18.744795581253772,2,47
2018-01-23,22.453523492765534,2,47
2018-01-24,22.729204480081545,2,47
2018-01-25,24.13360747989796,2,47
2018-01-26,26.469426470429717,2,47
2018-01-27,28.819171517689522,2,47
2018-01-28,30.480098082423304,2,47
2018-01-29,19.44732473351592,2,47
2018-01-30,23.148821733562922,2,47
2018-01-01,44.17041845504384,2,48
2018-01-02,52.13659995659784,2,48
2018-01-03,52.92562004647223,2,48
2018-01-04,57.17899555250125,2,48
2018-01-05,62.26340782503839,2,48
2018-01-06,65.21286156299779,2,48
2018-01-07,69.34144400425585,2,48
2018-01-08,44.01063385950652,2,48
2018-01-09,51.896794532207046,2,48
2018-01-10,52.63022696841696,2,48
2018-01-11,56.85473547316964,2,48
2018-01-12,61.93826148668796,2,48
2018-01-13,64.91504723933781,2,48
2018-01-14,69.09843009824293,2,48
2018-01-15,43.848215219594735,2,48
2018-01-16,51.83825848442315,2,48
2018-01-17,52.695631786432486,2,48
2018-01-18,57.06032012381881,2,48
2018-01-19,62.29600112039369,2,48
2018-01-20,65.43236417362864,2,48
2018-01-21,69.7780651156258,2,48
2018-01-22,44.68825901221422,2,48
2018-01-23,52.832338180000505,2,48
2018-01-24,53.83324282116749,2,48
2018-01-25,58.327289429513556,2,48
2018-01-26,63.67506378334427,2,48
2018-01-27,66.90383251496569,2,48
2018-01-28,71.32056661899495,2,48
2018-01-29,46.27951776086418,2,48
2018-01-30,54.44997349686514,2,48
2018-01-01,25.40197311717148,2,49
2018-01-02,29.819247618009516,2,49
2018-01-03,30.038187121630692,2,49
2018-01-04,32.399938217928764,2,49
2018-01-05,35.25104242661292,2,49
2018-01-06,38.16051663992429,2,49
2018-01-07,40.118914201023166,2,49
2018-01-08,25.269854283098915,2,49
2018-01-09,29.641368504330405,2,49
2018-01-10,29.82818423144139,2,49
2018-01-11,32.17182894129367,2,49
2018-01-12,35.01876363104205,2,49
2018-01-13,37.937497541126135,2,49
2018-01-14,39.91769404038523,2,49
2018-01-15,25.10175357228048,2,49
2018-01-16,29.516220644734997,2,49
2018-01-17,29.754132241095906,2,49
2018-01-18,32.15518988489461,2,49
2018-01-19,35.06396121680919,2,49
2018-01-20,38.04706128000497,2,49
2018-01-21,40.0923214196074,2,49
2018-01-22,25.340429927317754,2,49
2018-01-23,29.816389870388342,2,49
2018-01-24,30.11191019946521,2,49
2018-01-25,32.565611378536346,2,49
2018-01-26,35.52125071732663,2,49
2018-01-27,38.54491724945254,2,49
2018-01-28,40.62420403183255,2,49
2018-01-29,25.89984228456065,2,49
2018-01-30,30.397143393905267,2,49
2018-01-01,57.44269899282487,2,50
2018-01-02,68.33035580336679,2,50
2018-01-03,68.1761049099921,2,50
2018-01-04,74.56204117490739,2,50
2018-01-05,78.74086788944977,2,50
2018-01-06,84.03788802392782,2,50
2018-01-07,89.51820180988418,2,50
2018-01-08,56.905705579333514,2,50
2018-01-09,67.71157638277774,2,50
2018-01-10,67.50000330476172,2,50
2018-01-11,73.85349134816346,2,50
2018-01-12,78.02428108624534,2,50
2018-01-13,83.33642657472656,2,50
2018-01-14,88.85310080736909,2,50
2018-01-15,56.29571936130422,2,50
2018-01-16,67.1725620687831,2,50
2018-01-17,67.04464869946108,2,50
2018-01-18,73.49118949050047,2,50
2018-01-19,77.76114875312737,2,50
2018-01-20,83.17545928759911,2,50
2018-01-21,88.79445248839893,2,50
2018-01-22,56.33709086765924,2,50
2018-01-23,67.30967951878024,2,50
2018-01-24,67.27180987783963,2,50
2018-01-25,73.80185476086199,2,50
2018-01-26,78.14855185258706,2,50
2018-01-27,83.6332131595871,2,50
2018-01-28,89.31712591088417,2,50
2018-01-29,56.92073303554617,2,50
2018-01-30,67.95227187402473,2,50
2018-01-01,16.78083122293631,3,1
2018-01-02,20.254617337305355,3,1
2018-01-03,20.14220694324549,3,1
2018-01-04,21.570082017956906,3,1
2018-01-05,22.99537050117977,3,1
2018-01-06,25.576206476799513,3,1
2018-01-07,26.12187555608151,3,1
2018-01-08,16.697309035758913,3,1
2018-01-09,20.238204264608846,3,1
2018-01-10,20.198415063066186,3,1
2018-01-11,21.702969440608516,3,1
2018-01-12,23.207355040665377,3,1
2018-01-13,25.867934816014138,3,1
2018-01-14,26.492151361507457,3,1
2018-01-15,17.143081626383015,3,1
2018-01-16,20.75461756785478,3,1
2018-01-17,20.778914754919974,3,1
2018-01-18,22.339464419946633,3,1
2018-01-19,23.890427781428034,3,1
2018-01-20,26.587093719519967,3,1
2018-01-21,27.23611703595938,3,1
2018-01-22,17.900098082757605,3,1
2018-01-23,21.512778667045175,3,1
2018-01-24,21.526495883926927,3,1
2018-01-25,23.065249323970058,3,1
2018-01-26,24.58402072985465,3,1
2018-01-27,27.239207727256545,3,1
2018-01-28,27.838829675608807,3,1
2018-01-29,18.447067482705783,3,1
2018-01-30,21.999413557662635,3,1
2018-01-01,44.55133719828132,3,2
2018-01-02,54.81062452445455,3,2
2018-01-03,53.341839480658976,3,2
2018-01-04,58.42648692790749,3,2
2018-01-05,62.399941907553675,3,2
2018-01-06,66.36871828653877,3,2
2018-01-07,70.04155955679634,3,2
2018-01-08,43.10293659607202,3,2
2018-01-09,53.20539667671352,3,2
2018-01-10,51.62999876134545,3,2
2018-01-11,56.6617468378539,3,2
2018-01-12,60.63797280213001,3,2
2018-01-13,64.66558305646858,3,2
2018-01-14,68.45216853086629,3,2
2018-01-15,41.679561908381125,3,2
2018-01-16,51.99628426594557,3,2
2018-01-17,50.67811311381966,3,2
2018-01-18,56.00367963330869,3,2
2018-01-19,60.3030418890767,3,2
2018-01-20,64.67514280012395,3,2
2018-01-21,68.81914669446107,3,2
2018-01-22,42.40823200479785,3,2
2018-01-23,53.082275926166005,3,2
2018-01-24,52.10865662651996,3,2
2018-01-25,57.758074594455934,3,2
2018-01-26,62.35333402050895,3,2
2018-01-27,66.98698761207719,3,2
2018-01-28,71.3528339122169,3,2
2018-01-29,45.119840684428,3,2
2018-01-30,55.92492703889858,3,2
2018-01-01,28.405869296661045,3,3
2018-01-02,34.39248454300444,3,3
2018-01-03,34.02805606645303,3,3
2018-01-04,35.67226616837133,3,3
2018-01-05,38.96995461224489,3,3
2018-01-06,41.85325125009698,3,3
2018-01-07,44.16986481684327,3,3
2018-01-08,28.28229343561459,3,3
2018-01-09,34.28992255704856,3,3
2018-01-10,33.952860408912976,3,3
2018-01-11,35.62986080360421,3,3
2018-01-12,38.96466660509742,3,3
2018-01-13,41.88819764751047,3,3
2018-01-14,44.24689601883533,3,3
2018-01-15,28.40199231902701,3,3
2018-01-16,34.4516567656208,3,3
2018-01-17,34.15488351546956,3,3
2018-01-18,35.86945653148912,3,3
2018-01-19,39.23832901249267,3,3
2018-01-20,42.19183916194663,3,3
2018-01-21,44.57607448849329,3,3
2018-01-22,28.752147836172462,3,3
2018-01-23,34.818348924679704,3,3
2018-01-24,34.53401998648854,3,3
2018-01-25,36.257504348985634,3,3
2018-01-26,39.63250077415893,3,3
2018-01-27,42.59024737343821,3,3
2018-01-28,44.97784853751183,3,3
2018-01-29,29.157509492016324,3,3
2018-01-30,35.22864378395622,3,3
2018-01-01,16.661028922336726,3,4
2018-01-02,19.54712352991684,3,4
2018-01-03,19.95266634392872,3,4
2018-01-04,21.335429767326765,3,4
2018-01-05,23.80364156759439,3,4
2018-01-06,24.84506735667926,3,4
2018-01-07,26.729264236105557,3,4
2018-01-08,16.74372686688857,3,4
2018-01-09,19.59495608522436,3,4
2018-01-10,19.974362820881232,3,4
2018-01-11,21.340557131133487,3,4
2018-01-12,23.80223017541491,3,4
2018-01-13,24.847237648726896,3,4
2018-01-14,26.744865120753698,3,4
2018-01-15,16.781996017301964,3,4
2018-01-16,19.66421156540795,3,4
2018-01-17,20.081734408532313,3,4
2018-01-18,21.49176443282103,3,4
2018-01-19,24.001413175073857,3,4
2018-01-20,25.096843733291795,3,4
2018-01-21,27.045594934163404,3,4
2018-01-22,17.132808752367815,3,4
2018-01-23,20.06238856278798,3,4
2018-01-24,20.522998239904183,3,4
2018-01-25,21.970449050294846,3,4
2018-01-26,24.51067925303328,3,4
2018-01-27,25.628932054310607,3,4
2018-01-28,27.59210960931597,3,4
2018-01-29,17.68502124994867,3,4
2018-01-30,20.61155296609381,3,4
2018-01-01,14.212233462945964,3,5
2018-01-02,17.103539804898016,3,5
2018-01-03,17.34054508831023,3,5
2018-01-04,18.5091150513836,3,5
2018-01-05,19.705259633652737,3,5
2018-01-06,21.534640539296728,3,5
2018-01-07,22.288957495449264,3,5
2018-01-08,14.414283811263502,3,5
2018-01-09,17.287872628523964,3,5
2018-01-10,17.509786796049603,3,5
2018-01-11,18.666456770172047,3,5
2018-01-12,19.854255766232157,3,5
2018-01-13,21.679011753142078,3,5
2018-01-14,22.43240429312165,3,5
2018-01-15,14.560316253119296,3,5
2018-01-16,17.439661047903414,3,5
2018-01-17,17.670037491192335,3,5
2018-01-18,18.837315703169704,3,5
2018-01-19,20.037242279616713,3,5
2018-01-20,21.8749832600907,3,5
2018-01-21,22.6415518416494,3,5
2018-01-22,14.78218983909617,3,5
2018-01-23,17.673222588367892,3,5
2018-01-24,17.913738494913005,3,5
2018-01-25,19.089195916655136,3,5
2018-01-26,20.295044963746655,3,5
2018-01-27,22.1362822835178,3,5
2018-01-28,22.903885472450185,3,5
2018-01-29,15.043195984885951,3,5
2018-01-30,17.93077027595579,3,5
2018-01-01,42.16272193147081,3,6
2018-01-02,51.241558707775965,3,6
2018-01-03,51.7538664584758,3,6
2018-01-04,55.3925457912914,3,6
2018-01-05,59.777471295737925,3,6
2018-01-06,64.9693927359547,3,6
2018-01-07,69.5693548298799,3,6
2018-01-08,41.88404869922796,3,6
2018-01-09,50.981045619958174,3,6
2018-01-10,51.53336891826613,3,6
2018-01-11,55.23389427344258,3,6
2018-01-12,59.701695430716,3,6
2018-01-13,64.99600004819315,3,6
2018-01-14,69.71568338717287,3,6
2018-01-15,42.164710261323,3,6
2018-01-16,51.407472803797845,3,6
2018-01-17,52.1134765243751,3,6
2018-01-18,55.971861339823846,3,6
2018-01-19,60.597870907698,3,6
2018-01-20,66.04693132148459,3,6
2018-01-21,70.91426332507929,3,6
2018-01-22,43.50043512021425,3,6
2018-01-23,52.86680028890501,3,6
2018-01-24,53.680270644968026,3,6
2018-01-25,57.62790849249397,3,6
2018-01-26,62.32344991694809,3,6
2018-01-27,67.821419006467,3,6
2018-01-28,72.71675656017575,3,6
2018-01-29,45.31037032862913,3,6
2018-01-30,54.664551831221566,3,6
2018-01-01,43.861038164364345,3,7
2018-01-02,53.30026955191703,3,7
2018-01-03,52.584198343920875,3,7
2018-01-04,58.1170350926883,3,7
2018-01-05,62.908157921189854,3,7
2018-01-06,66.17024238009473,3,7
2018-01-07,71.089237528709,3,7
2018-01-08,43.91592097529938,3,7
2018-01-09,53.32803022230107,3,7
2018-01-10,52.598019277439896,3,7
2018-01-11,58.13049922420803,3,7
2018-01-12,62.93465657966917,3,7
2018-01-13,66.22243339222919,3,7
2018-01-14,71.17856903265287,3,7
2018-01-15,44.052233819698245,3,7
2018-01-16,53.519248907102636,3,7
2018-01-17,52.84993824725983,3,7
2018-01-18,58.44666804497636,3,7
2018-01-19,63.31636422030713,3,7
2018-01-20,66.66878858982624,3,7
2018-01-21,71.6866706426862,3,7
2018-01-22,44.617422227293936,3,7
2018-01-23,54.13542708798013,3,7
2018-01-24,53.50994898034576,3,7
2018-01-25,59.14271215683502,3,7
2018-01-26,64.04044362062587,3,7
2018-01-27,67.4131572703213,3,7
2018-01-28,72.44427676230423,3,7
2018-01-29,45.38232489800505,3,7
2018-01-30,54.90317247596019,3,7
2018-01-01,58.06398055209893,3,8
2018-01-02,69.47326095755896,3,8
2018-01-03,69.09985122949342,3,8
2018-01-04,74.92539465298943,3,8
2018-01-05,80.16253738923771,3,8
2018-01-06,87.69461642515559,3,8
2018-01-07,91.90677553617829,3,8
2018-01-08,58.01966456154489,3,8
2018-01-09,69.42800475806087,3,8
2018-01-10,69.06649945838464,3,8
2018-01-11,74.91618648259391,3,8
2018-01-12,80.18854541402335,3,8
2018-01-13,87.76528541543796,3,8
2018-01-14,92.02957384105031,3,8
2018-01-15,58.19985660036138,3,8
2018-01-16,69.66854851104847,3,8
2018-01-17,69.36806830419488,3,8
2018-01-18,75.2773102728064,3,8
2018-01-19,80.6058614680911,3,8
2018-01-20,88.23388628963284,3,8
2018-01-21,92.54343539465742,3,8
2018-01-22,58.75232714804084,3,8
2018-01-23,70.25287780011436,3,8
2018-01-24,69.97795374151065,3,8
2018-01-25,75.90743729258222,3,8
2018-01-26,81.25241518425997,3,8
2018-01-27,88.89501260860257,3,8
2018-01-28,93.21963153137223,3,8
2018-01-29,59.446743940914985,3,8
2018-01-30,70.97151926547447,3,8
2018-01-01,39.55470623057205,3,9
2018-01-02,46.00435605966322,3,9
2018-01-03,46.11552687233346,3,9
2018-01-04,49.26124831184257,3,9
2018-01-05,53.39060269708225,3,9
2018-01-06,56.797829682997204,3,9
2018-01-07,60.33256664532985,3,9
2018-01-08,38.24593091674538,3,9
2018-01-09,44.710915644483215,3,9
2018-01-10,44.88229356648479,3,9
2018-01-11,48.13264713878054,3,9
2018-01-12,52.409233984892765,3,9
2018-01-13,56.00315889735787,3,9
2018-01-14,59.75971837149601,3,9
2018-01-15,37.92462062866405,3,9
2018-01-16,44.66454880263635,3,9
2018-01-17,45.127256683798734,3,9
2018-01-18,48.677809882235195,3,9
2018-01-19,53.25567530135454,3,9
2018-01-20,57.14412373406701,3,9
2018-01-21,61.180804989154346,3,9
2018-01-22,39.60419195986455,3,9
2018-01-23,46.57435497796878,3,9
2018-01-24,47.23324990472602,3,9
2018-01-25,50.941127434184835,3,9
2018-01-26,55.633761817670795,3,9
2018-01-27,59.59195997534373,3,9
2018-01-28,63.65220749286625,3,9
2018-01-29,42.053146027744376,3,9
2018-01-30,48.956342644960756,3,9
2018-01-01,54.416146556055125,3,10
2018-01-02,64.85227467307165,3,10
2018-01-03,65.29071061043108,3,10
2018-01-04,70.01674020152583,3,10
2018-01-05,76.4744360826633,3,10
2018-01-06,81.65592575294386,3,10
2018-01-07,86.76003810358753,3,10
2018-01-08,54.56993821207276,3,10
2018-01-09,65.08297419524334,3,10
2018-01-10,65.6204337369977,3,10
2018-01-11,70.46623015708077,3,10
2018-01-12,77.0620873565614,3,10
2018-01-13,82.39692018322803,3,10
2018-01-14,87.66561930422014,3,10
2018-01-15,55.64684558793378,3,10
2018-01-16,66.33305243341704,3,10
2018-01-17,67.0404279145661,3,10
2018-01-18,72.04777063411156,3,10
2018-01-19,78.79186261305378,3,10
2018-01-20,84.25702988305306,3,10
2018-01-21,89.63409430499543,3,10
2018-01-22,57.69831651961197,3,10
2018-01-23,68.43954399157904,3,10
2018-01-24,69.17225227602378,3,10
2018-01-25,74.17449051245421,3,10
2018-01-26,80.88329250106325,3,10
2018-01-27,86.28424303335079,3,10
2018-01-28,91.57040299203,3,10
2018-01-29,59.52019410623718,3,10
2018-01-30,70.12745924243086,3,10
2018-01-01,54.79661567252687,3,11
2018-01-02,65.48363117703401,3,11
2018-01-03,66.30719376396945,3,11
2018-01-04,70.7155467626315,3,11
2018-01-05,75.07183166140598,3,11
2018-01-06,80.95481347638065,3,11
2018-01-07,86.8446800673072,3,11
2018-01-08,54.39950637715426,3,11
2018-01-09,64.81797062250666,3,11
2018-01-10,65.40612415178563,3,11
2018-01-11,69.61784925422182,3,11
2018-01-12,73.82069735472913,3,11
2018-01-13,79.5965569811867,3,11
2018-01-14,85.42742997160389,3,11
2018-01-15,52.971906410226275,3,11
2018-01-16,63.42792396491313,3,11
2018-01-17,64.0996111810189,3,11
2018-01-18,68.43784611730737,3,11
2018-01-19,72.80621922644144,3,11
2018-01-20,78.78184580333235,3,11
2018-01-21,84.84130200205887,3,11
2018-01-22,52.637270165727465,3,11
2018-01-23,63.36147425986573,3,11
2018-01-24,64.31170007439144,3,11
2018-01-25,68.93252682134097,3,11
2018-01-26,73.58145452438383,3,11
2018-01-27,79.82986839171477,3,11
2018-01-28,86.14911051187872,3,11
2018-01-29,54.18724152407512,3,11
2018-01-30,65.13207058769413,3,11
2018-01-01,51.98486418229056,3,12
2018-01-02,61.6554888044415,3,12
2018-01-03,61.865846266272754,3,12
2018-01-04,66.78323329607662,3,12
2018-01-05,71.33666012037631,3,12
2018-01-06,78.16753253975524,3,12
2018-01-07,82.66442927197352,3,12
2018-01-08,51.10547598206238,3,12
2018-01-09,60.86555819954667,3,12
2018-01-10,61.199936164797194,3,12
2018-01-11,66.27357129789365,3,12
2018-01-12,71.01207209984065,3,12
2018-01-13,78.05251252256387,3,12
2018-01-14,82.7783701121259,3,12
2018-01-15,51.4620800655398,3,12
2018-01-16,61.47244167041816,3,12
2018-01-17,62.058434164417456,3,12
2018-01-18,67.37874560108857,3,12
2018-01-19,72.35291650678349,3,12
2018-01-20,79.61234558903443,3,12
2018-01-21,84.53539944149718,3,12
2018-01-22,53.390117586949316,3,12
2018-01-23,63.54174522442837,3,12
2018-01-24,64.23664741066844,3,12
2018-01-25,69.63190584186825,3,12
2018-01-26,74.64649853591463,3,12
2018-01-27,81.91230916084709,3,12
2018-01-28,86.80920840194456,3,12
2018-01-29,55.60770009869105,3,12
2018-01-30,65.67636678302875,3,12
2018-01-01,65.70428733911143,3,13
2018-01-02,79.10279868321228,3,13
2018-01-03,78.83147050992758,3,13
2018-01-04,84.20729741199315,3,13
2018-01-05,91.36616638281122,3,13
2018-01-06,96.56330939333846,3,13
2018-01-07,102.51034186460217,3,13
2018-01-08,64.97481479305736,3,13
2018-01-09,78.2972183434487,3,13
2018-01-10,77.99286800267058,3,13
2018-01-11,83.37957105632536,3,13
2018-01-12,90.5926148358052,3,13
2018-01-13,95.88529834666294,3,13
2018-01-14,101.9660848220217,3,13
2018-01-15,64.59829873199541,3,13
2018-01-16,78.11730008229841,3,13
2018-01-17,78.03256151952387,3,13
2018-01-18,83.6555399954329,3,13
2018-01-19,91.11487817964417,3,13
2018-01-20,96.6571508979464,3,13
2018-01-21,102.98422791719962,3,13
2018-01-22,65.85317066287729,3,13
2018-01-23,79.59359020452335,3,13
2018-01-24,79.70988711327053,3,13
2018-01-25,85.50926075083046,3,13
2018-01-26,93.1170198034579,3,13
2018-01-27,98.77740686623618,3,13
2018-01-28,105.19100687331054,3,13
2018-01-29,68.11465641727575,3,13
2018-01-30,81.87878171448855,3,13
2018-01-01,45.88766979707415,3,14
2018-01-02,54.44965083518491,3,14
2018-01-03,55.2436026567988,3,14
2018-01-04,60.32495041724662,3,14
2018-01-05,63.63717298268112,3,14
2018-01-06,68.81419651055882,3,14
2018-01-07,73.07681424974987,3,14
2018-01-08,46.209205887977305,3,14
2018-01-09,54.611914468272815,3,14
2018-01-10,55.26205806871913,3,14
2018-01-11,60.21899201708375,3,14
2018-01-12,63.42937535612364,3,14
2018-01-13,68.52951605915575,3,14
2018-01-14,72.74176408513466,3,14
2018-01-15,45.851025761962404,3,14
2018-01-16,54.257757134775396,3,14
2018-01-17,54.93821256315791,3,14
2018-01-18,59.95016292766927,3,14
2018-01-19,63.238035295485844,3,14
2018-01-20,68.43534627203265,3,14
2018-01-21,72.76119551464363,3,14
2018-01-22,45.9968900094243,3,14
2018-01-23,54.53905366771566,3,14
2018-01-24,55.3599953272387,3,14
2018-01-25,60.51354629026045,3,14
2018-01-26,63.94031606888801,3,14
2018-01-27,69.27023551944092,3,14
2018-01-28,73.71915100243403,3,14
2018-01-29,47.06553761438623,3,14
2018-01-30,55.70368383116218,3,14
2018-01-01,66.87421849424025,3,15
2018-01-02,78.84880407918055,3,15
2018-01-03,80.39693283023443,3,15
2018-01-04,85.25874314523224,3,15
2018-01-05,92.49222230516665,3,15
2018-01-06,98.97624946415434,3,15
2018-01-07,105.82379760113584,3,15
2018-01-08,66.48118679236177,3,15
2018-01-09,78.33944422567748,3,15
2018-01-10,79.80864333857144,3,15
2018-01-11,84.63137915761529,3,15
2018-01-12,91.86666385008881,3,15
2018-01-13,98.39301112089042,3,15
2018-01-14,105.3217179266938,3,15
2018-01-15,66.09623245711813,3,15
2018-01-16,78.10365950316421,3,15
2018-01-17,79.7492705451514,3,15
2018-01-18,84.77016998817231,3,15
2018-01-19,92.21939548222743,3,15
2018-01-20,98.96921463397061,3,15
2018-01-21,106.12462019159695,3,15
2018-01-22,67.1229063729653,3,15
2018-01-23,79.34537146931532,3,15
2018-01-24,81.19200851615187,3,15
2018-01-25,86.39533052196958,3,15
2018-01-26,94.00460397923092,3,15
2018-01-27,100.88924959037367,3,15
2018-01-28,108.15240982579937,3,15
2018-01-29,69.23056449473478,3,15
2018-01-30,81.50523895893645,3,15
2018-01-01,20.033024267665624,3,16
2018-01-02,23.54074766587147,3,16
2018-01-03,24.23436642186742,3,16
2018-01-04,26.15844016455758,3,16
2018-01-05,27.74987831535981,3,16
2018-01-06,29.909520473053934,3,16
2018-01-07,31.829602948242396,3,16
2018-01-08,19.982159970163345,3,16
2018-01-09,23.420897271410933,3,16
2018-01-10,24.050065763312706,3,16
2018-01-11,25.91582467255261,3,16
2018-01-12,27.456525576321656,3,16
2018-01-13,29.574272125300368,3,16
2018-01-14,31.46236906622102,3,16
2018-01-15,19.59370928565231,3,16
2018-01-16,23.02263673933333,3,16
2018-01-17,23.65381309890602,3,16
2018-01-18,25.533577562735516,3,16
2018-01-19,27.100231301635677,3,16
2018-01-20,29.255601316209944,3,16
2018-01-21,31.192497259026833,3,16
2018-01-22,19.383109835578672,3,16
2018-01-23,22.880888492328726,3,16
2018-01-24,23.589426015953723,3,16
2018-01-25,25.553839233339577,3,16
2018-01-26,27.211076974840342,3,16
2018-01-27,29.461509721750595,3,16
2018-01-28,31.496414087604627,3,16
2018-01-29,19.786400302903083,3,16
2018-01-30,23.383319927153174,3,16
2018-01-01,25.355488849559567,3,17
2018-01-02,30.401909757520414,3,17
2018-01-03,30.611967176114163,3,17
2018-01-04,33.011506408367254,3,17
2018-01-05,34.706145566178485,3,17
2018-01-06,36.717447698528694,3,17
2018-01-07,39.89852212136557,3,17
2018-01-08,25.100108609094995,3,17
2018-01-09,30.112257507894036,3,17
2018-01-10,30.30469748680425,3,17
2018-01-11,32.7037452688871,3,17
2018-01-12,34.41494705022497,3,17
2018-01-13,36.45927971136924,3,17
2018-01-14,39.68879419780588,3,17
2018-01-15,24.952753100298338,3,17
2018-01-16,30.03937360286095,3,17
2018-01-17,30.31626542020885,3,17
2018-01-18,32.80741583212674,3,17
2018-01-19,34.615909215806944,3,17
2018-01-20,36.760206866153844,3,17
2018-01-21,40.08986722600856,3,17
2018-01-22,25.451756422290003,3,17
2018-01-23,30.631858321085204,3,17
2018-01-24,30.995771996190797,3,17
2018-01-25,33.56574726561066,3,17
2018-01-26,35.44344454974658,3,17
2018-01-27,37.64624402772574,3,17
2018-01-28,41.022983744910235,3,17
2018-01-29,26.420176452423217,3,17
2018-01-30,31.623814618950878,3,17
2018-01-01,62.77970176928397,3,18
2018-01-02,75.13544740944508,3,18
2018-01-03,75.87596766781886,3,18
2018-01-04,81.362309578935,3,18
2018-01-05,87.53920388700075,3,18
2018-01-06,92.66623238588458,3,18
2018-01-07,99.83839669784533,3,18
2018-01-08,61.84355736570157,3,18
2018-01-09,74.14896571946053,3,18
2018-01-10,74.88424425491513,3,18
2018-01-11,80.41088788006776,3,18
2018-01-12,86.67259070469973,3,18
2018-01-13,91.92650695549814,3,18
2018-01-14,99.26395105560402,3,18
2018-01-15,61.468000947171966,3,18
2018-01-16,74.00022147519954,3,18
2018-01-17,74.98385726208697,3,18
2018-01-18,80.773560640944,3,18
2018-01-19,87.30595226522439,3,18
2018-01-20,92.83111585085787,3,18
2018-01-21,100.43352510848592,3,18
2018-01-22,62.8898603023331,3,18
2018-01-23,75.6559251458923,3,18
2018-01-24,76.85000805084046,3,18
2018-01-25,82.82274873521438,3,18
2018-01-26,89.50780421043925,3,18
2018-01-27,95.1534130685231,3,18
2018-01-28,102.84335470448961,3,18
2018-01-29,65.35476063808471,3,18
2018-01-30,78.14498950052887,3,18
2018-01-01,30.61124387277,3,19
2018-01-02,36.15809940027235,3,19
2018-01-03,36.633852250002334,3,19
2018-01-04,39.4012603682843,3,19
2018-01-05,42.300874849747686,3,19
2018-01-06,45.943834948829846,3,19
2018-01-07,48.611835692973855,3,19
2018-01-08,30.639151335789702,3,19
2018-01-09,36.13531521361105,3,19
2018-01-10,36.57405289234568,3,19
2018-01-11,39.319078412445904,3,19
2018-01-12,42.21137520291738,3,19
2018-01-13,45.86201131065276,3,19
2018-01-14,48.552140164289206,3,19
2018-01-15,30.61506868292615,3,19
2018-01-16,36.15899160240191,3,19
2018-01-17,36.6559870083348,3,19
2018-01-18,39.46788083348007,3,19
2018-01-19,42.433599750514844,3,19
2018-01-20,46.162059935102896,3,19
2018-01-21,48.932240778216034,3,19
2018-01-22,31.075323304164193,3,19
2018-01-23,36.69749025641494,3,19
2018-01-24,37.2689811176957,3,19
2018-01-25,40.15000833309507,3,19
2018-01-26,43.178152943440395,3,19
2018-01-27,46.961286174831926,3,19
2018-01-28,49.77766544250476,3,19
2018-01-29,31.958084226787378,3,19
2018-01-30,37.60867279975599,3,19
2018-01-01,38.60669512630217,3,20
2018-01-02,45.78360170562715,3,20
2018-01-03,45.51740584393036,3,20
2018-01-04,49.940225026954124,3,20
2018-01-05,52.89596613507968,3,20
2018-01-06,56.02212221580909,3,20
2018-01-07,59.01385951602989,3,20
2018-01-08,37.66810051307611,3,20
2018-01-09,44.75366740473642,3,20
2018-01-10,44.432412481351264,3,20
2018-01-11,48.83695459051686,3,20
2018-01-12,51.81060056504531,3,20
2018-01-13,54.9892070063086,3,20
2018-01-14,58.06535972252537,3,20
2018-01-15,36.83257311528888,3,20
2018-01-16,44.05556992573063,3,20
2018-01-17,43.891563244368314,3,20
2018-01-18,48.46815514164725,3,20
2018-01-19,51.6234257531607,3,20
2018-01-20,54.98796313801075,3,20
2018-01-21,58.24920625086263,3,20
2018-01-22,37.19579861529502,3,20
2018-01-23,44.58800879413848,3,20
2018-01-24,44.579135747858544,3,20
2018-01-25,49.29351023466193,3,20
2018-01-26,52.56666356960666,3,20
2018-01-27,56.027412295508164,3,20
2018-01-28,59.36223012289038,3,20
2018-01-29,38.359604545147455,3,20
2018-01-30,45.78043482596547,3,20
2018-01-01,31.835572034530003,3,21
2018-01-02,38.34533286352216,3,21
2018-01-03,37.86319580066661,3,21
2018-01-04,41.34494777388883,3,21
2018-01-05,43.64233264120156,3,21
2018-01-06,47.54604519751133,3,21
2018-01-07,50.62849226614001,3,21
2018-01-08,31.695092070251917,3,21
2018-01-09,38.15983796306842,3,21
2018-01-10,37.64269175756606,3,21
2018-01-11,41.10006525706301,3,21
2018-01-12,43.38395227431076,3,21
2018-01-13,47.284945968130266,3,21
2018-01-14,50.37503175377324,3,21
2018-01-15,31.458925619789728,3,21
2018-01-16,37.94968242999157,3,21
2018-01-17,37.466137864372755,3,21
2018-01-18,40.963440972237734,3,21
2018-01-19,43.2922380072536,3,21
2018-01-20,47.24174080874113,3,21
2018-01-21,50.382568519423664,3,21
2018-01-22,31.518131140660575,3,21
2018-01-23,38.06027834289339,3,21
2018-01-24,37.62677621700914,3,21
2018-01-25,41.17186818925327,3,21
2018-01-26,43.54548024505348,3,21
2018-01-27,47.536303437414176,3,21
2018-01-28,50.714642411094445,3,21
2018-01-29,31.883798611574154,3,21
2018-01-30,38.455711969764685,3,21
2018-01-01,59.92017014967881,3,22
2018-01-02,72.17203986928902,3,22
2018-01-03,72.41019705295497,3,22
2018-01-04,76.63661451612201,3,22
2018-01-05,84.83707201474061,3,22
2018-01-06,90.04435370629302,3,22
2018-01-07,96.37991728885865,3,22
2018-01-08,58.75865601223374,3,22
2018-01-09,70.87976095794996,3,22
2018-01-10,71.03026963617532,3,22
2018-01-11,75.21548948326125,3,22
2018-01-12,83.42312148626948,3,22
2018-01-13,88.6864493490702,3,22
2018-01-14,95.1260377408914,3,22
2018-01-15,57.654559351923496,3,22
2018-01-16,69.96775576643554,3,22
2018-01-17,70.34811497612228,3,22
2018-01-18,74.79545014111439,3,22
2018-01-19,83.29120021712342,3,22
2018-01-20,88.86181274602382,3,22
2018-01-21,95.6206468711464,3,22
2018-01-22,58.4730106036739,3,22
2018-01-23,71.10733159390391,3,22
2018-01-24,71.79903856106478,3,22
2018-01-25,76.54133256571836,3,22
2018-01-26,85.30966370051115,3,22
2018-01-27,91.12526897304441,3,22
2018-01-28,98.0972055438101,3,22
2018-01-29,61.12749018217448,3,22
2018-01-30,73.90234182926613,3,22
2018-01-01,22.05148015560062,3,23
2018-01-02,26.65282498835348,3,23
2018-01-03,27.105721169640802,3,23
2018-01-04,28.754461409153272,3,23
2018-01-05,31.237769698939356,3,23
2018-01-06,33.51637164006203,3,23
2018-01-07,36.202439408494996,3,23
2018-01-08,22.518055421897177,3,23
2018-01-09,27.083159129529406,3,23
2018-01-10,27.494099451571522,3,23
2018-01-11,29.096293115745084,3,23
2018-01-12,31.529648832950027,3,23
2018-01-13,33.756127393258005,3,23
2018-01-14,36.389174442861204,3,23
2018-01-15,22.65216996846662,3,23
2018-01-16,27.16635896300246,3,23
2018-01-17,27.529385943043536,3,23
2018-01-18,29.087933800696085,3,23
2018-01-19,31.48312725641095,3,23
2018-01-20,33.67807139978174,3,23
2018-01-21,36.28726255787304,3,23
2018-01-22,22.535016054768306,3,23
2018-01-23,27.043375918389543,3,23
2018-01-24,27.410629811476397,3,23
2018-01-25,28.98393028378372,3,23
2018-01-26,31.40468321107666,3,23
2018-01-27,33.63607447398442,3,23
2018-01-28,36.29247262538684,3,23
2018-01-29,22.597852547255552,3,23
2018-01-30,27.17370549588164,3,23
2018-01-01,50.349575866305145,3,24
2018-01-02,61.20446499240338,3,24
2018-01-03,60.51962642376107,3,24
2018-01-04,66.05695592197708,3,24
2018-01-05,71.09788634779893,3,24
2018-01-06,76.53335159651355,3,24
2018-01-07,81.36936592843975,3,24
2018-01-08,50.66703526739026,3,24
2018-01-09,61.49669070702196,3,24
2018-01-10,60.80063539137538,3,24
2018-01-11,66.34133544080541,3,24
2018-01-12,71.40015301815247,3,24
2018-01-13,76.86735418259217,3,24
2018-01-14,81.74774879168251,3,24
2018-01-15,51.1007766410458,3,24
2018-01-16,61.99472734483655,3,24
2018-01-17,61.36958212484856,3,24
2018-01-18,66.985305005735,3,24
2018-01-19,72.12067826346639,3,24
2018-01-20,77.66341154337718,3,24
2018-01-21,82.61587879247611,3,24
2018-01-22,52.035294278775865,3,24
2018-01-23,62.988012570798716,3,24
2018-01-24,62.412438365736705,3,24
2018-01-25,68.06737180288509,3,24
2018-01-26,73.23088270758133,3,24
2018-01-27,78.79044227825494,3,24
2018-01-28,83.74866596581252,3,24
2018-01-29,53.16347894310337,3,24
2018-01-30,64.10238965891267,3,24
2018-01-01,63.10525770534709,3,25
2018-01-02,74.68428134150317,3,25
2018-01-03,76.31142578498466,3,25
2018-01-04,82.07596667802149,3,25
2018-01-05,87.1850365913742,3,25
2018-01-06,94.10339024421644,3,25
2018-01-07,98.74093718055654,3,25
2018-01-08,62.34588934946272,3,25
2018-01-09,73.75307981399524,3,25
2018-01-10,75.2455860692905,3,25
2018-01-11,80.91633294366255,3,25
2018-01-12,85.9747780053275,3,25
2018-01-13,92.88666718967185,3,25
2018-01-14,97.56159375808889,3,25
2018-01-15,61.246206446217265,3,25
2018-01-16,72.772620559465,3,25
2018-01-17,74.42016223629241,3,25
2018-01-18,80.27711689318322,3,25
2018-01-19,85.5475802367935,3,25
2018-01-20,92.69139456821817,3,25
2018-01-21,97.61189819383563,3,25
2018-01-22,61.5493283392764,3,25
2018-01-23,73.3294258542852,3,25
2018-01-24,75.22536659001902,3,25
2018-01-25,81.31968540511667,3,25
2018-01-26,86.81128653596278,3,25
2018-01-27,94.15551894041727,3,25
2018-01-28,99.25204094413972,3,25
2018-01-29,63.33831182723938,3,25
2018-01-30,75.23825665897927,3,25
2018-01-01,34.78263306616892,3,26
2018-01-02,41.499720754804976,3,26
2018-01-03,41.951011317584125,3,26
2018-01-04,45.91898510043995,3,26
2018-01-05,48.93240660851641,3,26
2018-01-06,52.83437137657362,3,26
2018-01-07,56.37198472015282,3,26
2018-01-08,35.195125451051055,3,26
2018-01-09,41.96202242727403,3,26
2018-01-10,42.46295710865844,3,26
2018-01-11,46.47972182192302,3,26
2018-01-12,49.54026388919559,3,26
2018-01-13,53.48678394535537,3,26
2018-01-14,57.06546740066199,3,26
2018-01-15,35.92530014364344,3,26
2018-01-16,42.72369445351478,3,26
2018-01-17,43.25023654393502,3,26
2018-01-18,47.286183894297515,3,26
2018-01-19,50.35914122682386,3,26
2018-01-20,54.311182444222325,3,26
2018-01-21,57.88859678908967,3,26
2018-01-22,36.74070995263604,3,26
2018-01-23,43.52550607128874,3,26
2018-01-24,44.03336232741362,3,26
2018-01-25,48.04652491786891,3,26
2018-01-26,51.09375613775968,3,26
2018-01-27,55.01842103316942,3,26
2018-01-28,58.5681932242146,3,26
2018-01-29,37.393832124236496,3,26
2018-01-30,44.154759088412206,3,26
2018-01-01,16.26269661195726,3,27
2018-01-02,19.527906783759782,3,27
2018-01-03,19.490601586058354,3,27
2018-01-04,21.149971243351573,3,27
2018-01-05,22.719455215721133,3,27
2018-01-06,24.28597176187389,3,27
2018-01-07,26.46883187325046,3,27
2018-01-08,15.842278750655051,3,27
2018-01-09,19.16492109915807,3,27
2018-01-10,19.20117710769835,3,27
2018-01-11,20.948660217106546,3,27
2018-01-12,22.61875775681462,3,27
2018-01-13,24.295930163222323,3,27
2018-01-14,26.59670615233082,3,27
2018-01-15,16.092312498010884,3,27
2018-01-16,19.538203921165948,3,27
2018-01-17,19.695607019033183,3,27
2018-01-18,21.5590063192702,3,27
2018-01-19,23.336820528688236,3,27
2018-01-20,25.110793774234317,3,27
2018-01-21,27.495074475350815,3,27
2018-01-22,17.05891802536697,3,27
2018-01-23,20.556276647016563,3,27
2018-01-24,20.74738860396939,3,27
2018-01-25,22.62629355112267,3,27
2018-01-26,24.40152127177057,3,27
2018-01-27,26.155478282764776,3,27
2018-01-28,28.503505140715596,3,27
2018-01-29,18.016541327556247,3,27
2018-01-30,21.45066226214665,3,27
2018-01-01,66.75837806520991,3,28
2018-01-02,80.43957975356159,3,28
2018-01-03,80.8760640805875,3,28
2018-01-04,87.70252503256668,3,28
2018-01-05,93.28828436002112,3,28
2018-01-06,100.67745438873277,3,28
2018-01-07,105.97179210635315,3,28
2018-01-08,67.00029131943933,3,28
2018-01-09,80.62290677428747,3,28
2018-01-10,81.01443706147542,3,28
2018-01-11,87.81066533280622,3,28
2018-01-12,93.38130199495967,3,28
2018-01-13,100.77020669403052,3,28
2018-01-14,106.07831979344593,3,28
2018-01-15,67.13334677589202,3,28
2018-01-16,80.79358572837316,3,28
2018-01-17,81.23192075597919,3,28
2018-01-18,88.0820762602029,3,28
2018-01-19,93.7116721722575,3,28
2018-01-20,101.16255352171737,3,28
2018-01-21,106.53382087679375,3,28
2018-01-22,67.65160179391715,3,28
2018-01-23,81.37295062188794,3,28
2018-01-24,81.86989724430886,3,28
2018-01-25,88.7757380595411,3,28
2018-01-26,94.4581083131483,3,28
2018-01-27,101.95930887893695,3,28
2018-01-28,107.37931442342288,3,28
2018-01-29,68.54550416349322,3,28
2018-01-30,82.31650425230802,3,28
2018-01-01,53.27193982889432,3,29
2018-01-02,64.83966225386763,3,29
2018-01-03,64.63491721849506,3,29
2018-01-04,69.05221684133431,3,29
2018-01-05,74.19309122153408,3,29
2018-01-06,78.48529254986323,3,29
2018-01-07,83.50241017623779,3,29
2018-01-08,52.091101970994806,3,29
2018-01-09,63.59550160336241,3,29
2018-01-10,63.370435474568964,3,29
2018-01-11,67.81104489433335,3,29
2018-01-12,73.0181527334224,3,29
2018-01-13,77.41754145965476,3,29
2018-01-14,82.57967583401066,3,29
2018-01-15,51.347071653801684,3,29
2018-01-16,63.05886545182443,3,29
2018-01-17,63.064213562331396,3,29
2018-01-18,67.75211036024746,3,29
2018-01-19,73.21695884731817,3,29
2018-01-20,77.87805432973995,3,29
2018-01-21,83.29950838168295,3,29
2018-01-22,52.31780864930621,3,29
2018-01-23,64.26656399259734,3,29
2018-01-24,64.49005852784599,3,29
2018-01-25,69.37320023220451,3,29
2018-01-26,75.00719394544203,3,29
2018-01-27,79.80909707261169,3,29
2018-01-28,85.34178368869817,3,29
2018-01-29,54.44151209295897,3,29
2018-01-30,66.44264577822152,3,29
2018-01-01,32.22938893857143,3,30
2018-01-02,38.086466005986225,3,30
2018-01-03,38.450117479832784,3,30
2018-01-04,40.20079822665052,3,30
2018-01-05,43.09524419520915,3,30
2018-01-06,46.26178717384098,3,30
2018-01-07,50.24624675796115,3,30
2018-01-08,32.17353614540167,3,30
2018-01-09,38.02919087647459,3,30
2018-01-10,38.40277741393331,3,30
2018-01-11,40.17348567636552,3,30
2018-01-12,43.09640022871946,3,30
2018-01-13,46.29790468175018,3,30
2018-01-14,50.32167062203019,3,30
2018-01-15,32.29036424689582,3,30
2018-01-16,38.18727632569501,3,30
2018-01-17,38.59982894687808,3,30
2018-01-18,40.40525989213346,3,30
2018-01-19,43.3569763351424,3,30
2018-01-20,46.58002976398708,3,30
2018-01-21,50.61716123059402,3,30
2018-01-22,32.59054837900397,3,30
2018-01-23,38.483458697721666,3,30
2018-01-24,38.88376185249384,3,30
2018-01-25,40.669601926503375,3,30
2018-01-26,43.5957218305066,3,30
2018-01-27,46.78889290568966,3,30
2018-01-28,50.79390045932564,3,30
2018-01-29,32.73521878348964,3,30
2018-01-30,38.59858258522752,3,30
2018-01-01,44.04986888780246,3,31
2018-01-02,53.75988150184352,3,31
2018-01-03,54.325876699696835,3,31
2018-01-04,58.41974515406007,3,31
2018-01-05,62.18015273638177,3,31
2018-01-06,65.8531152943844,3,31
2018-01-07,71.81106591885701,3,31
2018-01-08,43.44419532427481,3,31
2018-01-09,53.133806920210986,3,31
2018-01-10,53.710535999335015,3,31
2018-01-11,57.84614552887078,3,31
2018-01-12,61.67814212867802,3,31
2018-01-13,65.45042504612772,3,31
2018-01-14,71.532453829486,3,31
2018-01-15,43.310711807976496,3,31
2018-01-16,53.16220285362835,3,31
2018-01-17,53.91282629344536,3,31
2018-01-18,58.229337577979635,3,31
2018-01-19,62.244133234626815,3,31
2018-01-20,66.1960678293404,3,31
2018-01-21,72.44978367164721,3,31
2018-01-22,44.38732566060668,3,31
2018-01-23,54.38177443024598,3,31
2018-01-24,55.25573885271669,3,31
2018-01-25,59.67341231120864,3,31
2018-01-26,63.76542877122945,3,31
2018-01-27,67.76972463777645,3,31
2018-01-28,74.05088619358492,3,31
2018-01-29,45.99175489862209,3,31
2018-01-30,55.967024396552915,3,31
2018-01-01,34.08244450932804,3,32
2018-01-02,40.66547484182483,3,32
2018-01-03,41.01252547739183,3,32
2018-01-04,44.30603904076963,3,32
2018-01-05,47.27316651486278,3,32
2018-01-06,50.86358358791515,3,32
2018-01-07,54.432913604219216,3,32
2018-01-08,33.83414185092676,3,32
2018-01-09,40.40717852297645,3,32
2018-01-10,40.76480404121054,3,32
2018-01-11,44.08823414156387,3,32
2018-01-12,47.10267643575806,3,32
2018-01-13,50.755249835809934,3,32
2018-01-14,54.39852773919071,3,32
2018-01-15,33.882085484855466,3,32
2018-01-16,40.542204877411635,3,32
2018-01-17,40.98796473245533,3,32
2018-01-18,44.39695010349763,3,32
2018-01-19,47.49094724650881,3,32
2018-01-20,51.213991319364354,3,32
2018-01-21,54.91602370143451,3,32
2018-01-22,34.44453593008265,3,32
2018-01-23,41.134350141507056,3,32
2018-01-24,41.59376274035971,3,32
2018-01-25,45.0002824770292,3,32
2018-01-26,48.076329287798615,3,32
2018-01-27,51.76726099320251,3,32
2018-01-28,55.42498562123217,3,32
2018-01-29,34.89953798918884,3,32
2018-01-30,41.52877276017395,3,32
2018-01-01,53.153357896401964,3,33
2018-01-02,62.96608293977488,3,33
2018-01-03,62.63541023592447,3,33
2018-01-04,67.88951535079568,3,33
2018-01-05,73.03727499184922,3,33
2018-01-06,78.29162996410021,3,33
2018-01-07,84.17937079860012,3,33
2018-01-08,53.150847487179256,3,33
2018-01-09,63.035266193294376,3,33
2018-01-10,62.78852725524857,3,33
2018-01-11,68.13652368753364,3,33
2018-01-12,73.38542921138593,3,33
2018-01-13,78.74519182620743,3,33
2018-01-14,84.73945618159553,3,33
2018-01-15,53.81541139731188,3,33
2018-01-16,63.79922247335762,3,33
2018-01-17,63.64399508954016,3,33
2018-01-18,69.0731888269894,3,33
2018-01-19,74.39100414413426,3,33
2018-01-20,79.80595599883291,3,33
2018-01-21,85.84085492967371,3,33
2018-01-22,54.94269053309139,3,33
2018-01-23,64.93807455366026,3,33
2018-01-24,64.78119325941208,3,33
2018-01-25,70.19718480571366,3,33
2018-01-26,75.4924683522377,3,33
2018-01-27,80.8782399700021,3,33
2018-01-28,86.88035892598751,3,33
2018-01-29,55.94912260062173,3,33
2018-01-30,65.91459099587547,3,33
2018-01-01,20.911649379638643,3,34
2018-01-02,24.362129702651877,3,34
2018-01-03,24.813263407195087,3,34
2018-01-04,26.25123756002926,3,34
2018-01-05,28.356487081129256,3,34
2018-01-06,30.464877480737734,3,34
2018-01-07,31.782170765754532,3,34
2018-01-08,20.464259890247767,3,34
2018-01-09,23.858542638049148,3,34
2018-01-10,24.271140974053857,3,34
2018-01-11,25.688852678905555,3,34
2018-01-12,27.792181520095145,3,34
2018-01-13,29.916541387072947,3,34
2018-01-14,31.266757100027494,3,34
2018-01-15,19.997345926980135,3,34
2018-01-16,23.45394905539242,3,34
2018-01-17,23.940617164189298,3,34
2018-01-18,25.441834826452165,3,34
2018-01-19,27.635627781008477,3,34
2018-01-20,29.85484621741545,3,34
2018-01-21,31.301744499045377,3,34
2018-01-22,20.1283391341934,3,34
2018-01-23,23.67791213952333,3,34
2018-01-24,24.252362016833715,3,34
2018-01-25,25.834285378008886,3,34
2018-01-26,28.100131831567868,3,34
2018-01-27,30.38152415782555,3,34
2018-01-28,31.879863409999604,3,34
2018-01-29,20.746700312876683,3,34
2018-01-30,24.32524001568904,3,34
2018-01-01,49.72529810041072,3,35
2018-01-02,59.912256281693566,3,35
2018-01-03,59.86442660936204,3,35
2018-01-04,64.86965552820789,3,35
2018-01-05,69.94420515416303,3,35
2018-01-06,75.46926568754701,3,35
2018-01-07,79.17930584550183,3,35
2018-01-08,49.647500145106356,3,35
2018-01-09,59.646857046145286,3,35
2018-01-10,59.428980667448,3,35
2018-01-11,64.28669974228139,3,35
2018-01-12,69.24054531087044,3,35
2018-01-13,74.67518826657201,3,35
2018-01-14,78.32773421316946,3,35
2018-01-15,48.773115315283924,3,35
2018-01-16,58.785203538678914,3,35
2018-01-17,58.6155779219426,3,35
2018-01-18,63.55617901488398,3,35
2018-01-19,68.62583101736634,3,35
2018-01-20,74.20674135916552,3,35
2018-01-21,78.0328734319555,3,35
2018-01-22,48.675430078693466,3,35
2018-01-23,58.90406988701507,3,35
2018-01-24,58.96578635455609,3,35
2018-01-25,64.14768033275101,3,35
2018-01-26,69.46360345705243,3,35
2018-01-27,75.2907794526441,3,35
2018-01-28,79.35829620786808,3,35
2018-01-29,50.23270350708263,3,35
2018-01-30,60.67933591126794,3,35
2018-01-01,60.98659670664463,3,36
2018-01-02,71.81795044005483,3,36
2018-01-03,71.68819863803967,3,36
2018-01-04,77.27590999201189,3,36
2018-01-05,83.06013620431395,3,36
2018-01-06,90.04962942577473,3,36
2018-01-07,94.31901014984217,3,36
2018-01-08,60.5028786286212,3,36
2018-01-09,71.118630692159,3,36
2018-01-10,70.81017173088716,3,36
2018-01-11,76.2599439039903,3,36
2018-01-12,81.9495175580415,3,36
2018-01-13,88.88881739437211,3,36
2018-01-14,93.15233495224982,3,36
2018-01-15,59.373317838537616,3,36
2018-01-16,70.0666931265026,3,36
2018-01-17,69.87291452555178,3,36
2018-01-18,75.47014365676833,3,36
2018-01-19,81.3350112750297,3,36
2018-01-20,88.4720235674618,3,36
2018-01-21,92.9499595859851,3,36
2018-01-22,59.396244788096745,3,36
2018-01-23,70.32005286358427,3,36
2018-01-24,70.35632055060597,3,36
2018-01-25,76.17808136112517,3,36
2018-01-26,82.25736023040025,3,36
2018-01-27,89.59469108178712,3,36
2018-01-28,94.25560097581732,3,36
2018-01-29,60.86504423538204,3,36
2018-01-30,71.93053795879321,3,36
2018-01-01,22.45169417043597,3,37
2018-01-02,27.0181599982772,3,37
2018-01-03,26.853432924723826,3,37
2018-01-04,29.071419174573457,3,37
2018-01-05,31.083341534187962,3,37
2018-01-06,33.70668669122611,3,37
2018-01-07,35.249579001559525,3,37
2018-01-08,22.470838682964573,3,37
2018-01-09,27.00152545123683,3,37
2018-01-10,26.81105575201329,3,37
2018-01-11,29.013993307436742,3,37
2018-01-12,31.021770108976273,3,37
2018-01-13,33.65165203655215,3,37
2018-01-14,35.21114389939023,3,37
2018-01-15,22.458090611902584,3,37
2018-01-16,27.02227390881439,3,37
2018-01-17,26.871590869657815,3,37
2018-01-18,29.118911872930745,3,37
2018-01-19,31.173872863244497,3,37
2018-01-20,33.85191378012158,3,37
2018-01-21,35.45875560050352,3,37
2018-01-22,22.750570420475505,3,37
2018-01-23,27.35564181781926,3,37
2018-01-24,27.240599787985257,3,37
2018-01-25,29.517326141480886,3,37
2018-01-26,31.594783805848316,3,37
2018-01-27,34.28808077600187,3,37
2018-01-28,35.90296042292328,3,37
2018-01-29,23.19597223057397,3,37
2018-01-30,27.796120237040974,3,37
2018-01-01,61.61274816966936,3,38
2018-01-02,73.14967877523864,3,38
2018-01-03,74.32087037900115,3,38
2018-01-04,80.80876272892553,3,38
2018-01-05,86.68733729335354,3,38
2018-01-06,91.44842086590745,3,38
2018-01-07,97.94029056033312,3,38
2018-01-08,61.021499764224835,3,38
2018-01-09,72.46533281710282,3,38
2018-01-10,73.57998768422121,3,38
2018-01-11,80.04959493806672,3,38
2018-01-12,85.948547627603,3,38
2018-01-13,90.7678549527958,3,38
2018-01-14,97.35383049217981,3,38
2018-01-15,60.562031175467006,3,38
2018-01-16,72.16185063299022,3,38
2018-01-17,73.45686144002963,3,38
2018-01-18,80.12600933502266,3,38
2018-01-19,86.23812844328633,3,38
2018-01-20,91.27848471732341,3,38
2018-01-21,98.08765264877809,3,38
2018-01-22,61.51563592169683,3,38
2018-01-23,73.32663044898769,3,38
2018-01-24,74.81951958703553,3,38
2018-01-25,81.66920048702127,3,38
2018-01-26,87.94120719711307,3,38
2018-01-27,93.11833510593927,3,38
2018-01-28,100.0395700107297,3,38
2018-01-29,63.55423160483485,3,38
2018-01-30,75.42672984465302,3,38
2018-01-01,34.010107604146896,3,39
2018-01-02,40.79295236369804,3,39
2018-01-03,42.22859919982545,3,39
2018-01-04,44.56493575005348,3,39
2018-01-05,47.869728715389314,3,39
2018-01-06,50.521692950213044,3,39
2018-01-07,55.55492785467872,3,39
2018-01-08,34.86737422029132,3,39
2018-01-09,41.53884547469838,3,39
2018-01-10,42.86116934850743,3,39
2018-01-11,45.085245441264405,3,39
2018-01-12,48.28158754053558,3,39
2018-01-13,50.83135077987741,3,39
2018-01-14,55.77073571498833,3,39
2018-01-15,34.99942280628862,3,39
2018-01-16,41.59859132835107,3,39
2018-01-17,42.86105854838777,3,39
2018-01-18,45.03834422398167,3,39
2018-01-19,48.20122862230444,3,39
2018-01-20,50.730803290073744,3,39
2018-01-21,55.66290562416531,3,39
2018-01-22,34.896589558147525,3,39
2018-01-23,41.5121851077068,3,39
2018-01-24,42.80148126850838,3,39
2018-01-25,45.01483593985152,3,39
2018-01-26,48.22177970588006,3,39
2018-01-27,50.80211138145947,3,39
2018-01-28,55.79037512884123,3,39
2018-01-29,35.08437033392836,3,39
2018-01-30,41.76324599724522,3,39
2018-01-01,24.053467262568677,3,40
2018-01-02,27.85516404322444,3,40
2018-01-03,28.056664120086992,3,40
2018-01-04,30.234041672072685,3,40
2018-01-05,31.891230044760555,3,40
2018-01-06,34.70938671078807,3,40
2018-01-07,37.14319724063746,3,40
2018-01-08,23.48119677154515,3,40
2018-01-09,27.230226504265993,3,40
2018-01-10,27.397732323743597,3,40
2018-01-11,29.560238250140415,3,40
2018-01-12,31.221524965149015,3,40
2018-01-13,34.06203050938843,3,40
2018-01-14,36.53520549764037,3,40
2018-01-15,22.92789931459803,3,40
2018-01-16,26.74489244545937,3,40
2018-01-17,26.991279391021944,3,40
2018-01-18,29.241032038308802,3,40
2018-01-19,30.995270797765293,3,40
2018-01-20,33.931757658307475,3,40
2018-01-21,36.50134064255483,3,40
2018-01-22,22.988423423687387,3,40
2018-01-23,26.895572801396632,3,40
2018-01-24,27.225966341270933,3,40
2018-01-25,29.552008277690277,3,40
2018-01-26,31.373639639494062,3,40
2018-01-27,34.36785585392501,3,40
2018-01-28,36.9851608879149,3,40
2018-01-29,23.51003174651874,3,40
2018-01-30,27.44550655142634,3,40
2018-01-01,17.025089693794904,3,41
2018-01-02,20.404898219823288,3,41
2018-01-03,20.398196944244326,3,41
2018-01-04,22.075595459172007,3,41
2018-01-05,23.584759280880075,3,41
2018-01-06,25.0464996502154,3,41
2018-01-07,26.84591275806916,3,41
2018-01-08,16.65960114430165,3,41
2018-01-09,20.055119494891272,3,41
2018-01-10,20.077020459696683,3,41
2018-01-11,21.795073824315416,3,41
2018-01-12,23.35572604786578,3,41
2018-01-13,24.878241430875423,3,41
2018-01-14,26.745901479674384,3,41
2018-01-15,16.633293216208926,3,41
2018-01-16,20.10582649037366,3,41
2018-01-17,20.205853649303407,3,41
2018-01-18,22.00096259545006,3,41
2018-01-19,23.635507980397804,3,41
2018-01-20,25.2268196355141,3,41
2018-01-21,27.156462809241397,3,41
2018-01-22,17.097579185656254,3,41
2018-01-23,20.614447241642132,3,41
2018-01-24,20.748634110989194,3,41
2018-01-25,22.567309149023647,3,41
2018-01-26,24.21478347341055,3,41
2018-01-27,25.80871448998433,3,41
2018-01-28,27.731350256286422,3,41
2018-01-29,17.656843306048977,3,41
2018-01-30,21.15077347923462,3,41
2018-01-01,27.491270840596414,3,42
2018-01-02,32.7528245124717,3,42
2018-01-03,32.76845515466151,3,42
2018-01-04,35.61765045445509,3,42
2018-01-05,38.60383555723692,3,42
2018-01-06,41.42944545959811,3,42
2018-01-07,44.1306131682303,3,42
2018-01-08,27.660527717979935,3,42
2018-01-09,32.87587901332042,3,42
2018-01-10,32.855908736075556,3,42
2018-01-11,35.682088193054604,3,42
2018-01-12,38.659318073734845,3,42
2018-01-13,41.49098142404344,3,42
2018-01-14,44.21362715754182,3,42
2018-01-15,27.780337924419097,3,42
2018-01-16,33.04719865256187,3,42
2018-01-17,33.092384002899955,3,42
2018-01-18,35.995884291222175,3,42
2018-01-19,39.060763247983346,3,42
2018-01-20,41.98827709114933,3,42
2018-01-21,44.812630225644995,3,42
2018-01-22,28.48441925979903,3,42
2018-01-23,33.85717946326819,3,42
2018-01-24,34.00654971536964,3,42
2018-01-25,37.01007336238821,3,42
2018-01-26,40.16852633481218,3,42
2018-01-27,43.181100148332106,3,42
2018-01-28,46.080213463644114,3,42
2018-01-29,29.815002515771383,3,42
2018-01-30,35.23790344381673,3,42
2018-01-01,38.46140040886909,3,43
2018-01-02,45.22165758825984,3,43
2018-01-03,45.57413064671691,3,43
2018-01-04,49.10456380538932,3,43
2018-01-05,53.194706583302725,3,43
2018-01-06,55.94687351888094,3,43
2018-01-07,59.82390209661561,3,43
2018-01-08,36.92716817790107,3,43
2018-01-09,43.76261419903706,3,43
2018-01-10,44.234248822237106,3,43
2018-01-11,47.92634361001276,3,43
2018-01-12,52.21792894727447,3,43
2018-01-13,55.207447514862935,3,43
2018-01-14,59.35283661643,3,43
2018-01-15,36.74969485116655,3,43
2018-01-16,43.897483898195965,3,43
2018-01-17,44.69321904358928,3,43
2018-01-18,48.71386854748004,3,43
2018-01-19,53.33105834245494,3,43
2018-01-20,56.63593452903592,3,43
2018-01-21,61.07944919227734,3,43
2018-01-22,38.750719468343554,3,43
2018-01-23,46.143405432291594,3,43
2018-01-24,47.14955574642009,3,43
2018-01-25,51.342137107080035,3,43
2018-01-26,56.08984065444261,3,43
2018-01-27,59.48201530634242,3,43
2018-01-28,63.96899191248273,3,43
2018-01-29,41.640447450445585,3,43
2018-01-30,48.991755049759576,3,43
2018-01-01,21.209754180684435,3,44
2018-01-02,27.111293356405632,3,44
2018-01-03,26.26812711844091,3,44
2018-01-04,28.81629034549104,3,44
2018-01-05,31.793555044018607,3,44
2018-01-06,33.45230815583095,3,44
2018-01-07,35.968340149335575,3,44
2018-01-08,21.59873266472871,3,44
2018-01-09,27.470494899385727,3,44
2018-01-10,26.59435797515276,3,44
2018-01-11,29.106676180464035,3,44
2018-01-12,32.045542082788444,3,44
2018-01-13,33.66368575364688,3,44
2018-01-14,36.13728354978982,3,44
2018-01-15,21.723863658208362,3,44
2018-01-16,27.55095712853842,3,44
2018-01-17,26.62990280893797,3,44
2018-01-18,29.097754416310075,3,44
2018-01-19,31.993396264633947,3,44
2018-01-20,33.570437626612026,3,44
2018-01-21,36.006011122596945,3,44
2018-01-22,21.558662512429326,3,44
2018-01-23,27.356980997758576,3,44
2018-01-24,26.413379034963228,3,44
2018-01-25,28.865970658651804,3,44
2018-01-26,31.754655765084614,3,44
2018-01-27,33.33398138548094,3,44
2018-01-28,35.781906488038636,3,44
2018-01-29,21.357658885745376,3,44
2018-01-30,27.190334569431506,3,44
2018-01-01,63.18230567228471,3,45
2018-01-02,75.52327561691526,3,45
2018-01-03,75.49689845039993,3,45
2018-01-04,81.57783292462975,3,45
2018-01-05,85.95359781865596,3,45
2018-01-06,92.89291373315905,3,45
2018-01-07,97.50422065940563,3,45
2018-01-08,61.97382337880712,3,45
2018-01-09,74.16399669547363,3,45
2018-01-10,74.0440761437765,3,45
2018-01-11,80.09057586530025,3,45
2018-01-12,84.49093178280953,3,45
2018-01-13,91.51191589319538,3,45
2018-01-14,96.25827877453379,3,45
2018-01-15,60.91106767056769,3,45
2018-01-16,73.32594617407733,3,45
2018-01-17,73.46453407520154,3,45
2018-01-18,79.79480110768895,3,45
2018-01-19,84.49510411948063,3,45
2018-01-20,91.82290449732108,3,45
2018-01-21,96.87371382591398,3,45
2018-01-22,61.81970616654421,3,45
2018-01-23,74.50831439853148,3,45
2018-01-24,74.89382124609966,3,45
2018-01-25,81.43797164551725,3,45
2018-01-26,86.31418995385819,3,45
2018-01-27,93.77643402640987,3,45
2018-01-28,98.91823068032701,3,45
2018-01-29,63.91132890225238,3,45
2018-01-30,76.60428768199989,3,45
2018-01-01,47.0983810211346,3,46
2018-01-02,56.21740403368384,3,46
2018-01-03,55.83731645010266,3,46
2018-01-04,59.62264866479069,3,46
2018-01-05,64.16098521856907,3,46
2018-01-06,68.82619825751053,3,46
2018-01-07,73.08095948936351,3,46
2018-01-08,46.086485847920486,3,46
2018-01-09,55.03024471838837,3,46
2018-01-10,54.519118260298086,3,46
2018-01-11,58.220897626787476,3,46
2018-01-12,62.725006095197,3,46
2018-01-13,67.40572802116007,3,46
2018-01-14,71.72475444995173,3,46
2018-01-15,44.84099896865763,3,46
2018-01-16,53.93840706728984,3,46
2018-01-17,53.61925508712484,3,46
2018-01-18,57.54580532223734,3,46
2018-01-19,62.30121141017685,3,46
2018-01-20,67.2529455343714,3,46
2018-01-21,71.85555252881625,3,46
2018-01-22,45.2606785288134,3,46
2018-01-23,54.64509146936237,3,46
2018-01-24,54.604183674131164,3,46
2018-01-25,58.793817561969334,3,46
2018-01-26,63.79140350810533,3,46
2018-01-27,68.95947686517441,3,46
2018-01-28,73.74857541036448,3,46
2018-01-29,47.30736183771291,3,46
2018-01-30,56.81070643711194,3,46
2018-01-01,16.573496183804938,3,47
2018-01-02,19.73305297682012,3,47
2018-01-03,20.162427000591105,3,47
2018-01-04,21.115637458010273,3,47
2018-01-05,22.152186763091482,3,47
2018-01-06,25.36404813188854,3,47
2018-01-07,26.525134215864696,3,47
2018-01-08,16.73330297771406,3,47
2018-01-09,19.938773238067935,3,47
2018-01-10,20.41346873073707,3,47
2018-01-11,21.410731437815556,3,47
2018-01-12,22.489347196415896,3,47
2018-01-13,25.740564997582517,3,47
2018-01-14,26.937597513422855,3,47
2018-01-15,17.17765790488125,3,47
2018-01-16,20.41040423634018,3,47
2018-01-17,20.907309314396322,3,47
2018-01-18,21.921395814732946,3,47
2018-01-19,23.0112789244889,3,47
2018-01-20,26.26819732165378,3,47
2018-01-21,27.465519613473333,3,47
2018-01-22,17.700781068438022,3,47
2018-01-23,20.92412195374954,3,47
2018-01-24,21.40764548259059,3,47
2018-01-25,22.405135618270425,3,47
2018-01-26,23.476077527281863,3,47
2018-01-27,26.712662231532452,3,47
2018-01-28,27.889263448716743,3,47
2018-01-29,18.104442434810494,3,47
2018-01-30,21.309353197311985,3,47
2018-01-01,39.17173653997383,3,48
2018-01-02,46.74542702086843,3,48
2018-01-03,47.14882176128671,3,48
2018-01-04,50.12582309806952,3,48
2018-01-05,55.08689381236382,3,48
2018-01-06,58.05576218912634,3,48
2018-01-07,61.9987838266554,3,48
2018-01-08,37.94423099508,3,48
2018-01-09,45.49330055737083,3,48
2018-01-10,45.90282953291637,3,48
2018-01-11,48.91650084159572,3,48
2018-01-12,53.943683441066455,3,48
2018-01-13,57.00621112112729,3,48
2018-01-14,61.067838519971055,3,48
2018-01-15,37.153641749305,3,48
2018-01-16,44.8611508158895,3,48
2018-01-17,45.44319880301562,3,48
2018-01-18,48.639266065364154,3,48
2018-01-19,53.85445933122973,3,48
2018-01-20,57.10642574714855,3,48
2018-01-21,61.354936418610336,3,48
2018-01-22,37.62140315204644,3,48
2018-01-23,45.500112341235436,3,48
2018-01-24,46.24115823877712,3,48
2018-01-25,49.58185174212233,3,48
2018-01-26,54.92574311179949,3,48
2018-01-27,58.28955786626547,3,48
2018-01-28,62.63278030802291,3,48
2018-01-29,38.97714897734615,3,48
2018-01-30,46.9178492197547,3,48
2018-01-01,23.282713337692424,3,49
2018-01-02,27.382248322497443,3,49
2018-01-03,28.007348170853607,3,49
2018-01-04,30.16551973834803,3,49
2018-01-05,32.435478733138595,3,49
2018-01-06,34.31986308921118,3,49
2018-01-07,36.80458642188717,3,49
2018-01-08,23.21577589502396,3,49
2018-01-09,27.170962929130347,3,49
2018-01-10,27.659647502952645,3,49
2018-01-11,29.692352092351115,3,49
2018-01-12,31.850460394723484,3,49
2018-01-13,33.63888521638842,3,49
2018-01-14,36.04538674013837,3,49
2018-01-15,22.397486091345147,3,49
2018-01-16,26.31364294135038,3,49
2018-01-17,26.783817928234328,3,49
2018-01-18,28.818535685030938,3,49
2018-01-19,30.998743101127076,3,49
2018-01-20,32.82850641788604,3,49
2018-01-21,35.294367371439186,3,49
2018-01-22,21.722302096344787,3,49
2018-01-23,25.728950160796018,3,49
2018-01-24,26.30223301771018,3,49
2018-01-25,28.450476082909482,3,49
2018-01-26,30.7523274448903,3,49
2018-01-27,32.70951519055975,3,49
2018-01-28,35.30626198777718,3,49
2018-01-29,21.86629915684129,3,49
2018-01-30,26.004146244557084,3,49
2018-01-01,53.233948440139784,3,50
2018-01-02,62.616274915104455,3,50
2018-01-03,62.37873740623676,3,50
2018-01-04,67.79164302903828,3,50
2018-01-05,70.94025335011563,3,50
2018-01-06,76.07921002499316,3,50
2018-01-07,80.95071621897381,3,50
2018-01-08,52.25711214358235,3,50
2018-01-09,61.39609736361982,3,50
2018-01-10,60.9581430595678,3,50
2018-01-11,66.21800107294982,3,50
2018-01-12,69.26396203844996,3,50
2018-01-13,74.35225379158473,3,50
2018-01-14,79.22523369045747,3,50
2018-01-15,50.58401206428616,3,50
2018-01-16,59.82375737194118,3,50
2018-01-17,59.531223303542696,3,50
2018-01-18,64.97640090560711,3,50
2018-01-19,68.24194360599168,3,50
2018-01-20,73.57775134145712,3,50
2018-01-21,78.71936202655975,3,50
2018-01-22,50.360781908180975,3,50
2018-01-23,59.889999612988845,3,50
2018-01-24,59.88671838640629,3,50
2018-01-25,65.61420407143446,3,50
2018-01-26,69.14889151392248,3,50
2018-01-27,74.73513089142504,3,50
2018-01-28,80.10371809671435,3,50
2018-01-29,51.944837322923036,3,50
2018-01-30,61.64365804332772,3,50
2018-01-01,15.96830187877079,4,1
2018-01-02,18.700570819915114,4,1
2018-01-03,19.15350447971503,4,1
2018-01-04,20.560731427532193,4,1
2018-01-05,22.02893340620586,4,1
2018-01-06,22.54241354379974,4,1
2018-01-07,24.05108735470666,4,1
2018-01-08,15.274948359740932,4,1
2018-01-09,17.976982773376783,4,1
2018-01-10,18.423114376425083,4,1
2018-01-11,19.847014117456325,4,1
2018-01-12,21.354685606479507,4,1
2018-01-13,21.929068527602304,4,1
2018-01-14,23.518084176807132,4,1
2018-01-15,14.839173153887536,4,1
2018-01-16,17.65229737224444,4,1
2018-01-17,18.21998480630938,4,1
2018-01-18,19.772248485547042,4,1
2018-01-19,21.411287618860634,4,1
2018-01-20,22.11620944485375,4,1
2018-01-21,23.83119253198527,4,1
2018-01-22,15.270138123285497,4,1
2018-01-23,18.189778402545834,4,1
2018-01-24,18.84981705392734,4,1
2018-01-25,20.47793090310141,4,1
2018-01-26,22.174538204317663,4,1
2018-01-27,22.917570317064538,4,1
2018-01-28,24.650666160398753,4,1
2018-01-29,16.087835257804464,4,1
2018-01-30,18.98655803807792,4,1
2018-01-01,40.04046228545384,4,2
2018-01-02,48.23204210380668,4,2
2018-01-03,48.08028277125527,4,2
2018-01-04,53.010832052657925,4,2
2018-01-05,56.40754262378888,4,2
2018-01-06,61.18724698269806,4,2
2018-01-07,64.48932831392425,4,2
2018-01-08,40.20834008526725,4,2
2018-01-09,48.37678724077978,4,2
2018-01-10,48.21122888241929,4,2
2018-01-11,53.13921532192904,4,2
2018-01-12,56.546037136181916,4,2
2018-01-13,61.3494773449221,4,2
2018-01-14,64.68937227880855,4,2
2018-01-15,40.46023399644885,4,2
2018-01-16,48.69404688748689,4,2
2018-01-17,48.60639783086318,4,2
2018-01-18,53.623451976881825,4,2
2018-01-19,57.128750706807914,4,2
2018-01-20,62.03802156385301,4,2
2018-01-21,65.48880418768124,4,2
2018-01-22,41.37314339739906,4,2
2018-01-23,49.72046021429062,4,2
2018-01-24,49.74375825407037,4,2
2018-01-25,54.86667557769761,4,2
2018-01-26,58.47035657825374,4,2
2018-01-27,63.46833177871637,4,2
2018-01-28,66.99620775328971,4,2
2018-01-29,42.94441665067304,4,2
2018-01-30,51.341134630623515,4,2
2018-01-01,26.397866208980492,4,3
2018-01-02,31.696106460263827,4,3
2018-01-03,32.34042422281165,4,3
2018-01-04,33.92478259103602,4,3
2018-01-05,36.95605961248793,4,3
2018-01-06,39.29774353937868,4,3
2018-01-07,41.9208286257161,4,3
2018-01-08,26.288458793009877,4,3
2018-01-09,31.509868506620506,4,3
2018-01-10,32.08819807593969,4,3
2018-01-11,33.618682066696124,4,3
2018-01-12,36.60912155018961,4,3
2018-01-13,38.92358039027583,4,3
2018-01-14,41.533289995442246,4,3
2018-01-15,25.901309248909236,4,3
2018-01-16,31.13648819705468,4,3
2018-01-17,31.74131182299097,4,3
2018-01-18,33.310121607328355,4,3
2018-01-19,36.34962454634169,4,3
2018-01-20,38.72262873216211,4,3
2018-01-21,41.39898881658281,4,3
2018-01-22,25.840306982399333,4,3
2018-01-23,31.153936959975105,4,3
2018-01-24,31.84086644134925,4,3
2018-01-25,33.49397471276096,4,3
2018-01-26,36.618574403880345,4,3
2018-01-27,39.076175813959736,4,3
2018-01-28,41.83545662694257,4,3
2018-01-29,26.356982276754017,4,3
2018-01-30,31.747224282122556,4,3
2018-01-01,15.74274836647039,4,4
2018-01-02,19.005582431667918,4,4
2018-01-03,19.260312073517312,4,4
2018-01-04,20.514631427685245,4,4
2018-01-05,22.020245590131744,4,4
2018-01-06,23.438977881009304,4,4
2018-01-07,24.815855407348508,4,4
2018-01-08,15.087580235227376,4,4
2018-01-09,18.333159357449006,4,4
2018-01-10,18.589621385152462,4,4
2018-01-11,19.86455387482867,4,4
2018-01-12,21.40899650570549,4,4
2018-01-13,22.88358243921583,4,4
2018-01-14,24.331672075225015,4,4
2018-01-15,14.687884915697929,4,4
2018-01-16,18.02880079429118,4,4
2018-01-17,18.388756204281343,4,4
2018-01-18,19.772467234661196,4,4
2018-01-19,21.428011793581128,4,4
2018-01-20,23.01306085205579,4,4
2018-01-21,24.568100336365283,4,4
2018-01-22,15.025046877581525,4,4
2018-01-23,18.458026330084312,4,4
2018-01-24,18.89923866320757,4,4
2018-01-25,20.351638886111903,4,4
2018-01-26,22.061965161656143,4,4
2018-01-27,23.687002686931237,4,4
2018-01-28,25.266824208548844,4,4
2018-01-29,15.733410036210447,4,4
2018-01-30,19.16141653909831,4,4
2018-01-01,12.375873608524637,4,5
2018-01-02,15.139443586144058,4,5
2018-01-03,14.968635649512908,4,5
2018-01-04,16.841492948986478,4,5
2018-01-05,18.308846708054983,4,5
2018-01-06,19.297156021777383,4,5
2018-01-07,20.621908762662446,4,5
2018-01-08,12.793659994124754,4,5
2018-01-09,15.531624882173446,4,5
2018-01-10,15.331067437473878,4,5
2018-01-11,17.171058834581416,4,5
2018-01-12,18.603462961214216,4,5
2018-01-13,19.555754652517866,4,5
2018-01-14,20.84439998677419,4,5
2018-01-15,12.980875534425165,4,5
2018-01-16,15.685243999997027,4,5
2018-01-17,15.453527984092812,4,5
2018-01-18,17.265455940841235,4,5
2018-01-19,18.673438238318326,4,5
2018-01-20,19.605378949348584,4,5
2018-01-21,20.878052836346974,4,5
2018-01-22,13.003124420783509,4,5
2018-01-23,15.700726489583154,4,5
2018-01-24,15.466839593537937,4,5
2018-01-25,17.281046364181957,4,5
2018-01-26,18.69551823715323,4,5
2018-01-27,19.637839831427215,4,5
2018-01-28,20.924400021336016,4,5
2018-01-29,13.066426132456765,4,5
2018-01-30,15.783578132712554,4,5
2018-01-01,39.91502749267198,4,6
2018-01-02,47.906204607676784,4,6
2018-01-03,47.84595771626886,4,6
2018-01-04,51.60250402373102,4,6
2018-01-05,55.41317843595124,4,6
2018-01-06,60.047144891949046,4,6
2018-01-07,64.46170284135587,4,6
2018-01-08,39.89959514360085,4,6
2018-01-09,47.91618292030877,4,6
2018-01-10,47.90112464394427,4,6
2018-01-11,51.722216877314494,4,6
2018-01-12,55.61558648163471,4,6
2018-01-13,60.348469841269996,4,6
2018-01-14,64.87560840275894,4,6
2018-01-15,40.43666363554635,4,6
2018-01-16,48.58351329043464,4,6
2018-01-17,48.7020622150191,4,6
2018-01-18,52.6562208679847,4,6
2018-01-19,56.678236962080305,4,6
2018-01-20,61.53161140825185,4,6
2018-01-21,66.1676236287477,4,6
2018-01-22,41.82286538320616,4,6
2018-01-23,50.04664140630521,4,6
2018-01-24,50.22286702173102,4,6
2018-01-25,54.21411335581536,4,6
2018-01-26,58.25198370266654,4,6
2018-01-27,63.10005103076628,4,6
2018-01-28,67.71038123474003,4,6
2018-01-29,43.32104154554415,4,6
2018-01-30,51.48345337685103,4,6
2018-01-01,41.4590025261104,4,7
2018-01-02,50.2091476882525,4,7
2018-01-03,49.34377555764322,4,7
2018-01-04,53.87839195582312,4,7
2018-01-05,58.059717651412626,4,7
2018-01-06,62.05061140858486,4,7
2018-01-07,66.43570388865167,4,7
2018-01-08,41.63320812621093,4,7
2018-01-09,50.288678268429294,4,7
2018-01-10,49.34314671940447,4,7
2018-01-11,53.81382332754781,4,7
2018-01-12,57.94847515598304,4,7
2018-01-13,61.910368219956545,4,7
2018-01-14,66.28393789457765,4,7
2018-01-15,41.48665191376216,4,7
2018-01-16,50.162835447189536,4,7
2018-01-17,49.25188587123091,4,7
2018-01-18,53.769058096885416,4,7
2018-01-19,57.95993606092273,4,7
2018-01-20,61.98546875521379,4,7
2018-01-21,66.42773450561515,4,7
2018-01-22,41.701894528318675,4,7
2018-01-23,50.450102542894996,4,7
2018-01-24,49.609795603703176,4,7
2018-01-25,54.194544883657414,4,7
2018-01-26,58.4485802621317,4,7
2018-01-27,62.53186576062004,4,7
2018-01-28,67.02588865284878,4,7
2018-01-29,42.345622863768476,4,7
2018-01-30,51.13343348764467,4,7
2018-01-01,55.50680586819881,4,8
2018-01-02,64.92047753591653,4,8
2018-01-03,65.99778564786594,4,8
2018-01-04,70.81189967162048,4,8
2018-01-05,76.12987612226439,4,8
2018-01-06,81.2705535054576,4,8
2018-01-07,87.1350040753135,4,8
2018-01-08,55.01672543474667,4,8
2018-01-09,64.44801381762528,4,8
2018-01-10,65.57229604801918,4,8
2018-01-11,70.46089361372319,4,8
2018-01-12,75.8780230749107,4,8
2018-01-13,81.13884035218646,4,8
2018-01-14,87.1400647785118,4,8
2018-01-15,55.170359858356356,4,8
2018-01-16,64.75690608482549,4,8
2018-01-17,66.03793612533421,4,8
2018-01-18,71.07969913374633,4,8
2018-01-19,76.64165194563326,4,8
2018-01-20,82.03467864155188,4,8
2018-01-21,88.15186889411972,4,8
2018-01-22,56.2790273200447,4,8
2018-01-23,65.94134535414172,4,8
2018-01-24,67.27600311148713,4,8
2018-01-25,72.34916622403274,4,8
2018-01-26,77.92117474620176,4,8
2018-01-27,83.30472607714046,4,8
2018-01-28,89.39558386913552,4,8
2018-01-29,57.48298773914467,4,8
2018-01-30,67.09619883649651,4,8
2018-01-01,36.557049534048204,4,9
2018-01-02,43.388789052423085,4,9
2018-01-03,42.8698013290025,4,9
2018-01-04,45.47514935675591,4,9
2018-01-05,48.99233457764552,4,9
2018-01-06,53.366309700717046,4,9
2018-01-07,56.40441540202004,4,9
2018-01-08,35.1587594517019,4,9
2018-01-09,41.930379500977004,4,9
2018-01-10,41.39424323729156,4,9
2018-01-11,44.02598915462442,4,9
2018-01-12,47.61251412565426,4,9
2018-01-13,52.097037405233934,4,9
2018-01-14,55.28411596170071,4,9
2018-01-15,34.22212696408155,4,9
2018-01-16,41.2075553693864,4,9
2018-01-17,40.91013655935293,4,9
2018-01-18,43.79975314828438,4,9
2018-01-19,47.65718777583002,4,9
2018-01-20,52.41935700929129,4,9
2018-01-21,55.88449673827425,4,9
2018-01-22,35.094810481878845,4,9
2018-01-23,42.340914366521204,4,9
2018-01-24,42.28712485876089,4,9
2018-01-25,45.3984849288114,4,9
2018-01-26,49.451627507672335,4,9
2018-01-27,54.380098975931716,4,9
2018-01-28,57.979611288870856,4,9
2018-01-29,37.29073302628557,4,9
2018-01-30,44.603352646043646,4,9
2018-01-01,51.36660206307021,4,10
2018-01-02,60.743097923214144,4,10
2018-01-03,61.70156815078008,4,10
2018-01-04,66.125041535755,4,10
2018-01-05,70.70003167005422,4,10
2018-01-06,76.5579115305033,4,10
2018-01-07,81.17479592609018,4,10
2018-01-08,50.55216734956112,4,10
2018-01-09,59.92484658266164,4,10
2018-01-10,60.9119033855536,4,10
2018-01-11,65.39589029187057,4,10
2018-01-12,70.06181648566724,4,10
2018-01-13,76.03860905356856,4,10
2018-01-14,80.79910679809191,4,10
2018-01-15,50.340818321776766,4,10
2018-01-16,59.89404139419853,4,10
2018-01-17,61.07293422348695,4,10
2018-01-18,65.75491670721293,4,10
2018-01-19,70.61981360331498,4,10
2018-01-20,76.7914819285838,4,10
2018-01-21,81.73796297955471,4,10
2018-01-22,51.45238621717982,4,10
2018-01-23,61.16121800862568,4,10
2018-01-24,62.475442378992305,4,10
2018-01-25,67.27004902510208,4,10
2018-01-26,72.22323841966023,4,10
2018-01-27,78.45808496591663,4,10
2018-01-28,83.44269803435711,4,10
2018-01-29,53.171108356124705,4,10
2018-01-30,62.871473766481316,4,10
2018-01-01,49.07680388605014,4,11
2018-01-02,59.11498242201289,4,11
2018-01-03,59.93162007313245,4,11
2018-01-04,63.96034105201544,4,11
2018-01-05,69.2575292372508,4,11
2018-01-06,73.97183755742769,4,11
2018-01-07,78.00670602727422,4,11
2018-01-08,47.75613916775171,4,11
2018-01-09,57.791271911614324,4,11
2018-01-10,58.65021097581639,4,11
2018-01-11,62.76553385565666,4,11
2018-01-12,68.19121416603771,4,11
2018-01-13,73.07224269004439,4,11
2018-01-14,77.30729042622944,4,11
2018-01-15,47.28465956117945,4,11
2018-01-16,57.569045944135354,4,11
2018-01-17,58.69159397137206,4,11
2018-01-18,63.07761958635874,4,11
2018-01-19,68.7737634896113,4,11
2018-01-20,73.91783728878316,4,11
2018-01-21,78.40170244453758,4,11
2018-01-22,48.6074218712702,4,11
2018-01-23,59.09420224183048,4,11
2018-01-24,60.3886030584121,4,11
2018-01-25,64.91238416597726,4,11
2018-01-26,70.70975068518393,4,11
2018-01-27,75.91725597217945,4,11
2018-01-28,80.42670137013702,4,11
2018-01-29,50.62127257856943,4,11
2018-01-30,61.062431689161734,4,11
2018-01-01,49.43887837566269,4,12
2018-01-02,58.72751644324266,4,12
2018-01-03,59.19013434352766,4,12
2018-01-04,63.950054424562666,4,12
2018-01-05,68.21883676617091,4,12
2018-01-06,73.92145526164926,4,12
2018-01-07,77.9489081219174,4,12
2018-01-08,48.328259971332706,4,12
2018-01-09,57.49648593244642,4,12
2018-01-10,57.87798711311605,4,12
2018-01-11,62.59868691064112,4,12
2018-01-12,66.87155201881836,4,12
2018-01-13,72.62177662060583,4,12
2018-01-14,76.73943041235398,4,12
2018-01-15,47.24956579945241,4,12
2018-01-16,56.5861521826886,4,12
2018-01-17,57.169703706187185,4,12
2018-01-18,62.12150636150473,4,12
2018-01-19,66.64928444360893,4,12
2018-01-20,72.67254068574448,4,12
2018-01-21,77.07536641607568,4,12
2018-01-22,47.87671273590029,4,12
2018-01-23,57.50448637984037,4,12
2018-01-24,58.373332552372354,4,12
2018-01-25,63.59900684820312,4,12
2018-01-26,68.38417283913952,4,12
2018-01-27,74.64385669924359,4,12
2018-01-28,79.25835277114736,4,12
2018-01-29,50.24356920630123,4,12
2018-01-30,60.02517606774296,4,12
2018-01-01,58.475616895009246,4,13
2018-01-02,69.88613905769664,4,13
2018-01-03,70.05924680771564,4,13
2018-01-04,75.68881129238544,4,13
2018-01-05,80.54048099779699,4,13
2018-01-06,86.44965095887419,4,13
2018-01-07,92.85753848251125,4,13
2018-01-08,56.778510855017835,4,13
2018-01-09,68.0619523524883,4,13
2018-01-10,68.16243558717885,4,13
2018-01-11,73.77560699816303,4,13
2018-01-12,78.66716304952757,4,13
2018-01-13,84.67087980094342,4,13
2018-01-14,91.2247946117851,4,13
2018-01-15,55.3386814432505,4,13
2018-01-16,66.85610196728712,4,13
2018-01-17,67.22479146734497,4,13
2018-01-18,73.13278253039397,4,13
2018-01-19,78.33763573320887,4,13
2018-01-20,84.66473228640173,4,13
2018-01-21,91.5437195840657,4,13
2018-01-22,55.976243416916965,4,13
2018-01-23,67.79824168327166,4,13
2018-01-24,68.45055173868414,4,13
2018-01-25,74.61522826744181,4,13
2018-01-26,80.04493564949978,4,13
2018-01-27,86.56136559021772,4,13
2018-01-28,93.59176789697929,4,13
2018-01-29,58.13672631443611,4,13
2018-01-30,70.03245364964388,4,13
2018-01-01,42.12099992183505,4,14
2018-01-02,50.657327438243655,4,14
2018-01-03,50.60416108297787,4,14
2018-01-04,54.412154119510745,4,14
2018-01-05,58.05695691675805,4,14
2018-01-06,62.691176268670766,4,14
2018-01-07,65.95080522283578,4,14
2018-01-08,41.96376152620071,4,14
2018-01-09,50.354070318651154,4,14
2018-01-10,50.17961885796258,4,14
2018-01-11,53.894370730541866,4,14
2018-01-12,57.47633667542016,4,14
2018-01-13,62.079508404515295,4,14
2018-01-14,65.34028940846429,4,14
2018-01-15,41.386060151659265,4,14
2018-01-16,49.83941191887203,4,14
2018-01-17,49.75597511684592,4,14
2018-01-18,53.5867269524974,4,14
2018-01-19,57.3060726114982,4,14
2018-01-20,62.06390293019534,4,14
2018-01-21,65.49215887497718,4,14
2018-01-22,41.71353637244893,4,14
2018-01-23,50.34586181879581,4,14
2018-01-24,50.44006016541714,4,14
2018-01-25,54.44259673407322,4,14
2018-01-26,58.32368334916641,4,14
2018-01-27,63.22944857197974,4,14
2018-01-28,66.78859954609567,4,14
2018-01-29,43.12120667132711,4,14
2018-01-30,51.843139633024464,4,14
2018-01-01,62.779848924742204,4,15
2018-01-02,75.11515068059083,4,15
2018-01-03,75.23327815603565,4,15
2018-01-04,81.78794761326964,4,15
2018-01-05,86.86871809655474,4,15
2018-01-06,92.14088173943124,4,15
2018-01-07,97.31964886748982,4,15
2018-01-08,61.45885495435016,4,15
2018-01-09,73.74291064170647,4,15
2018-01-10,73.85195517400328,4,15
2018-01-11,80.44029551841068,4,15
2018-01-12,85.59672950939839,4,15
2018-01-13,90.98451179107232,4,15
2018-01-14,96.31564967633801,4,15
2018-01-15,60.63975195533052,4,15
2018-01-16,73.13614701143266,4,15
2018-01-17,73.47922507232556,4,15
2018-01-18,80.31708083460506,4,15
2018-01-19,85.73204844800566,4,15
2018-01-20,91.38088114029088,4,15
2018-01-21,96.96925616742158,4,15
2018-01-22,61.54082192586149,4,15
2018-01-23,74.26949781397639,4,15
2018-01-24,74.82497647787389,4,15
2018-01-25,81.85150022158223,4,15
2018-01-26,87.42849995750728,4,15
2018-01-27,93.21084632041054,4,15
2018-01-28,98.90339198285787,4,15
2018-01-29,63.550021421726115,4,15
2018-01-30,76.32591918750781,4,15
2018-01-01,17.63997781121943,4,16
2018-01-02,20.95332298083158,4,16
2018-01-03,21.221551111662436,4,16
2018-01-04,22.544437086578263,4,16
2018-01-05,24.139313596818074,4,16
2018-01-06,26.06634034558711,4,16
2018-01-07,27.91039086966255,4,16
2018-01-08,17.105321142005863,4,16
2018-01-09,20.488331128960386,4,16
2018-01-10,20.84263892894383,4,16
2018-01-11,22.266313144950576,4,16
2018-01-12,23.974501371996702,4,16
2018-01-13,26.024770833275404,4,16
2018-01-14,27.999077892321708,4,16
2018-01-15,17.328128103093565,4,16
2018-01-16,20.845835243753378,4,16
2018-01-17,21.332096087085734,4,16
2018-01-18,22.88172362047532,4,16
2018-01-19,24.706773677368663,4,16
2018-01-20,26.861978195727634,4,16
2018-01-21,28.92679919427885,4,16
2018-01-22,18.32986274558578,4,16
2018-01-23,21.90347933001097,4,16
2018-01-24,22.426465636812537,4,16
2018-01-25,23.993109261040324,4,16
2018-01-26,25.815510447107037,4,16
2018-01-27,27.949013758565645,4,16
2018-01-28,29.97424390753416,4,16
2018-01-29,19.32150563982196,4,16
2018-01-30,22.82525512653558,4,16
2018-01-01,22.560627424891674,4,17
2018-01-02,27.268747055716346,4,17
2018-01-03,26.992860825907876,4,17
2018-01-04,29.57582536357985,4,17
2018-01-05,32.18792366281734,4,17
2018-01-06,33.60106247689069,4,17
2018-01-07,36.23452981267204,4,17
2018-01-08,22.598726570022283,4,17
2018-01-09,27.282871380538403,4,17
2018-01-10,26.99472596348572,4,17
2018-01-11,29.577422312504034,4,17
2018-01-12,32.20105127406424,4,17
2018-01-13,33.63688885245132,4,17
2018-01-14,36.30319528630679,4,17
2018-01-15,22.708999349941784,4,17
2018-01-16,27.441865048618013,4,17
2018-01-17,27.207685908368216,4,17
2018-01-18,29.847585888009917,4,17
2018-01-19,32.52958409227139,4,17
2018-01-20,34.022897211896826,4,17
2018-01-21,36.743812373881525,4,17
2018-01-22,23.199540606955587,4,17
2018-01-23,27.976046024927328,4,17
2018-01-24,27.77789409839346,4,17
2018-01-25,30.44519650327182,4,17
2018-01-26,33.145308515183096,4,17
2018-01-27,34.6471520294014,4,17
2018-01-28,37.36709642347364,4,17
2018-01-29,23.81280739487848,4,17
2018-01-30,28.57105918855071,4,17
2018-01-01,60.95596537535841,4,18
2018-01-02,73.10319443398981,4,18
2018-01-03,72.62783478081887,4,18
2018-01-04,78.63022263015317,4,18
2018-01-05,84.47004555463576,4,18
2018-01-06,90.02518718682035,4,18
2018-01-07,95.36587028812522,4,18
2018-01-08,60.36667757323369,4,18
2018-01-09,72.32893001550845,4,18
2018-01-10,71.70192253765799,4,18
2018-01-11,77.59024212143291,4,18
2018-01-12,83.35663002908328,4,18
2018-01-13,88.88079748023938,4,18
2018-01-14,94.2335719793722,4,18
2018-01-15,59.288952664992905,4,18
2018-01-16,71.3465526013396,4,18
2018-01-17,70.85292539360444,4,18
2018-01-18,76.90899799388794,4,18
2018-01-19,82.8730676841216,4,18
2018-01-20,88.6197684367921,4,18
2018-01-21,94.21437939421702,4,18
2018-01-22,59.525049191297335,4,18
2018-01-23,71.84540933928079,4,18
2018-01-24,71.61606940978879,4,18
2018-01-25,77.93221143732777,4,18
2018-01-26,84.14673737827636,4,18
2018-01-27,90.12937109173065,4,18
2018-01-28,95.94108434317988,4,18
2018-01-29,61.446417899056364,4,18
2018-01-30,73.93616890169275,4,18
2018-01-01,28.81640659458104,4,19
2018-01-02,34.74256054160879,4,19
2018-01-03,35.68762955818987,4,19
2018-01-04,38.294372723864015,4,19
2018-01-05,40.489428334959584,4,19
2018-01-06,43.70177117095574,4,19
2018-01-07,46.67162189628695,4,19
2018-01-08,28.849513464529714,4,19
2018-01-09,34.61171983475236,4,19
2018-01-10,35.39701357395672,4,19
2018-01-11,37.8525781159574,4,19
2018-01-12,39.90917746624313,4,19
2018-01-13,42.99952991409484,4,19
2018-01-14,45.86714340387926,4,19
2018-01-15,27.965318942730832,4,19
2018-01-16,33.672528608414275,4,19
2018-01-17,34.42913570484942,4,19
2018-01-18,36.883283505317586,4,19
2018-01-19,38.9660557283034,4,19
2018-01-20,42.10985533912046,4,19
2018-01-21,45.05725904144828,4,19
2018-01-22,27.26005323434435,4,19
2018-01-23,33.09465710173122,4,19
2018-01-24,33.99889920825187,4,19
2018-01-25,36.617972623611365,4,19
2018-01-26,38.879670088792416,4,19
2018-01-27,42.212844014342615,4,19
2018-01-28,45.35634673904891,4,19
2018-01-29,27.758154806659107,4,19
2018-01-30,33.79088086872039,4,19
2018-01-01,34.490699934198005,4,20
2018-01-02,40.89306045008731,4,20
2018-01-03,40.93518541901432,4,20
2018-01-04,43.624837715068125,4,20
2018-01-05,46.76893969683622,4,20
2018-01-06,50.9568899533957,4,20
2018-01-07,54.42655232793127,4,20
2018-01-08,33.89597751813226,4,20
2018-01-09,40.107920625256114,4,20
2018-01-10,39.98643842342943,4,20
2018-01-11,42.544279033173666,4,20
2018-01-12,45.59240595852984,4,20
2018-01-13,49.72322775848454,4,20
2018-01-14,53.17652753396559,4,20
2018-01-15,32.67115381580818,4,20
2018-01-16,38.9495367498442,4,20
2018-01-17,38.934313104520044,4,20
2018-01-18,41.635771774380544,4,20
2018-01-19,44.8614599967816,4,20
2018-01-20,49.19951912528637,4,20
2018-01-21,52.88474109920479,4,20
2018-01-22,32.63040361960993,4,20
2018-01-23,39.17294392142031,4,20
2018-01-24,39.428750334183086,4,20
2018-01-25,42.40177876855924,4,20
2018-01-26,45.893329725382976,4,20
2018-01-27,50.4855500952893,4,20
2018-01-28,54.40764647666517,4,20
2018-01-29,34.3678638990655,4,20
2018-01-30,41.09828610999743,4,20
2018-01-01,29.02072960316154,4,21
2018-01-02,33.70275950767936,4,21
2018-01-03,34.720582255628614,4,21
2018-01-04,37.72543455631097,4,21
2018-01-05,40.543490971939306,4,21
2018-01-06,42.27704474929405,4,21
2018-01-07,45.2697280752167,4,21
2018-01-08,28.726179796771795,4,21
2018-01-09,33.3290143864502,4,21
2018-01-10,34.286143739109576,4,21
2018-01-11,37.24986802399815,4,21
2018-01-12,40.04676471196997,4,21
2018-01-13,41.77889367958646,4,21
2018-01-14,44.789059536168985,4,21
2018-01-15,28.2805374321831,4,21
2018-01-16,32.93411392337122,4,21
2018-01-17,33.955491921789395,4,21
2018-01-18,36.9944731296403,4,21
2018-01-19,39.87494406655308,4,21
2018-01-20,41.69618048872058,4,21
2018-01-21,44.79820824408987,4,21
2018-01-22,28.38162380988674,4,21
2018-01-23,33.12472325482352,4,21
2018-01-24,34.230986082085096,4,21
2018-01-25,37.3483251066338,4,21
2018-01-26,40.299126625785625,4,21
2018-01-27,42.181594273038066,4,21
2018-01-28,45.335133665117354,4,21
2018-01-29,28.960180654670904,4,21
2018-01-30,33.735321997446746,4,21
2018-01-01,56.741733371926635,4,22
2018-01-02,68.38536126755916,4,22
2018-01-03,68.59779003067148,4,22
2018-01-04,73.29338609168163,4,22
2018-01-05,78.92076965009218,4,22
2018-01-06,85.88331438351108,4,22
2018-01-07,89.28206527740264,4,22
2018-01-08,55.91473200673464,4,22
2018-01-09,67.46968310935416,4,22
2018-01-10,67.62786116656154,4,22
2018-01-11,72.30538675516345,4,22
2018-01-12,77.95148408515647,4,22
2018-01-13,84.96901334272526,4,22
2018-01-14,88.45745109324102,4,22
2018-01-15,55.211973587775276,4,22
2018-01-16,66.91756492786848,4,22
2018-01-17,67.25106643122682,4,22
2018-01-18,72.12393061521365,4,22
2018-01-19,77.9803080265608,4,22
2018-01-20,85.2177470448515,4,22
2018-01-21,88.93034306200096,4,22
2018-01-22,55.9079870040975,4,22
2018-01-23,67.83063049016019,4,22
2018-01-24,68.37047964750857,4,22
2018-01-25,73.43487713787451,4,22
2018-01-26,79.46449731492945,4,22
2018-01-27,86.85413197749702,4,22
2018-01-28,90.69590115823756,4,22
2018-01-29,57.77853770505686,4,22
2018-01-30,69.78166250279052,4,22
2018-01-01,20.544449250206906,4,23
2018-01-02,24.570772715146667,4,23
2018-01-03,24.52484909246108,4,23
2018-01-04,26.233559204826356,4,23
2018-01-05,28.557335764193144,4,23
2018-01-06,30.295404855138237,4,23
2018-01-07,31.626298961103842,4,23
2018-01-08,20.04477024123187,4,23
2018-01-09,24.101541315732828,4,23
2018-01-10,24.10117976526815,4,23
2018-01-11,25.870216049478657,4,23
2018-01-12,28.268287644578308,4,23
2018-01-13,30.09341023501774,4,23
2018-01-14,31.52253141992707,4,23
2018-01-15,20.048494370058485,4,23
2018-01-16,24.21984717453718,4,23
2018-01-17,24.338782363216577,4,23
2018-01-18,26.22932443563062,4,23
2018-01-19,28.748546222483753,4,23
2018-01-20,30.691912893438797,4,23
2018-01-21,32.23390706074214,4,23
2018-01-22,20.865060466144634,4,23
2018-01-23,25.13182615959004,4,23
2018-01-24,25.33457398814977,4,23
2018-01-25,27.295825768737856,4,23
2018-01-26,29.87150975833918,4,23
2018-01-27,31.856332301398005,4,23
2018-01-28,33.42441946773912,4,23
2018-01-29,22.066353848136586,4,23
2018-01-30,26.329040412778074,4,23
2018-01-01,47.51783844456457,4,24
2018-01-02,56.36496395379365,4,24
2018-01-03,56.94703000137929,4,24
2018-01-04,61.080072032619114,4,24
2018-01-05,64.81824525626254,4,24
2018-01-06,70.32735851555032,4,24
2018-01-07,73.92319443012116,4,24
2018-01-08,48.023763067780266,4,24
2018-01-09,56.74971106089515,4,24
2018-01-10,57.22057298699535,4,24
2018-01-11,61.255358490029764,4,24
2018-01-12,64.91063841214508,4,24
2018-01-13,70.35405678465439,4,24
2018-01-14,73.9026447054608,4,24
2018-01-15,47.975082823856354,4,24
2018-01-16,56.69213344299004,4,24
2018-01-17,57.17292782693548,4,24
2018-01-18,61.235600665214974,4,24
2018-01-19,64.93543320301079,4,24
2018-01-20,70.438429934998,4,24
2018-01-21,74.05970281105817,4,24
2018-01-22,48.21580752257591,4,24
2018-01-23,57.02525071805778,4,24
2018-01-24,57.604851616239955,4,24
2018-01-25,61.77044795476996,4,24
2018-01-26,65.57510591807122,4,24
2018-01-27,71.18275727861533,4,24
2018-01-28,74.90663627044482,4,24
2018-01-29,49.161659608130854,4,24
2018-01-30,58.06496763287991,4,24
2018-01-01,57.448140077247515,4,25
2018-01-02,68.03908084902649,4,25
2018-01-03,67.90657155904276,4,25
2018-01-04,72.76785691191782,4,25
2018-01-05,79.8753923010989,4,25
2018-01-06,83.96916272075492,4,25
2018-01-07,89.06180654580184,4,25
2018-01-08,56.014849309867074,4,25
2018-01-09,66.46464752899789,4,25
2018-01-10,66.24898088167433,4,25
2018-01-11,71.08772082485355,4,25
2018-01-12,78.23411530052442,4,25
2018-01-13,82.4271361742849,4,25
2018-01-14,87.67668028483948,4,25
2018-01-15,54.83992625439805,4,25
2018-01-16,65.54744291946926,4,25
2018-01-17,65.62998242946213,4,25
2018-01-18,70.799379905893,4,25
2018-01-19,78.30009239285252,4,25
2018-01-20,82.86181627324783,4,25
2018-01-21,88.4849662378234,4,25
2018-01-22,56.01731005466973,4,25
2018-01-23,67.08034721283235,4,25
2018-01-24,67.49635702591962,4,25
2018-01-25,72.96953116283733,4,25
2018-01-26,80.73771712715653,4,25
2018-01-27,85.52520653929844,4,25
2018-01-28,91.3283470073245,4,25
2018-01-29,58.99226867139505,4,25
2018-01-30,70.13731153517026,4,25
2018-01-01,33.64147715079657,4,26
2018-01-02,40.14822180091802,4,26
2018-01-03,40.88215955357724,4,26
2018-01-04,43.28936504428678,4,26
2018-01-05,47.57297445767112,4,26
2018-01-06,49.31560464802705,4,26
2018-01-07,53.831248589106174,4,26
2018-01-08,32.8049157464081,4,26
2018-01-09,39.35797197664875,4,26
2018-01-10,40.163326641904604,4,26
2018-01-11,42.66560551631724,4,26
2018-01-12,47.06577002530645,4,26
2018-01-13,48.94362065643279,4,26
2018-01-14,53.6097934101947,4,26
2018-01-15,32.74551468782326,4,26
2018-01-16,39.468065698891564,4,26
2018-01-17,40.44610033473579,4,26
2018-01-18,43.11995122869898,4,26
2018-01-19,47.68638068408016,4,26
2018-01-20,49.721210551962244,4,26
2018-01-21,54.531436379865546,4,26
2018-01-22,33.79508798378178,4,26
2018-01-23,40.626784675303966,4,26
2018-01-24,41.69312670238577,4,26
2018-01-25,44.433055766028154,4,26
2018-01-26,49.042640004647936,4,26
2018-01-27,51.09771684183097,4,26
2018-01-28,55.90599893993468,4,26
2018-01-29,35.14690594231644,4,26
2018-01-30,41.93707134401545,4,26
2018-01-01,16.088143153423808,4,27
2018-01-02,18.8251039752082,4,27
2018-01-03,18.601641797001157,4,27
2018-01-04,20.10130329805245,4,27
2018-01-05,21.665275896003337,4,27
2018-01-06,23.252031704462055,4,27
2018-01-07,24.846955089398232,4,27
2018-01-08,16.077507908454383,4,27
2018-01-09,18.78743270799838,4,27
2018-01-10,18.54150466245594,4,27
2018-01-11,20.023704983489488,4,27
2018-01-12,21.575452184110326,4,27
2018-01-13,23.15525711102081,4,27
2018-01-14,24.748367199588813,4,27
2018-01-15,15.981953273094181,4,27
2018-01-16,18.699338266427112,4,27
2018-01-17,18.46477766304968,4,27
2018-01-18,19.961663306839704,4,27
2018-01-19,21.530785873356788,4,27
2018-01-20,23.130020812022654,4,27
2018-01-21,24.74400214631017,4,27
2018-01-22,15.999336452454857,4,27
2018-01-23,18.73885549422988,4,27
2018-01-24,18.526416523687427,4,27
2018-01-25,20.045121279700066,4,27
2018-01-26,21.63558850480267,4,27
2018-01-27,23.255644508647297,4,27
2018-01-28,24.889996068133915,4,27
2018-01-29,16.1654380783505,4,27
2018-01-30,18.925094708665924,4,27
2018-01-01,61.42404032054546,4,28
2018-01-02,73.59630488927641,4,28
2018-01-03,73.68233703455391,4,28
2018-01-04,80.0384470834228,4,28
2018-01-05,85.67085725630052,4,28
2018-01-06,91.88930901276211,4,28
2018-01-07,97.89681519182615,4,28
2018-01-08,60.92453621640449,4,28
2018-01-09,72.9699102548557,4,28
2018-01-10,72.95395610358025,4,28
2018-01-11,79.23635923112116,4,28
2018-01-12,84.82581854798696,4,28
2018-01-13,91.03363274017762,4,28
2018-01-14,97.0634548541981,4,28
2018-01-15,60.14619361103239,4,28
2018-01-16,72.27818999664402,4,28
2018-01-17,72.3785860458585,4,28
2018-01-18,78.80449396239449,4,28
2018-01-19,84.56144046595567,4,28
2018-01-20,90.9570622261388,4,28
2018-01-21,97.19097787725725,4,28
2018-01-22,60.489811764505006,4,28
2018-01-23,72.84549460546623,4,28
2018-01-24,73.17275466407904,4,28
2018-01-25,79.82440439913225,4,28
2018-01-26,85.80189451016574,4,28
2018-01-27,92.40910856687655,4,28
2018-01-28,98.84232139275551,4,28
2018-01-29,62.325294446164506,4,28
2018-01-30,74.84763192073653,4,28
2018-01-01,50.03318232982546,4,29
2018-01-02,59.49472472146208,4,29
2018-01-03,58.72825517362342,4,29
2018-01-04,64.18862306909477,4,29
2018-01-05,69.17275888124178,4,29
2018-01-06,72.74856070584887,4,29
2018-01-07,80.10344341601412,4,29
2018-01-08,49.57869838202554,4,29
2018-01-09,58.923283704639005,4,29
2018-01-10,58.0608821072047,4,29
2018-01-11,63.4483421850759,4,29
2018-01-12,68.38396300596597,4,29
2018-01-13,71.9363961807874,4,29
2018-01-14,79.29322315418702,4,29
2018-01-15,48.79535407073307,4,29
2018-01-16,58.190866409382714,4,29
2018-01-17,57.402118669522906,4,29
2018-01-18,62.884252891134594,4,29
2018-01-19,67.93354409463056,4,29
2018-01-20,71.61636890679362,4,29
2018-01-21,79.1178493765282,4,29
2018-01-22,48.77631673478453,4,29
2018-01-23,58.33721187429802,4,29
2018-01-24,57.720256618698144,4,29
2018-01-25,63.378008579527545,4,29
2018-01-26,68.60425693545929,4,29
2018-01-27,72.46303089107906,4,29
2018-01-28,80.13727653786049,4,29
2018-01-29,49.96334681627573,4,29
2018-01-30,59.68492149443159,4,29
2018-01-01,28.784009265977023,4,30
2018-01-02,35.14016534656638,4,30
2018-01-03,34.41157465135261,4,30
2018-01-04,37.54489944770039,4,30
2018-01-05,39.574880959987894,4,30
2018-01-06,43.40604701084042,4,30
2018-01-07,45.7362207489327,4,30
2018-01-08,28.814648571880987,4,30
2018-01-09,35.12193545512541,4,30
2018-01-10,34.34742342321448,4,30
2018-01-11,37.43850682648198,4,30
2018-01-12,39.43051483679654,4,30
2018-01-13,43.22843704179424,4,30
2018-01-14,45.530452222412286,4,30
2018-01-15,28.586077336569602,4,30
2018-01-16,34.87612386355511,4,30
2018-01-17,34.090096257574075,4,30
2018-01-18,37.175525282916084,4,30
2018-01-19,39.16786588255546,4,30
2018-01-20,42.97223484633442,4,30
2018-01-21,45.28694791835005,4,30
2018-01-22,28.361673097429513,4,30
2018-01-23,34.677387200273444,4,30
2018-01-24,33.92377052803927,4,30
2018-01-25,37.048532674620766,4,30
2018-01-26,39.08729954985927,4,30
2018-01-27,42.94533744493037,4,30
2018-01-28,45.32107445267537,4,30
2018-01-29,28.46423675977088,4,30
2018-01-30,34.85578769705877,4,30
2018-01-01,41.889860097728835,4,31
2018-01-02,50.48104055018392,4,31
2018-01-03,49.92173877712503,4,31
2018-01-04,53.24426822592387,4,31
2018-01-05,58.03986658996446,4,31
2018-01-06,62.01486451601133,4,31
2018-01-07,65.47326453994611,4,31
2018-01-08,40.83281863210367,4,31
2018-01-09,49.44564359433401,4,31
2018-01-10,48.94190207124226,4,31
2018-01-11,52.35272206771969,4,31
2018-01-12,57.26715736623512,4,31
2018-01-13,61.388449637647845,4,31
2018-01-14,65.01672498517564,4,31
2018-01-15,40.5652094942953,4,31
2018-01-16,49.380998699112325,4,31
2018-01-17,49.08890400505402,4,31
2018-01-18,52.71454397977382,4,31
2018-01-19,57.84147781623234,4,31
2018-01-20,62.167636704080394,4,31
2018-01-21,65.98818097040842,4,31
2018-01-22,41.711862996180514,4,31
2018-01-23,50.68192669573121,4,31
2018-01-24,50.5200630266055,4,31
2018-01-25,54.249586521472104,4,31
2018-01-26,59.45262795021865,4,31
2018-01-27,63.8265974372392,4,31
2018-01-28,67.66704529514185,4,31
2018-01-29,43.38400080948992,4,31
2018-01-30,52.32282079477538,4,31
2018-01-01,30.60770594758275,4,32
2018-01-02,36.02653292552627,4,32
2018-01-03,37.13325698711542,4,32
2018-01-04,39.62532623965437,4,32
2018-01-05,42.321849587926785,4,32
2018-01-06,45.662768895814935,4,32
2018-01-07,48.4022401489208,4,32
2018-01-08,30.093708689070663,4,32
2018-01-09,35.544886745670716,4,32
2018-01-10,36.704829397689295,4,32
2018-01-11,39.27054325735808,4,32
2018-01-12,42.06000303650125,4,32
2018-01-13,45.51137225121603,4,32
2018-01-14,48.37645123601888,4,32
2018-01-15,30.20583534241952,4,32
2018-01-16,35.80398891685002,4,32
2018-01-17,37.1164282088448,4,32
2018-01-18,39.836444250000454,4,32
2018-01-19,42.778237444229035,4,32
2018-01-20,46.376256630597545,4,32
2018-01-21,49.37876232427322,4,32
2018-01-22,31.333093669579206,4,32
2018-01-23,37.040841580770284,4,32
2018-01-24,38.44511840704732,4,32
2018-01-25,41.23735273409517,4,32
2018-01-26,44.23047908324658,4,32
2018-01-27,47.85831379504203,4,32
2018-01-28,50.86913586671253,4,32
2018-01-29,32.81095190771599,4,32
2018-01-30,38.48664788485553,4,32
2018-01-01,48.892052481790806,4,33
2018-01-02,58.82894188138345,4,33
2018-01-03,58.9022895488356,4,33
2018-01-04,62.69846723389073,4,33
2018-01-05,67.23424539737772,4,33
2018-01-06,72.76087209508898,4,33
2018-01-07,77.13166602330686,4,33
2018-01-08,47.94320528730177,4,33
2018-01-09,57.79671690078939,4,33
2018-01-10,57.82979456377417,4,33
2018-01-11,61.631114634262474,4,33
2018-01-12,66.21831626840404,4,33
2018-01-13,71.8420954711573,4,33
2018-01-14,76.35385182978813,4,33
2018-01-15,47.34696722289557,4,33
2018-01-16,57.41831830073058,4,33
2018-01-17,57.70014623571766,4,33
2018-01-18,61.77494889296298,4,33
2018-01-19,66.65355605965364,4,33
2018-01-20,72.57943172054014,4,33
2018-01-21,77.39653614696286,4,33
2018-01-22,48.690821002348194,4,33
2018-01-23,59.05195325939195,4,33
2018-01-24,59.605385673947865,4,33
2018-01-25,63.927433619161405,4,33
2018-01-26,69.02351411536749,4,33
2018-01-27,75.13258691148883,4,33
2018-01-28,80.09512702193045,4,33
2018-01-29,51.494699414982364,4,33
2018-01-30,61.91973004178597,4,33
2018-01-01,17.94132528618983,4,34
2018-01-02,21.87639475160995,4,34
2018-01-03,21.168294648835978,4,34
2018-01-04,23.454086090395258,4,34
2018-01-05,25.47303905086358,4,34
2018-01-06,28.485534828239526,4,34
2018-01-07,29.139263126055965,4,34
2018-01-08,18.461421010713124,4,34
2018-01-09,22.353923330733032,4,34
2018-01-10,21.603286572095854,4,34
2018-01-11,23.847573287338626,4,34
2018-01-12,25.826862457413302,4,34
2018-01-13,28.80215249921936,4,34
2018-01-14,29.421565421591186,4,34
2018-01-15,18.712558767113222,4,34
2018-01-16,22.57715414110571,4,34
2018-01-17,21.801843379418237,4,34
2018-01-18,24.02455846363962,4,34
2018-01-19,25.985169444585104,4,34
2018-01-20,28.944415955030916,4,34
2018-01-21,29.55013968761522,4,34
2018-01-22,18.829523388608372,4,34
2018-01-23,22.68434415927066,4,34
2018-01-24,21.90090121296216,4,34
2018-01-25,24.117003429960434,4,34
2018-01-26,26.07248036206545,4,34
2018-01-27,29.028121836921986,4,34
2018-01-28,29.63191329433377,4,34
2018-01-29,18.91127235801673,4,34
2018-01-30,22.768294579072073,4,34
2018-01-01,45.51574202161814,4,35
2018-01-02,53.913114066313696,4,35
2018-01-03,54.25395728054361,4,35
2018-01-04,59.14901913444191,4,35
2018-01-05,62.94804785701123,4,35
2018-01-06,68.13111686803366,4,35
2018-01-07,73.19338065698106,4,35
2018-01-08,45.37474671027356,4,35
2018-01-09,53.82924393367863,4,35
2018-01-10,54.25805113551204,4,35
2018-01-11,59.269555319358616,4,35
2018-01-12,63.21008795633044,4,35
2018-01-13,68.55539435992671,4,35
2018-01-14,73.79555975521785,4,35
2018-01-15,46.16487104875466,4,35
2018-01-16,54.81138866019355,4,35
2018-01-17,55.43018559156204,4,35
2018-01-18,60.62361697370432,4,35
2018-01-19,64.73226182667568,4,35
2018-01-20,70.2265859816008,4,35
2018-01-21,75.59204401903834,4,35
2018-01-22,48.059094090556144,4,35
2018-01-23,56.77289559037534,4,35
2018-01-24,57.426643318165404,4,35
2018-01-25,62.62189879767319,4,35
2018-01-26,66.69955893264715,4,35
2018-01-27,72.13151045263845,4,35
2018-01-28,77.4056885661938,4,35
2018-01-29,49.75601528967888,4,35
2018-01-30,58.331989992233034,4,35
2018-01-01,55.728759458235615,4,36
2018-01-02,65.811033950509,4,36
2018-01-03,65.73920603799034,4,36
2018-01-04,72.21846401872483,4,36
2018-01-05,77.47694768635193,4,36
2018-01-06,83.24169350112187,4,36
2018-01-07,88.04878272819397,4,36
2018-01-08,55.76330191826605,4,36
2018-01-09,65.69711017377108,4,36
2018-01-10,65.49950348543965,4,36
2018-01-11,71.87912345215949,4,36
2018-01-12,77.06654869365478,4,36
2018-01-13,82.79022972952035,4,36
2018-01-14,87.58665563499608,4,36
2018-01-15,55.32036033247143,4,36
2018-01-16,65.30176074069607,4,36
2018-01-17,65.17791422205437,4,36
2018-01-18,71.65453925951876,4,36
2018-01-19,76.9587338654078,4,36
2018-01-20,82.81504837138021,4,36
2018-01-21,87.75579659545258,4,36
2018-01-22,55.6412088590959,4,36
2018-01-23,65.77741474914366,4,36
2018-01-24,65.80733890820503,4,36
2018-01-25,72.4328499196524,4,36
2018-01-26,77.87759331059665,4,36
2018-01-27,83.86316232685486,4,36
2018-01-28,88.91948803016022,4,36
2018-01-29,56.905050362813235,4,36
2018-01-30,67.12489689192276,4,36
2018-01-01,20.759626764084054,4,37
2018-01-02,24.277578667585153,4,37
2018-01-03,24.34271583120167,4,37
2018-01-04,25.912277312377437,4,37
2018-01-05,28.364818310658578,4,37
2018-01-06,30.048251775189406,4,37
2018-01-07,32.35251187023206,4,37
2018-01-08,20.042119219664585,4,37
2018-01-09,23.619303151748,4,37
2018-01-10,23.763169153773546,4,37
2018-01-11,25.429667440124213,4,37
2018-01-12,27.995481310114442,4,37
2018-01-13,29.806126455201365,4,37
2018-01-14,32.24868727733033,4,37
2018-01-15,20.084468006238048,4,37
2018-01-16,23.81221133765975,4,37
2018-01-17,24.10737000935937,4,37
2018-01-18,25.922184209903847,4,37
2018-01-19,28.62968035947172,4,37
2018-01-20,30.57187924368998,4,37
2018-01-21,33.13263643420659,4,37
2018-01-22,21.070389793085283,4,37
2018-01-23,24.88146401632485,4,37
2018-01-24,25.239415166557077,4,37
2018-01-25,27.095165995055357,4,37
2018-01-26,29.821045926368054,4,37
2018-01-27,31.75902249893799,4,37
2018-01-28,34.293546516295635,4,37
2018-01-29,22.184285558164515,4,37
2018-01-30,25.929396189839657,4,37
2018-01-01,57.338227520122715,4,38
2018-01-02,67.7858375289454,4,38
2018-01-03,68.0920357820545,4,38
2018-01-04,74.04949156443938,4,38
2018-01-05,80.03780473308765,4,38
2018-01-06,84.60171599960326,4,38
2018-01-07,90.80718427068258,4,38
2018-01-08,57.14277842227359,4,38
2018-01-09,67.54512024552396,4,38
2018-01-10,67.83616729406204,4,38
2018-01-11,73.80858146828143,4,38
2018-01-12,79.84080810975621,4,38
2018-01-13,84.4753774912595,4,38
2018-01-14,90.7751039881795,4,38
2018-01-15,57.22462586086511,4,38
2018-01-16,67.75601723377565,4,38
2018-01-17,68.18625531026389,4,38
2018-01-18,74.3027825996508,4,38
2018-01-19,80.47878269327546,4,38
2018-01-20,85.25167524346722,4,38
2018-01-21,91.67949939606613,4,38
2018-01-22,58.24262293998472,4,38
2018-01-23,68.86950363462691,4,38
2018-01-24,69.37428130956683,4,38
2018-01-25,75.54243688318525,4,38
2018-01-26,81.74613411481562,4,38
2018-01-27,86.52274800977959,4,38
2018-01-28,92.93124841442689,4,38
2018-01-29,59.45387639443307,4,38
2018-01-30,70.02184119803098,4,38
2018-01-01,30.75725843801894,4,39
2018-01-02,37.497409863300064,4,39
2018-01-03,37.479358609804436,4,39
2018-01-04,40.63544697381475,4,39
2018-01-05,43.3872946687124,4,39
2018-01-06,45.539828037855685,4,39
2018-01-07,48.51099849000527,4,39
2018-01-08,30.30016009428947,4,39
2018-01-09,37.05603899568091,4,39
2018-01-10,37.08097037679156,4,39
2018-01-11,40.306552924392015,4,39
2018-01-12,43.152776806834574,4,39
2018-01-13,45.422126222802476,4,39
2018-01-14,48.52939366479398,4,39
2018-01-15,30.47017264725579,4,39
2018-01-16,37.38895786836235,4,39
2018-01-17,37.58352444916889,4,39
2018-01-18,40.98073185410732,4,39
2018-01-19,43.99580400353008,4,39
2018-01-20,46.42658212914549,4,39
2018-01-21,49.68348312452453,4,39
2018-01-22,31.758125989124352,4,39
2018-01-23,38.79155154319767,4,39
2018-01-24,39.07870372556822,4,39
2018-01-25,42.54431530138676,4,39
2018-01-26,45.60224733823265,4,39
2018-01-27,48.04977753225669,4,39
2018-01-28,51.29756938060605,4,39
2018-01-29,33.338284775375456,4,39
2018-01-30,40.31476589180083,4,39
2018-01-01,20.609757189008164,4,40
2018-01-02,24.5674893137328,4,40
2018-01-03,24.23675617976751,4,40
2018-01-04,26.993624746612173,4,40
2018-01-05,28.25691630303203,4,40
2018-01-06,30.633039099561312,4,40
2018-01-07,32.938903658175946,4,40
2018-01-08,20.713784409689968,4,40
2018-01-09,24.70739659279226,4,40
2018-01-10,24.417747451056197,4,40
2018-01-11,27.21926333988675,4,40
2018-01-12,28.528933898436136,4,40
2018-01-13,30.951223616981665,4,40
2018-01-14,33.30106837659945,4,40
2018-01-15,21.115817887495876,4,40
2018-01-16,25.14339029821744,4,40
2018-01-17,24.880195496163253,4,40
2018-01-18,27.699326414321213,4,40
2018-01-19,29.016757490977458,4,40
2018-01-20,31.436298949250585,4,40
2018-01-21,33.77262320269985,4,40
2018-01-22,21.563223467755453,4,40
2018-01-23,25.5565704576181,4,40
2018-01-24,25.25002373152202,4,40
2018-01-25,28.017997514682477,4,40
2018-01-26,29.27812105896838,4,40
2018-01-27,31.636143526143183,4,40
2018-01-28,33.90890135799846,4,40
2018-01-29,21.636210163592434,4,40
2018-01-30,25.568949170637982,4,40
2018-01-01,15.906975583135601,4,41
2018-01-02,18.92668294913487,4,41
2018-01-03,18.996741407743976,4,41
2018-01-04,20.372619113586463,4,41
2018-01-05,22.83941622774122,4,41
2018-01-06,23.523576831819817,4,41
2018-01-07,25.50621263118906,4,41
2018-01-08,15.936463003050996,4,41
2018-01-09,18.87486524050443,4,41
2018-01-10,18.867050760984377,4,41
2018-01-11,20.1711780191858,4,41
2018-01-12,22.574804406412717,4,41
2018-01-13,23.20653767226606,4,41
2018-01-14,25.149307457346225,4,41
2018-01-15,15.55368282117,4,41
2018-01-16,18.48121068261058,4,41
2018-01-17,18.478091717771918,4,41
2018-01-18,19.802604919776385,4,41
2018-01-19,22.2419832439971,4,41
2018-01-20,22.924080688302087,4,41
2018-01-21,24.93067088994757,4,41
2018-01-22,15.41080230844801,4,41
2018-01-23,18.424183813685577,4,41
2018-01-24,18.51491587157846,4,41
2018-01-25,19.938976964459997,4,41
2018-01-26,22.481165929314745,4,41
2018-01-27,23.26683870056638,4,41
2018-01-28,25.375277602714565,4,41
2018-01-29,15.953116309265775,4,41
2018-01-30,19.057792368328293,4,41
2018-01-01,26.13394763075066,4,42
2018-01-02,31.80368145573394,4,42
2018-01-03,30.65980784104952,4,42
2018-01-04,33.28568972280081,4,42
2018-01-05,35.35143990313645,4,42
2018-01-06,38.08296396089697,4,42
2018-01-07,40.73667585641839,4,42
2018-01-08,25.46162745941374,4,42
2018-01-09,31.150820082669853,4,42
2018-01-10,30.049931912972255,4,42
2018-01-11,32.74123663865634,4,42
2018-01-12,34.89310694359415,4,42
2018-01-13,37.72913285220267,4,42
2018-01-14,40.50292654609467,4,42
2018-01-15,25.360351894241173,4,42
2018-01-16,31.190943568582945,4,42
2018-01-17,30.236746302697767,4,42
2018-01-18,33.07634623228258,4,42
2018-01-19,35.37448470060582,4,42
2018-01-20,38.35128139164465,4,42
2018-01-21,41.25713554343634,4,42
2018-01-22,26.235040943919923,4,42
2018-01-23,32.172077439182296,4,42
2018-01-24,31.30830781561021,4,42
2018-01-25,34.22085078694211,4,42
2018-01-26,36.57351976927643,4,42
2018-01-27,39.586054124877286,4,42
2018-01-28,42.509011951474896,4,42
2018-01-29,27.486060931149343,4,42
2018-01-30,33.40543122496671,4,42
2018-01-01,38.05827395759711,4,43
2018-01-02,44.7951984683707,4,43
2018-01-03,44.57164898054675,4,43
2018-01-04,48.45515013223404,4,43
2018-01-05,52.09313473365574,4,43
2018-01-06,55.091320541103315,4,43
2018-01-07,59.676367284008336,4,43
2018-01-08,37.78027872580796,4,43
2018-01-09,44.413887329916975,4,43
2018-01-10,44.11601560766994,4,43
2018-01-11,47.95505261349095,4,43
2018-01-12,51.578301740974084,4,43
2018-01-13,54.590413995702185,4,43
2018-01-14,59.216126774061166,4,43
2018-01-15,37.384769752272,4,43
2018-01-16,44.103871723407835,4,43
2018-01-17,43.90845829109748,4,43
2018-01-18,47.862774407878796,4,43
2018-01-19,51.60978326534936,4,43
2018-01-20,54.74975103097681,4,43
2018-01-21,59.50313288617789,4,43
2018-01-22,37.79521762971943,4,43
2018-01-23,44.6298607055233,4,43
2018-01-24,44.53889205094323,4,43
2018-01-25,48.5839298068143,4,43
2018-01-26,52.40594908713343,4,43
2018-01-27,55.603913692582495,4,43
2018-01-28,60.39768533928564,4,43
2018-01-29,38.71266753094814,4,43
2018-01-30,45.55351452704035,4,43
2018-01-01,20.467629605318365,4,44
2018-01-02,25.301468083945515,4,44
2018-01-03,24.588954398844606,4,44
2018-01-04,27.177791608953775,4,44
2018-01-05,29.057584672879308,4,44
2018-01-06,31.091702511482257,4,44
2018-01-07,32.78311393561287,4,44
2018-01-08,20.516593100371377,4,44
2018-01-09,25.382489955128133,4,44
2018-01-10,24.708912431809544,4,44
2018-01-11,27.342218067173437,4,44
2018-01-12,29.27037675369628,4,44
2018-01-13,31.354902630609498,4,44
2018-01-14,33.096766942100956,4,44
2018-01-15,20.87868492851351,4,44
2018-01-16,25.78896949616245,4,44
2018-01-17,25.153795643497787,4,44
2018-01-18,27.81777061613755,4,44
2018-01-19,29.767368890149356,4,44
2018-01-20,31.862927605292512,4,44
2018-01-21,33.60461216616963,4,44
2018-01-22,21.374743311318724,4,44
2018-01-23,26.261677030150107,4,44
2018-01-24,25.592080378152524,4,44
2018-01-25,28.2114977059065,4,44
2018-01-26,30.107766425920097,4,44
2018-01-27,32.142978447436406,4,44
2018-01-28,33.819397971174375,4,44
2018-01-29,21.521728358296784,4,44
2018-01-30,26.340921260706548,4,44
2018-01-01,57.01392962121543,4,45
2018-01-02,67.88209620444945,4,45
2018-01-03,67.30231369207986,4,45
2018-01-04,73.33744751563268,4,45
2018-01-05,78.87607939755071,4,45
2018-01-06,83.4127834956355,4,45
2018-01-07,90.44629121471118,4,45
2018-01-08,56.7209130778277,4,45
2018-01-09,67.52726095652257,4,45
2018-01-10,66.91486225143137,4,45
2018-01-11,72.9481910396953,4,45
2018-01-12,78.51630959097216,4,45
2018-01-13,83.1131739533761,4,45
2018-01-14,90.23585918892485,4,45
2018-01-15,56.62607029977822,4,45
2018-01-16,67.57097903039897,4,45
2018-01-17,67.11597435984112,4,45
2018-01-18,73.32084736738973,4,45
2018-01-19,79.06959911711068,4,45
2018-01-20,83.85092021527126,4,45
2018-01-21,91.15659243192424,4,45
2018-01-22,57.723173240567796,4,45
2018-01-23,68.83299842742052,4,45
2018-01-24,68.52708583671969,4,45
2018-01-25,74.86145661299703,4,45
2018-01-26,80.71705879985296,4,45
2018-01-27,85.5803388090812,4,45
2018-01-28,92.94170873127378,4,45
2018-01-29,59.53726871463983,4,45
2018-01-30,70.6498187558646,4,45
2018-01-01,41.35801695651337,4,46
2018-01-02,49.61643155161691,4,46
2018-01-03,49.99263065155343,4,46
2018-01-04,54.482709214148436,4,46
2018-01-05,58.86181369315548,4,46
2018-01-06,62.26554763720054,4,46
2018-01-07,66.32396580825106,4,46
2018-01-08,41.64950008838533,4,46
2018-01-09,49.84187980730631,4,46
2018-01-10,50.162899584316236,4,46
2018-01-11,54.60964412833281,4,46
2018-01-12,58.95773395748456,4,46
2018-01-13,62.34276598607525,4,46
2018-01-14,66.39435540031022,4,46
2018-01-15,41.72411992053706,4,46
2018-01-16,49.930666672657665,4,46
2018-01-17,50.27443219889872,4,46
2018-01-18,54.75098241321791,4,46
2018-01-19,59.134333837991235,4,46
2018-01-20,62.55846753498642,4,46
2018-01-21,66.65143978775973,4,46
2018-01-22,42.023428504609385,4,46
2018-01-23,50.27177373676511,4,46
2018-01-24,50.65586135805533,4,46
2018-01-25,55.17045561475104,4,46
2018-01-26,59.58904119223267,4,46
2018-01-27,63.04534594441708,4,46
2018-01-28,67.16744849002589,4,46
2018-01-29,42.565810198031045,4,46
2018-01-30,50.83829087918025,4,46
2018-01-01,15.568084825584563,4,47
2018-01-02,19.112108583592196,4,47
2018-01-03,19.14134920301824,4,47
2018-01-04,19.56563737566515,4,47
2018-01-05,21.891904659764403,4,47
2018-01-06,23.38577611805133,4,47
2018-01-07,24.446982527803033,4,47
2018-01-08,15.462097539482494,4,47
2018-01-09,18.999482309169757,4,47
2018-01-10,19.030323395943384,4,47
2018-01-11,19.464300379089085,4,47
2018-01-12,21.807909775491723,4,47
2018-01-13,23.326090571876485,4,47
2018-01-14,24.417675841496653,4,47
2018-01-15,15.4681743267204,4,47
2018-01-16,19.04476290736475,4,47
2018-01-17,19.117374083614752,4,47
2018-01-18,19.59441325997396,4,47
2018-01-19,21.981130789398513,4,47
2018-01-20,23.541292565730632,4,47
2018-01-21,24.672672248928084,4,47
2018-01-22,15.7598677996544,4,47
2018-01-23,19.36932225350241,4,47
2018-01-24,19.470432114190434,4,47
2018-01-25,19.971277662926546,4,47
2018-01-26,22.37699992263965,4,47
2018-01-27,23.95146811669572,4,47
2018-01-28,25.0927610209064,4,47
2018-01-29,16.185965450107656,4,47
2018-01-30,19.79817259872202,4,47
2018-01-01,35.916038945551186,4,48
2018-01-02,43.496347698735164,4,48
2018-01-03,44.4407075820596,4,48
2018-01-04,47.10656037475914,4,48
2018-01-05,51.17941507340007,4,48
2018-01-06,54.21107041036167,4,48
2018-01-07,57.63474587804406,4,48
2018-01-08,35.10590721660003,4,48
2018-01-09,42.58869904528484,4,48
2018-01-10,43.46268401488829,4,48
2018-01-11,46.0861714315415,4,48
2018-01-12,50.14475938274792,4,48
2018-01-13,53.18960832920185,4,48
2018-01-14,56.65264041642992,4,48
2018-01-15,34.187447628271094,4,48
2018-01-16,41.75581832224824,4,48
2018-01-17,42.73457818645018,4,48
2018-01-18,45.47902513481758,4,48
2018-01-19,49.67157875280664,4,48
2018-01-20,52.860158951183024,4,48
2018-01-21,56.4734849893465,4,48
2018-01-22,34.162075194466084,4,48
2018-01-23,41.884854497242344,4,48
2018-01-24,43.01606383852357,4,48
2018-01-25,45.90874946379469,4,48
2018-01-26,50.24345172960139,4,48
2018-01-27,53.56660762207356,4,48
2018-01-28,57.305858213085315,4,48
2018-01-29,35.11104195368811,4,48
2018-01-30,42.94078196533964,4,48
2018-01-01,20.570940870194928,4,49
2018-01-02,25.126360081211438,4,49
2018-01-03,25.157395803203148,4,49
2018-01-04,27.070680659078445,4,49
2018-01-05,28.842986831012112,4,49
2018-01-06,30.788538061632124,4,49
2018-01-07,33.244788072142676,4,49
2018-01-08,20.927079503022778,4,49
2018-01-09,25.411338827133555,4,49
2018-01-10,25.37294397867894,4,49
2018-01-11,27.22011640096955,4,49
2018-01-12,28.93104037762233,4,49
2018-01-13,30.821164505127385,4,49
2018-01-14,33.22897394747037,4,49
2018-01-15,20.870647207485874,4,49
2018-01-16,25.32275243115216,4,49
2018-01-17,25.26111951555125,4,49
2018-01-18,27.094239230397232,4,49
2018-01-19,28.800391726682577,4,49
2018-01-20,30.694958817239197,4,49
2018-01-21,33.11620823253277,4,49
2018-01-22,20.779963195742948,4,49
2018-01-23,25.26231200166258,4,49
2018-01-24,25.23849360062522,4,49
2018-01-25,27.116310195938645,4,49
2018-01-26,28.873269091745748,4,49
2018-01-27,30.82390810305483,4,49
2018-01-28,33.30559271186725,4,49
2018-01-29,21.03319834232997,4,49
2018-01-30,25.581832500743083,4,49
2018-01-01,46.44492568414189,4,50
2018-01-02,55.542715458455724,4,50
2018-01-03,56.3293428757781,4,50
2018-01-04,60.614101999843434,4,50
2018-01-05,64.31576312068852,4,50
2018-01-06,69.21224968827468,4,50
2018-01-07,73.90202713414286,4,50
2018-01-08,46.108389801120914,4,50
2018-01-09,55.02356710090923,4,50
2018-01-10,55.657468106096786,4,50
2018-01-11,59.822827650333096,4,50
2018-01-12,63.44066872488082,4,50
2018-01-13,68.28997908033602,4,50
2018-01-14,72.9691334620727,4,50
2018-01-15,45.200245633316065,4,50
2018-01-16,54.173368393700834,4,50
2018-01-17,54.895357147280606,4,50
2018-01-18,59.175155815923986,4,50
2018-01-19,62.929415124131204,4,50
2018-01-20,67.93233606014293,4,50
2018-01-21,72.77726465514576,4,50
2018-01-22,45.18121691775966,4,50
2018-01-23,54.32924694516999,4,50
2018-01-24,55.223468850809084,4,50
2018-01-25,59.66848680723406,4,50
2018-01-26,63.577139267616516,4,50
2018-01-27,68.72044685392832,4,50
2018-01-28,73.68928746091372,4,50
2018-01-29,46.198975614910154,4,50
2018-01-30,55.43365813321317,4,50
2018-01-01,11.750850766147158,5,1
2018-01-02,13.859512696523458,5,1
2018-01-03,13.838943194539896,5,1
2018-01-04,14.71922721766851,5,1
2018-01-05,15.681829363329715,5,1
2018-01-06,16.804699673573783,5,1
2018-01-07,17.862991208347754,5,1
2018-01-08,11.58480459981696,5,1
2018-01-09,13.71415677127666,5,1
2018-01-10,13.72210581549072,5,1
2018-01-11,14.637715303064509,5,1
2018-01-12,15.641176319851864,5,1
2018-01-13,16.808965827158598,5,1
2018-01-14,17.914622755632198,5,1
2018-01-15,11.684555072011179,5,1
2018-01-16,13.861072918744334,5,1
2018-01-17,13.9135776935145,5,1
2018-01-18,14.869588232064395,5,1
2018-01-19,15.907920372969812,5,1
2018-01-20,17.10389662572592,5,1
2018-01-21,18.23016568711519,5,1
2018-01-22,12.01254363562369,5,1
2018-01-23,14.19307079523876,5,1
2018-01-24,14.241213360006592,5,1
2018-01-25,15.184890525076808,5,1
2018-01-26,16.20364335442993,5,1
2018-01-27,17.373822429937633,5,1
2018-01-28,18.46937471003062,5,1
2018-01-29,12.217642451875623,5,1
2018-01-30,14.362369519509768,5,1
2018-01-01,30.00904358076202,5,2
2018-01-02,36.33454868445294,5,2
2018-01-03,35.93973899738312,5,2
2018-01-04,38.77089847239496,5,2
2018-01-05,41.50489439864367,5,2
2018-01-06,44.72259356618097,5,2
2018-01-07,47.49878694286305,5,2
2018-01-08,29.666569419479355,5,2
2018-01-09,36.0748237298085,5,2
2018-01-10,35.77579400418448,5,2
2018-01-11,38.71327787530795,5,2
2018-01-12,41.56127274655,5,2
2018-01-13,44.8974965002605,5,2
2018-01-14,47.79342409770278,5,2
2018-01-15,30.078783110455507,5,2
2018-01-16,36.59915369652897,5,2
2018-01-17,36.403654917878484,5,2
2018-01-18,39.43324288853142,5,2
2018-01-19,42.35945316927558,5,2
2018-01-20,45.758004816100495,5,2
2018-01-21,48.69890507228317,5,2
2018-01-22,31.01099575728822,5,2
2018-01-23,37.53958541247664,5,2
2018-01-24,37.33414821499904,5,2
2018-01-25,40.336614858150504,5,2
2018-01-26,43.220088118355314,5,2
2018-01-27,46.56240140608263,5,2
2018-01-28,49.4361607322904,5,2
2018-01-29,31.673213096474544,5,2
2018-01-30,38.12218775326767,5,2
2018-01-01,19.112570386257737,5,3
2018-01-02,22.576359436137768,5,3
2018-01-03,22.713777959607576,5,3
2018-01-04,24.397465029013702,5,3
2018-01-05,26.3821513559634,5,3
2018-01-06,28.177587873533696,5,3
2018-01-07,29.933582399104946,5,3
2018-01-08,19.287783681290925,5,3
2018-01-09,22.690596485586717,5,3
2018-01-10,22.769431219238015,5,3
2018-01-11,24.398393460279785,5,3
2018-01-12,26.333502169233963,5,3
2018-01-13,28.085605266025507,5,3
2018-01-14,29.80540800944468,5,3
2018-01-15,19.131253318545042,5,3
2018-01-16,22.514037435526205,5,3
2018-01-17,22.581464099148437,5,3
2018-01-18,24.207742197961984,5,3
2018-01-19,26.148815238529792,5,3
2018-01-20,27.915290833272877,5,3
2018-01-21,29.657485148998365,5,3
2018-01-22,19.013220953190103,5,3
2018-01-23,22.432762164099184,5,3
2018-01-24,22.543087598105842,5,3
2018-01-25,24.21760843840496,5,3
2018-01-26,26.21141735138298,5,3
2018-01-27,28.03423709151261,5,3
2018-01-28,29.83548321881946,5,3
2018-01-29,19.252079301731374,5,3
2018-01-30,22.73340729674146,5,3
2018-01-01,10.53195667435885,5,4
2018-01-02,12.641558649511452,5,4
2018-01-03,12.913426019730988,5,4
2018-01-04,14.013004893166563,5,4
2018-01-05,14.110772702053024,5,4
2018-01-06,15.20075827005826,5,4
2018-01-07,16.18483158288746,5,4
2018-01-08,9.94834541239937,5,4
2018-01-09,12.13455379085867,5,4
2018-01-10,12.49290461385161,5,4
2018-01-11,13.68714356107786,5,4
2018-01-12,13.885853824601895,5,4
2018-01-13,15.081030610699282,5,4
2018-01-14,16.17242788336088,5,4
2018-01-15,10.043257888437136,5,4
2018-01-16,12.334666854007754,5,4
2018-01-17,12.794082599812645,5,4
2018-01-18,14.08336979509497,5,4
2018-01-19,14.369416039680589,5,4
2018-01-20,15.642746587261954,5,4
2018-01-21,16.801904228536486,5,4
2018-01-22,10.729174140609102,5,4
2018-01-23,13.065076600272782,5,4
2018-01-24,13.556723037567982,5,4
2018-01-25,14.865971157236881,5,4
2018-01-26,15.160002529180849,5,4
2018-01-27,16.429920920407245,5,4
2018-01-28,17.575108547339994,5,4
2018-01-29,11.478920901995513,5,4
2018-01-30,13.783144052067646,5,4
2018-01-01,9.068873827642971,5,5
2018-01-02,10.791358265725492,5,5
2018-01-03,10.701874939981803,5,5
2018-01-04,11.613596384811144,5,5
2018-01-05,12.707388334205305,5,5
2018-01-06,13.577870403708374,5,5
2018-01-07,14.447958401517468,5,5
2018-01-08,8.923565815451369,5,5
2018-01-09,10.69105034586197,5,5
2018-01-10,10.651070800790006,5,5
2018-01-11,11.61613509874678,5,5
2018-01-12,12.766321329586898,5,5
2018-01-13,13.695361499814165,5,5
2018-01-14,14.625209337204533,5,5
2018-01-15,9.160768959076805,5,5
2018-01-16,10.987369499047936,5,5
2018-01-17,11.004650222944283,5,5
2018-01-18,12.02413610371531,5,5
2018-01-19,13.224985062195131,5,5
2018-01-20,14.200095807003402,5,5
2018-01-21,15.170697024766415,5,5
2018-01-22,9.74109418549174,5,5
2018-01-23,11.596158616816101,5,5
2018-01-24,11.63522304405029,5,5
2018-01-25,12.669663347907488,5,5
2018-01-26,13.878647647382813,5,5
2018-01-27,14.855241662020202,5,5
2018-01-28,15.820991241982277,5,5
2018-01-29,10.380658580246513,5,5
2018-01-30,12.21969711166647,5,5
2018-01-01,29.059805512517514,5,6
2018-01-02,35.39897014840999,5,6
2018-01-03,34.960844270970405,5,6
2018-01-04,38.26647633618221,5,6
2018-01-05,40.557588769740526,5,6
2018-01-06,44.52064265395491,5,6
2018-01-07,46.076244137714326,5,6
2018-01-08,29.237656546572005,5,6
2018-01-09,35.5113382819182,5,6
2018-01-10,35.01407478137709,5,6
2018-01-11,38.26888866785592,5,6
2018-01-12,40.51909601572119,5,6
2018-01-13,44.452358149785134,5,6
2018-01-14,45.99008644304213,5,6
2018-01-15,29.14596356585033,5,6
2018-01-16,35.42650047551003,5,6
2018-01-17,34.94819637672458,5,6
2018-01-18,38.23348453052816,5,6
2018-01-19,40.52483042697157,5,6
2018-01-20,44.50883020296473,5,6
2018-01-21,46.10566516562428,5,6
2018-01-22,29.327674242496816,5,6
2018-01-23,35.67996204141797,5,6
2018-01-24,35.277608210732474,5,6
2018-01-25,38.64165955087604,5,6
2018-01-26,41.01327011394871,5,6
2018-01-27,45.07783607799004,5,6
2018-01-28,46.75448036874427,5,6
2018-01-29,30.054648194881455,5,6
2018-01-30,36.482730762932114,5,6
2018-01-01,30.155788202193456,5,7
2018-01-02,35.61150153170057,5,7
2018-01-03,36.58178419465049,5,7
2018-01-04,39.639312262514174,5,7
2018-01-05,42.37429634867045,5,7
2018-01-06,44.9827592126825,5,7
2018-01-07,48.320074739890714,5,7
2018-01-08,30.383925284017955,5,7
2018-01-09,35.73654351574345,5,7
2018-01-10,36.60979587780531,5,7
2018-01-11,39.5784380319789,5,7
2018-01-12,42.234434556279,5,7
2018-01-13,44.77522816166034,5,7
2018-01-14,48.05727856225188,5,7
2018-01-15,30.079027309559493,5,7
2018-01-16,35.40315389747508,5,7
2018-01-17,36.2616792798306,5,7
2018-01-18,39.22924613675527,5,7
2018-01-19,41.897467048242085,5,7
2018-01-20,44.463224726375294,5,7
2018-01-21,47.7822433422128,5,7
2018-01-22,29.852086209021092,5,7
2018-01-23,35.23444416172872,5,7
2018-01-24,36.160269910149886,5,7
2018-01-25,39.20308696536676,5,7
2018-01-26,41.95336369980803,5,7
2018-01-27,44.60683624742841,5,7
2018-01-28,48.018098987622196,5,7
2018-01-29,30.183617739635853,5,7
2018-01-30,35.66403001733888,5,7
2018-01-01,38.40396961568591,5,8
2018-01-02,46.81220498919479,5,8
2018-01-03,47.003640941884115,5,8
2018-01-04,50.28952097629511,5,8
2018-01-05,54.878275877475595,5,8
2018-01-06,58.576051532441426,5,8
2018-01-07,63.29617681522302,5,8
2018-01-08,38.60858396266764,5,8
2018-01-09,47.05472207952789,5,8
2018-01-10,47.29318861738169,5,8
2018-01-11,50.634253427774446,5,8
2018-01-12,55.28491625420881,5,8
2018-01-13,59.04951350324241,5,8
2018-01-14,63.83927642665557,5,8
2018-01-15,39.2218498857313,5,8
2018-01-16,47.73630888047327,5,8
2018-01-17,48.03889414392961,5,8
2018-01-18,51.43763787524557,5,8
2018-01-19,56.13751708022592,5,8
2018-01-20,59.941147194137315,5,8
2018-01-21,64.75841528334232,5,8
2018-01-22,40.15605957255649,5,8
2018-01-23,48.672730543407624,5,8
2018-01-24,48.964753504871226,5,8
2018-01-25,52.34076289181276,5,8
2018-01-26,57.00684554121246,5,8
2018-01-27,60.76720600746942,5,8
2018-01-28,65.5337541834957,5,8
2018-01-29,40.87562350189739,5,8
2018-01-30,49.3341569870474,5,8
2018-01-01,25.18892384401099,5,9
2018-01-02,30.933113560694874,5,9
2018-01-03,30.530445578178647,5,9
2018-01-04,33.42261462939298,5,9
2018-01-05,35.62279950057235,5,9
2018-01-06,38.29740042468788,5,9
2018-01-07,41.28732867939679,5,9
2018-01-08,25.00612391440607,5,9
2018-01-09,30.74751556790445,5,9
2018-01-10,30.35403488016168,5,9
2018-01-11,33.26789971788219,5,9
2018-01-12,35.50241308702542,5,9
2018-01-13,38.223710252589576,5,9
2018-01-14,41.272067382997484,5,9
2018-01-15,25.060046514016342,5,9
2018-01-16,30.88009228090592,5,9
2018-01-17,30.573185864536008,5,9
2018-01-18,33.57977717760339,5,9
2018-01-19,35.91123489046803,5,9
2018-01-20,38.7316478757635,5,9
2018-01-21,41.879189624219,5,9
2018-01-22,25.76431906519153,5,9
2018-01-23,31.67743191729045,5,9
2018-01-24,31.457566754484557,5,9
2018-01-25,34.54338564730416,5,9
2018-01-26,36.9446679259877,5,9
2018-01-27,39.82414972956726,5,9
2018-01-28,43.018920128070704,5,9
2018-01-29,26.938646653614672,5,9
2018-01-30,32.87324393792403,5,9
2018-01-01,37.69086128621779,5,10
2018-01-02,45.2763492121739,5,10
2018-01-03,45.90895909180773,5,10
2018-01-04,49.6962468190914,5,10
2018-01-05,53.771814779235825,5,10
2018-01-06,56.92493253615589,5,10
2018-01-07,60.21738052907453,5,10
2018-01-08,38.08329227879862,5,10
2018-01-09,45.5728736057618,5,10
2018-01-10,46.11194667707192,5,10
2018-01-11,49.810081894823675,5,10
2018-01-12,53.80266680581326,5,10
2018-01-13,56.88051822252257,5,10
2018-01-14,60.10672346741875,5,10
2018-01-15,37.91648566031198,5,10
2018-01-16,45.36085084750495,5,10
2018-01-17,45.86626399653217,5,10
2018-01-18,49.542716011865146,5,10
2018-01-19,53.52583006693389,5,10
2018-01-20,56.606492556823724,5,10
2018-01-21,59.84771373120141,5,10
2018-01-22,37.684492132001736,5,10
2018-01-23,45.16755992580321,5,10
2018-01-24,45.72295554832059,5,10
2018-01-25,49.46018533447707,5,10
2018-01-26,53.51432207959262,5,10
2018-01-27,56.67564563009583,5,10
2018-01-28,60.00651049752287,5,10
2018-01-29,37.9412146985239,5,10
2018-01-30,45.52974711676647,5,10
2018-01-01,36.29926400497281,5,11
2018-01-02,43.230209803027606,5,11
2018-01-03,43.58024997646538,5,11
2018-01-04,46.234952460311945,5,11
2018-01-05,50.703460882214216,5,11
2018-01-06,54.07390685964037,5,11
2018-01-07,57.051566751673036,5,11
2018-01-08,35.653272689690695,5,11
2018-01-09,42.49187194711542,5,11
2018-01-10,42.77659734589493,5,11
2018-01-11,45.39417021264629,5,11
2018-01-12,49.853991648252396,5,11
2018-01-13,53.24359085389784,5,11
2018-01-14,56.2668414066728,5,11
2018-01-15,34.93845293746021,5,11
2018-01-16,41.8685293470711,5,11
2018-01-17,42.26305287734643,5,11
2018-01-18,45.00511181327657,5,11
2018-01-19,49.60022360401832,5,11
2018-01-20,53.13191804551169,5,11
2018-01-21,56.30008731692745,5,11
2018-01-22,35.115606337667,5,11
2018-01-23,42.18501082717066,5,11
2018-01-24,42.711088963939105,5,11
2018-01-25,45.57420143180319,5,11
2018-01-26,50.277679162312765,5,11
2018-01-27,53.903461515097916,5,11
2018-01-28,57.15048040772361,5,11
2018-01-29,36.02929323640601,5,11
2018-01-30,43.14675200134128,5,11
2018-01-01,34.26541280101975,5,12
2018-01-02,41.55048806504138,5,12
2018-01-03,41.917871768662195,5,12
2018-01-04,44.50143215325875,5,12
2018-01-05,48.42224467990273,5,12
2018-01-06,51.85574302380386,5,12
2018-01-07,55.21166014717674,5,12
2018-01-08,34.28027900037212,5,12
2018-01-09,41.48775133901205,5,12
2018-01-10,41.800785884237996,5,12
2018-01-11,44.35616362250764,5,12
2018-01-12,48.27685094914239,5,12
2018-01-13,51.73912013695915,5,12
2018-01-14,55.15249135955246,5,12
2018-01-15,34.306015340376476,5,12
2018-01-16,41.62365376033413,5,12
2018-01-17,42.069056467852036,5,12
2018-01-18,44.77519034128272,5,12
2018-01-19,48.86058689099322,5,12
2018-01-20,52.496613899707185,5,12
2018-01-21,56.08758070881539,5,12
2018-01-22,35.417191293034804,5,12
2018-01-23,42.90409716729333,5,12
2018-01-24,43.50684406350943,5,12
2018-01-25,46.35366225443842,5,12
2018-01-26,50.55886291108476,5,12
2018-01-27,54.29024150079536,5,12
2018-01-28,57.94929406774277,5,12
2018-01-29,37.317757409381045,5,12
2018-01-30,44.81322278017622,5,12
2018-01-01,42.67888546148203,5,13
2018-01-02,51.14978192586905,5,13
2018-01-03,51.47848378507665,5,13
2018-01-04,56.59453339884513,5,13
2018-01-05,59.50429717643132,5,13
2018-01-06,64.08658221682715,5,13
2018-01-07,68.45129109538746,5,13
2018-01-08,42.83303872041666,5,13
2018-01-09,51.21763501501965,5,13
2018-01-10,51.47497231542552,5,13
2018-01-11,56.53641757117748,5,13
2018-01-12,59.409431980103065,5,13
2018-01-13,63.97320593068255,5,13
2018-01-14,68.33735305878875,5,13
2018-01-15,42.73558537741732,5,13
2018-01-16,51.15227076047781,5,13
2018-01-17,51.45540877604736,5,13
2018-01-18,56.574121726604176,5,13
2018-01-19,59.51338007607703,5,13
2018-01-20,64.14974656087794,5,13
2018-01-21,68.5901792069487,5,13
2018-01-22,43.065811720357345,5,13
2018-01-23,51.55860924328917,5,13
2018-01-24,51.93443247218619,5,13
2018-01-25,57.1206043790056,5,13
2018-01-26,60.12069654791759,5,13
2018-01-27,64.81031776930887,5,13
2018-01-28,69.29594400561966,5,13
2018-01-29,43.808707669417146,5,13
2018-01-30,52.33104425655251,5,13
2018-01-01,29.84413056536679,5,14
2018-01-02,36.19842337055652,5,14
2018-01-03,36.16583680828016,5,14
2018-01-04,38.94406960064465,5,14
2018-01-05,42.40399239590509,5,14
2018-01-06,45.4323919410975,5,14
2018-01-07,48.73260977014193,5,14
2018-01-08,30.038578888933504,5,14
2018-01-09,36.2486055006605,5,14
2018-01-10,36.08585821205095,5,14
2018-01-11,38.75074355234846,5,14
2018-01-12,42.1161775394599,5,14
2018-01-13,45.07032283618552,5,14
2018-01-14,48.317239823464995,5,14
2018-01-15,29.59095383255667,5,14
2018-01-16,35.78928385277517,5,14
2018-01-17,35.63439300801484,5,14
2018-01-18,38.32523713622824,5,14
2018-01-19,41.73291844461164,5,14
2018-01-20,44.74351084313813,5,14
2018-01-21,48.058802259736886,5,14
2018-01-22,29.41045316193389,5,14
2018-01-23,35.693913685227855,5,14
2018-01-24,35.629056927476725,5,14
2018-01-25,38.41270227509919,5,14
2018-01-26,41.91403359660433,5,14
2018-01-27,45.01747716208992,5,14
2018-01-28,48.42348328169033,5,14
2018-01-29,29.862710048374677,5,14
2018-01-30,36.22995122643517,5,14
2018-01-01,46.20470958033048,5,15
2018-01-02,54.67575704176831,5,15
2018-01-03,54.36374628325193,5,15
2018-01-04,59.18991565014872,5,15
2018-01-05,63.00027860735432,5,15
2018-01-06,67.49186856209697,5,15
2018-01-07,72.35408888546084,5,15
2018-01-08,46.03893172629742,5,15
2018-01-09,54.452261114629536,5,15
2018-01-10,54.105890308546705,5,15
2018-01-11,58.92099639233963,5,15
2018-01-12,62.74270017284706,5,15
2018-01-13,67.26639150238353,5,15
2018-01-14,72.17918007254045,5,15
2018-01-15,45.93023151252778,5,15
2018-01-16,54.42218012328507,5,15
2018-01-17,54.163343766103,5,15
2018-01-18,59.07127934213699,5,15
2018-01-19,62.98750234694478,5,15
2018-01-20,67.60394620718765,5,15
2018-01-21,72.60453729952548,5,15
2018-01-22,46.43564173488275,5,15
2018-01-23,54.997571995187954,5,15
2018-01-24,54.79687628752606,5,15
2018-01-25,59.74994706665118,5,15
2018-01-26,63.69777093742302,5,15
2018-01-27,68.33239511821505,5,15
2018-01-28,73.33848658391534,5,15
2018-01-29,47.16374092544072,5,15
2018-01-30,55.71033065202621,5,15
2018-01-01,13.757210147927404,5,16
2018-01-02,16.017152174457763,5,16
2018-01-03,16.3853955614945,5,16
2018-01-04,17.481371019259075,5,16
2018-01-05,18.280576386056197,5,16
2018-01-06,19.28359598247993,5,16
2018-01-07,20.707623959245183,5,16
2018-01-08,13.324822529060745,5,16
2018-01-09,15.538208852499189,5,16
2018-01-10,15.87732810159046,5,16
2018-01-11,16.962028049473854,5,16
2018-01-12,17.767719780316806,5,16
2018-01-13,18.79441840447201,5,16
2018-01-14,20.258299961088536,5,16
2018-01-15,12.930104166056793,5,16
2018-01-16,15.211075277731743,5,16
2018-01-17,15.628696888570431,5,16
2018-01-18,16.800534106915084,5,16
2018-01-19,17.699565726250857,5,16
2018-01-20,18.823298212467577,5,16
2018-01-21,20.385395637546107,5,16
2018-01-22,13.15415321914821,5,16
2018-01-23,15.528504850258717,5,16
2018-01-24,16.033818696445977,5,16
2018-01-25,17.285792797858385,5,16
2018-01-26,18.2558319857537,5,16
2018-01-27,19.440196927982498,5,16
2018-01-28,21.051658707582973,5,16
2018-01-29,13.85798617758563,5,16
2018-01-30,16.257956370097986,5,16
2018-01-01,17.261102816746412,5,17
2018-01-02,20.00522410226256,5,17
2018-01-03,20.271995749005594,5,17
2018-01-04,22.30936749870272,5,17
2018-01-05,23.103757491096232,5,17
2018-01-06,25.269881055033835,5,17
2018-01-07,26.50274625613856,5,17
2018-01-08,17.0076937637809,5,17
2018-01-09,19.777247520077726,5,17
2018-01-10,20.079485120220696,5,17
2018-01-11,22.161124661556038,5,17
2018-01-12,23.007065884149647,5,17
2018-01-13,25.230279946833257,5,17
2018-01-14,26.523871664374195,5,17
2018-01-15,17.09118962327889,5,17
2018-01-16,19.922748441025213,5,17
2018-01-17,20.284669854794338,5,17
2018-01-18,22.42183723224247,5,17
2018-01-19,23.317499285021803,5,17
2018-01-20,25.583215467031835,5,17
2018-01-21,26.910965255157677,5,17
2018-01-22,17.503295380217498,5,17
2018-01-23,20.350268239806212,5,17
2018-01-24,20.71791748748598,5,17
2018-01-25,22.85140505987325,5,17
2018-01-26,23.73461545613905,5,17
2018-01-27,25.98008014766129,5,17
2018-01-28,27.28105505592161,5,17
2018-01-29,17.841626228783475,5,17
2018-01-30,20.653608293527,5,17
2018-01-01,43.82734413798431,5,18
2018-01-02,51.88565231607983,5,18
2018-01-03,51.904673770564074,5,18
2018-01-04,56.682027369534765,5,18
2018-01-05,59.34672953389069,5,18
2018-01-06,64.84814409074683,5,18
2018-01-07,67.98649918549812,5,18
2018-01-08,43.38148396425498,5,18
2018-01-09,51.40058106475312,5,18
2018-01-10,51.40199640412369,5,18
2018-01-11,56.1847259092305,5,18
2018-01-12,58.878424233773664,5,18
2018-01-13,64.43236506154383,5,18
2018-01-14,67.64598726708017,5,18
2018-01-15,43.13753837196845,5,18
2018-01-16,51.27246963747642,5,18
2018-01-17,51.40644221734432,5,18
2018-01-18,56.33548164144634,5,18
2018-01-19,59.18594306165927,5,18
2018-01-20,64.90357407769993,5,18
2018-01-21,68.28416654349434,5,18
2018-01-22,43.942305905948444,5,18
2018-01-23,52.23986959540131,5,18
2018-01-24,52.529131201796616,5,18
2018-01-25,57.60300522297901,5,18
2018-01-26,60.58509259373309,5,18
2018-01-27,66.418811909818,5,18
2018-01-28,69.8981062013216,5,18
2018-01-29,45.63623265856074,5,18
2018-01-30,53.9942860920016,5,18
2018-01-01,20.917845392876742,5,19
2018-01-02,24.83468541501682,5,19
2018-01-03,24.557050387727934,5,19
2018-01-04,26.829221002590902,5,19
2018-01-05,28.45260948305881,5,19
2018-01-06,30.569732481731425,5,19
2018-01-07,32.96301502759491,5,19
2018-01-08,21.154079155152274,5,19
2018-01-09,25.068241194088458,5,19
2018-01-10,24.793118668243913,5,19
2018-01-11,27.073224919735353,5,19
2018-01-12,28.709945899679646,5,19
2018-01-13,30.845530029354105,5,19
2018-01-14,33.261915537081464,5,19
2018-01-15,21.480047968329636,5,19
2018-01-16,25.424410793419867,5,19
2018-01-17,25.18166892297868,5,19
2018-01-18,27.49530205644189,5,19
2018-01-19,29.16562109984105,5,19
2018-01-20,31.333797369134842,5,19
2018-01-21,33.780727849042634,5,19
2018-01-22,22.02638815008759,5,19
2018-01-23,25.994395143375193,5,19
2018-01-24,25.770678268101683,5,19
2018-01-25,28.098135773263643,5,19
2018-01-26,29.77666862812338,5,19
2018-01-27,31.94722148924352,5,19
2018-01-28,34.39065383902301,5,19
2018-01-29,22.627092958789937,5,19
2018-01-30,26.58049090047291,5,19
2018-01-01,23.793513474370197,5,20
2018-01-02,28.48549593139262,5,20
2018-01-03,27.916506646730788,5,20
2018-01-04,30.382923505184834,5,20
2018-01-05,32.46008736621487,5,20
2018-01-06,35.0108760929938,5,20
2018-01-07,37.39629384732332,5,20
2018-01-08,22.512964457149216,5,20
2018-01-09,27.222131927550436,5,20
2018-01-10,26.701392472296305,5,20
2018-01-11,29.246656763613448,5,20
2018-01-12,31.431977189068007,5,20
2018-01-13,34.11816873428811,5,20
2018-01-14,36.66346496508888,5,20
2018-01-15,21.961095864301146,5,20
2018-01-16,26.868388092654193,5,20
2018-01-17,26.558609173656365,5,20
2018-01-18,29.32305112606531,5,20
2018-01-19,31.730984953209543,5,20
2018-01-20,34.63841111350287,5,20
2018-01-21,37.39884393436983,5,20
2018-01-22,22.9010132893001,5,20
2018-01-23,27.998080842420542,5,20
2018-01-24,27.85958934887936,5,20
2018-01-25,30.773637858535448,5,20
2018-01-26,33.30691195713313,5,20
2018-01-27,36.31349235526592,5,20
2018-01-28,39.14567847448524,5,20
2018-01-29,24.69170957283664,5,20
2018-01-30,29.80498048140796,5,20
2018-01-01,18.39695439371537,5,21
2018-01-02,22.56459949042079,5,21
2018-01-03,22.705134681992707,5,21
2018-01-04,25.199973249932953,5,21
2018-01-05,26.685984075409394,5,21
2018-01-06,28.366650326582995,5,21
2018-01-07,31.04287384325748,5,21
2018-01-08,18.387154797091828,5,21
2018-01-09,22.652964695366297,5,21
2018-01-10,22.892743483191868,5,21
2018-01-11,25.48597577659822,5,21
2018-01-12,27.06759890369406,5,21
2018-01-13,28.839226755844056,5,21
2018-01-14,31.600016260950948,5,21
2018-01-15,19.020904123605316,5,21
2018-01-16,23.354030151718966,5,21
2018-01-17,23.65077641464221,5,21
2018-01-18,26.289876034845463,5,21
2018-01-19,27.905843376301927,5,21
2018-01-20,29.700209055894533,5,21
2018-01-21,32.47238636870506,5,21
2018-01-22,19.893896905760748,5,21
2018-01-23,24.217772167338147,5,21
2018-01-24,24.4965612278911,5,21
2018-01-25,27.11039936806279,5,21
2018-01-26,28.695390812062016,5,21
2018-01-27,30.454790591137186,5,21
2018-01-28,33.18981388258932,5,21
2018-01-29,20.573802473397414,5,21
2018-01-30,24.861567069900072,5,21
2018-01-01,41.05781395311817,5,22
2018-01-02,48.95017563263746,5,22
2018-01-03,48.517709011406254,5,22
2018-01-04,53.680124758783506,5,22
2018-01-05,56.81326916148374,5,22
2018-01-06,60.9413004988083,5,22
2018-01-07,65.94304675180442,5,22
2018-01-08,41.25256001904776,5,22
2018-01-09,49.06057051587746,5,22
2018-01-10,48.552929838697665,5,22
2018-01-11,53.65154390675503,5,22
2018-01-12,56.73397043159362,5,22
2018-01-13,60.82558612857123,5,22
2018-01-14,65.80594811513949,5,22
2018-01-15,41.10936416124204,5,22
2018-01-16,48.92637368721982,5,22
2018-01-17,48.44222797409156,5,22
2018-01-18,53.577868581228685,5,22
2018-01-19,56.70957725086975,5,22
2018-01-20,60.86120083086469,5,22
2018-01-21,65.9105739154028,5,22
2018-01-22,41.290152104544546,5,22
2018-01-23,49.188556044194726,5,22
2018-01-24,48.789113044617565,5,22
2018-01-25,54.01089371885854,5,22
2018-01-26,57.22841550955512,5,22
2018-01-27,61.46391540314241,5,22
2018-01-28,66.5938134957747,5,22
2018-01-29,42.049379500093025,5,22
2018-01-30,50.018301769862184,5,22
2018-01-01,15.399982864414742,5,23
2018-01-02,17.932362359048337,5,23
2018-01-03,18.072621965323574,5,23
2018-01-04,19.039839444691363,5,23
2018-01-05,20.546819753729487,5,23
2018-01-06,22.118715474311582,5,23
2018-01-07,23.993375731946163,5,23
2018-01-08,15.659263092879597,5,23
2018-01-09,18.190911714637217,5,23
2018-01-10,18.332225135648713,5,23
2018-01-11,19.30252828600046,5,23
2018-01-12,20.814712938931194,5,23
2018-01-13,22.39386734326376,5,23
2018-01-14,24.27763877950217,5,23
2018-01-15,15.954167939716003,5,23
2018-01-16,18.497567726538506,5,23
2018-01-17,18.65124411167509,5,23
2018-01-18,19.63397284646524,5,23
2018-01-19,21.158070435194077,5,23
2018-01-20,22.748049304908566,5,23
2018-01-21,24.641005134260144,5,23
2018-01-22,16.32457450739011,5,23
2018-01-23,18.87243482067037,5,23
2018-01-24,19.027643496720714,5,23
2018-01-25,20.00872980947009,5,23
2018-01-26,21.52787734851431,5,23
2018-01-27,23.109586789637515,5,23
2018-01-28,24.991066784636235,5,23
2018-01-29,16.660191107868904,5,23
2018-01-30,19.190994073872282,5,23
2018-01-01,33.65891214823754,5,24
2018-01-02,40.03770172755013,5,24
2018-01-03,39.888690166283496,5,24
2018-01-04,43.97005784412546,5,24
2018-01-05,45.772304661271484,5,24
2018-01-06,48.736000179655036,5,24
2018-01-07,52.635392849470946,5,24
2018-01-08,32.80019372795767,5,24
2018-01-09,39.13206465845576,5,24
2018-01-10,38.96338112486235,5,24
2018-01-11,43.052893896015945,5,24
2018-01-12,44.89087851688392,5,24
2018-01-13,47.91692415902416,5,24
2018-01-14,51.90360046840355,5,24
2018-01-15,32.17831567295963,5,24
2018-01-16,38.639893374581575,5,24
2018-01-17,38.61743538079928,5,24
2018-01-18,42.8660915966613,5,24
2018-01-19,44.87232279965514,5,24
2018-01-20,48.07180452552274,5,24
2018-01-21,52.23320746311978,5,24
2018-01-22,32.6801645111791,5,24
2018-01-23,39.30794903024339,5,24
2018-01-24,39.44242904191721,5,24
2018-01-25,43.835916152239236,5,24
2018-01-26,45.97249318753636,5,24
2018-01-27,49.28596739120385,5,24
2018-01-28,53.54368367797389,5,24
2018-01-29,34.068507694602076,5,24
2018-01-30,40.7555033058043,5,24
2018-01-01,42.692560407330596,5,25
2018-01-02,51.27798788489656,5,25
2018-01-03,50.155118764513865,5,25
2018-01-04,54.43850235725024,5,25
2018-01-05,58.653704621212334,5,25
2018-01-06,63.00887439301266,5,25
2018-01-07,67.2222061111206,5,25
2018-01-08,43.23333976221813,5,25
2018-01-09,51.651893872245246,5,25
2018-01-10,50.37287438435765,5,25
2018-01-11,54.513518855693924,5,25
2018-01-12,58.6014401031222,5,25
2018-01-13,62.8462096313078,5,25
2018-01-14,66.96685579999517,5,25
2018-01-15,42.90331507553037,5,25
2018-01-16,51.265029395540395,5,25
2018-01-17,49.946429397399754,5,25
2018-01-18,54.0638596577477,5,25
2018-01-19,58.14380671387567,5,25
2018-01-20,62.39456687556722,5,25
2018-01-21,66.53382560756786,5,25
2018-01-22,42.500183897594596,5,25
2018-01-23,50.9018220521662,5,25
2018-01-24,49.63203850035957,5,25
2018-01-25,53.806218067951946,5,25
2018-01-26,57.95008933450423,5,25
2018-01-27,62.271407483150305,5,25
2018-01-28,66.48753438635816,5,25
2018-01-29,42.53695186479544,5,25
2018-01-30,51.027899604797184,5,25
2018-01-01,24.587660248685697,5,26
2018-01-02,28.855338290052387,5,26
2018-01-03,29.120365561917943,5,26
2018-01-04,31.665485698739545,5,26
2018-01-05,34.342736713962516,5,26
2018-01-06,36.59833066610439,5,26
2018-01-07,38.752269968695124,5,26
2018-01-08,24.4411333554292,5,26
2018-01-09,28.656931525242765,5,26
2018-01-10,28.8831080051989,5,26
2018-01-11,31.40353325735594,5,26
2018-01-12,34.07090953023405,5,26
2018-01-13,36.331657136563564,5,26
2018-01-14,38.50554913430116,5,26
2018-01-15,24.228526524665554,5,26
2018-01-16,28.491592829530056,5,26
2018-01-17,28.776862197853966,5,26
2018-01-18,31.366607493055362,5,26
2018-01-19,34.11172415057161,5,26
2018-01-20,36.45667868579722,5,26
2018-01-21,38.719206991091504,5,26
2018-01-22,24.533192709433177,5,26
2018-01-23,28.88762278557891,5,26
2018-01-24,29.262692691731374,5,26
2018-01-25,31.938906282458703,5,26
2018-01-26,34.76558476206954,5,26
2018-01-27,37.18585256523471,5,26
2018-01-28,39.51636445880848,5,26
2018-01-29,25.390203593140466,5,26
2018-01-30,29.79584732109801,5,26
2018-01-01,11.319861500053902,5,27
2018-01-02,13.819951126101806,5,27
2018-01-03,13.645299573534446,5,27
2018-01-04,14.12138782638895,5,27
2018-01-05,15.453052691164995,5,27
2018-01-06,16.228599429503305,5,27
2018-01-07,17.40797121879253,5,27
2018-01-08,10.7959376252531,5,27
2018-01-09,13.267092229046444,5,27
2018-01-10,13.077682658682644,5,27
2018-01-11,13.55379011326745,5,27
2018-01-12,14.900410578647355,5,27
2018-01-13,15.705574363913458,5,27
2018-01-14,16.928534327369622,5,27
2018-01-15,10.37298423102003,5,27
2018-01-16,12.912096322890097,5,27
2018-01-17,12.800400103396711,5,27
2018-01-18,13.362017830917122,5,27
2018-01-19,14.799807273520155,5,27
2018-01-20,15.699546506981033,5,27
2018-01-21,17.018189228351254,5,27
2018-01-22,10.557150103814248,5,27
2018-01-23,13.187407364410682,5,27
2018-01-24,13.161442805539028,5,27
2018-01-25,13.801533081160168,5,27
2018-01-26,15.308941315042688,5,27
2018-01-27,16.268142564670246,5,27
2018-01-28,17.635110593552096,5,27
2018-01-29,11.210624735231049,5,27
2018-01-30,13.865383619706087,5,27
2018-01-01,45.28888230338832,5,28
2018-01-02,54.86887219653279,5,28
2018-01-03,54.869500444792806,5,28
2018-01-04,59.264494615661775,5,28
2018-01-05,62.93062492931709,5,28
2018-01-06,68.06723147457475,5,28
2018-01-07,71.20363198348971,5,28
2018-01-08,44.94725704228197,5,28
2018-01-09,54.39470836940878,5,28
2018-01-10,54.2915142684176,5,28
2018-01-11,58.613868726986475,5,28
2018-01-12,62.23989393787946,5,28
2018-01-13,67.36917940447562,5,28
2018-01-14,70.5302331963846,5,28
2018-01-15,44.32869012328955,5,28
2018-01-16,53.85846955170234,5,28
2018-01-17,53.86165337062775,5,28
2018-01-18,58.31036639034598,5,28
2018-01-19,62.07819431217031,5,28
2018-01-20,67.3598874796805,5,28
2018-01-21,70.67898086247054,5,28
2018-01-22,44.63616991020221,5,28
2018-01-23,54.320630009114936,5,28
2018-01-24,54.47004532852827,5,28
2018-01-25,59.05262503601095,5,28
2018-01-26,62.93863824004946,5,28
2018-01-27,68.32021272500788,5,28
2018-01-28,71.7190254931266,5,28
2018-01-29,45.734723092487116,5,28
2018-01-30,55.45625860902464,5,28
2018-01-01,35.711966582062395,5,29
2018-01-02,41.46318680450845,5,29
2018-01-03,42.063803475635964,5,29
2018-01-04,45.57864072775414,5,29
2018-01-05,49.25878719676603,5,29
2018-01-06,52.57013594265723,5,29
2018-01-07,55.47289853089999,5,29
2018-01-08,35.78006714457318,5,29
2018-01-09,41.49859457137595,5,29
2018-01-10,42.08177789349346,5,29
2018-01-11,45.59437537889979,5,29
2018-01-12,49.2868271207347,5,29
2018-01-13,52.62386072053222,5,29
2018-01-14,55.56408484266433,5,29
2018-01-15,35.91854145284776,5,29
2018-01-16,41.691983289064055,5,29
2018-01-17,42.33535896684497,5,29
2018-01-18,45.91103176551394,5,29
2018-01-19,49.66709927364215,5,29
2018-01-20,53.066092003106526,5,29
2018-01-21,56.06465089206137,5,29
2018-01-22,36.472151962973044,5,29
2018-01-23,42.292042572772175,5,29
2018-01-24,42.974370033794514,5,29
2018-01-25,46.5810275621398,5,29
2018-01-26,50.36008419511287,5,29
2018-01-27,53.77447681444363,5,29
2018-01-28,56.781664770893364,5,29
2018-01-29,37.19221647802972,5,29
2018-01-30,43.01109398954125,5,29
2018-01-01,22.012998751258912,5,30
2018-01-02,25.904817242407837,5,30
2018-01-03,25.132811655507865,5,30
2018-01-04,27.54662664838873,5,30
2018-01-05,29.930910612430836,5,30
2018-01-06,30.722024333288893,5,30
2018-01-07,32.74749313935146,5,30
2018-01-08,21.010722091947216,5,30
2018-01-09,24.83017710088417,5,30
2018-01-10,24.01019234290669,5,30
2018-01-11,26.401208524054653,5,30
2018-01-12,28.78804065596974,5,30
2018-01-13,29.60660619989291,5,30
2018-01-14,31.683411131326793,5,30
2018-01-15,20.02031216991481,5,30
2018-01-16,23.93375644649546,5,30
2018-01-17,23.22565712323445,5,30
2018-01-18,25.743707449113394,5,30
2018-01-19,28.269729726743517,5,30
2018-01-20,29.236487774213725,5,30
2018-01-21,31.46725815312105,5,30
2018-01-22,19.960676172523375,5,30
2018-01-23,24.030055813758207,5,30
2018-01-24,23.474340123317795,5,30
2018-01-25,26.138482796977623,5,30
2018-01-26,28.801855920080023,5,30
2018-01-27,29.895111220835826,5,30
2018-01-28,32.23978918659282,5,30
2018-01-29,20.83319145706759,5,30
2018-01-30,24.987715371092257,5,30
2018-01-01,29.87173557078985,5,31
2018-01-02,35.94743207518189,5,31
2018-01-03,36.10874090736166,5,31
2018-01-04,38.38683543502512,5,31
2018-01-05,41.57571807910346,5,31
2018-01-06,44.81054801125027,5,31
2018-01-07,47.82812577621934,5,31
2018-01-08,30.013793840081437,5,31
2018-01-09,36.090014011884215,5,31
2018-01-10,36.259605054028235,5,31
2018-01-11,38.553854839282934,5,31
2018-01-12,41.766570089853786,5,31
2018-01-13,45.03243767041987,5,31
2018-01-14,48.08754924379718,5,31
2018-01-15,30.316346633347624,5,31
2018-01-16,36.4402471100536,5,31
2018-01-17,36.66093017706348,5,31
2018-01-18,39.008498507298,5,31
2018-01-19,42.27557446344849,5,31
2018-01-20,45.5957047076597,5,31
2018-01-21,48.703923431443805,5,31
2018-01-22,30.983730490693514,5,31
2018-01-23,37.15574285326114,5,31
2018-01-24,37.42100038425296,5,31
2018-01-25,39.80913835246169,5,31
2018-01-26,43.11248808650939,5,31
2018-01-27,46.46447855264984,5,31
2018-01-28,49.60018989230576,5,31
2018-01-29,31.90331593427392,5,31
2018-01-30,38.094795002559465,5,31
2018-01-01,23.410058410162815,5,32
2018-01-02,27.240169151753285,5,32
2018-01-03,27.49048135412803,5,32
2018-01-04,29.300337334777385,5,32
2018-01-05,30.971658510166513,5,32
2018-01-06,34.27032755569443,5,32
2018-01-07,35.226560083792116,5,32
2018-01-08,22.841390983361933,5,32
2018-01-09,26.63918057340115,5,32
2018-01-10,26.880178236904438,5,32
2018-01-11,28.70394142270361,5,32
2018-01-12,30.41187086579908,5,32
2018-01-13,33.76863382947771,5,32
2018-01-14,34.80259612994606,5,32
2018-01-15,22.512385891739875,5,32
2018-01-16,26.41949153620392,5,32
2018-01-17,26.780928648120657,5,32
2018-01-18,28.732770307609172,5,32
2018-01-19,30.572798259904545,5,32
2018-01-20,34.062043173022275,5,32
2018-01-21,35.225331222063716,5,32
2018-01-22,23.05795655900604,5,32
2018-01-23,27.07837901315376,5,32
2018-01-24,27.540978829837698,5,32
2018-01-25,29.579660598570808,5,32
2018-01-26,31.49056177358442,5,32
2018-01-27,35.033632587595,5,32
2018-01-28,36.23320370280941,5,32
2018-01-29,24.084660840626487,5,32
2018-01-30,28.107125993238398,5,32
2018-01-01,35.687809645670555,5,33
2018-01-02,42.440010638670145,5,33
2018-01-03,43.06148215412215,5,33
2018-01-04,45.559885614244706,5,33
2018-01-05,49.69860177992413,5,33
2018-01-06,52.53300455784068,5,33
2018-01-07,56.67471863403345,5,33
2018-01-08,35.63136121677023,5,33
2018-01-09,42.19418246125058,5,33
2018-01-10,42.642148693635264,5,33
2018-01-11,44.98718635580505,5,33
2018-01-12,48.99629680580937,5,33
2018-01-13,51.72777510355806,5,33
2018-01-14,55.79543027739437,5,33
2018-01-15,34.70830765526456,5,33
2018-01-16,41.25832770671761,5,33
2018-01-17,41.72438497673367,5,33
2018-01-18,44.117624106142216,5,33
2018-01-19,48.203601792723674,5,33
2018-01-20,51.038566223867754,5,33
2018-01-21,55.23374961011314,5,33
2018-01-22,34.29517231818417,5,33
2018-01-23,41.0113708054652,5,33
2018-01-24,41.657590587393635,5,33
2018-01-25,44.241158841610215,5,33
2018-01-26,48.52374312532483,5,33
2018-01-27,51.55772543371372,5,33
2018-01-28,55.95058504823844,5,33
2018-01-29,35.20478667134749,5,33
2018-01-30,42.10558426136833,5,33
2018-01-01,11.85688347642855,5,34
2018-01-02,14.774490095983362,5,34
2018-01-03,15.243345085749883,5,34
2018-01-04,16.41653679255222,5,34
2018-01-05,17.286360624296748,5,34
2018-01-06,19.113064190977937,5,34
2018-01-07,20.24527737251398,5,34
2018-01-08,12.258058180040205,5,34
2018-01-09,15.195909797105237,5,34
2018-01-10,15.683517718553244,5,34
2018-01-11,16.87372088910379,5,34
2018-01-12,17.758520398815467,5,34
2018-01-13,19.59784293622405,5,34
2018-01-14,20.7399899836573,5,34
2018-01-15,12.75970295019366,5,34
2018-01-16,15.701198969663366,5,34
2018-01-17,16.188925654961537,5,34
2018-01-18,17.375548133026598,5,34
2018-01-19,18.252971406208896,5,34
2018-01-20,20.08111480773812,5,34
2018-01-21,21.208369193300108,5,34
2018-01-22,13.209666819220965,5,34
2018-01-23,16.1295184936834,5,34
2018-01-24,16.59276625544401,5,34
2018-01-25,17.752564972443768,5,34
2018-01-26,18.60139607333887,5,34
2018-01-27,20.399830440807285,5,34
2018-01-28,21.496971452543956,5,34
2018-01-29,13.468508537829061,5,34
2018-01-30,16.359736310856096,5,34
2018-01-01,33.791885869176134,5,35
2018-01-02,40.90118894130892,5,35
2018-01-03,40.59482551076613,5,35
2018-01-04,43.88142081597054,5,35
2018-01-05,46.92207341220017,5,35
2018-01-06,50.64859377511572,5,35
2018-01-07,53.66364255070978,5,35
2018-01-08,33.16313377268489,5,35
2018-01-09,40.19750667344615,5,35
2018-01-10,39.8487446467279,5,35
2018-01-11,43.12700124431801,5,35
2018-01-12,46.193797192181314,5,35
2018-01-13,49.98028230502826,5,35
2018-01-14,53.0874273769983,5,35
2018-01-15,32.7085091945832,5,35
2018-01-16,39.890489361092946,5,35
2018-01-17,39.711161889359644,5,35
2018-01-18,43.17592528756415,5,35
2018-01-19,46.44113853996029,5,35
2018-01-20,50.43254998582308,5,35
2018-01-21,53.74565915361453,5,35
2018-01-22,33.568369674255564,5,35
2018-01-23,40.94252908778,5,35
2018-01-24,40.94122590620967,5,35
2018-01-25,44.5656954789053,5,35
2018-01-26,47.96879041021088,5,35
2018-01-27,52.07350151051336,5,35
2018-01-28,55.47338701993903,5,35
2018-01-29,35.35526667964168,5,35
2018-01-30,42.76077571244065,5,35
2018-01-01,37.95774073631141,5,36
2018-01-02,45.55607507321136,5,36
2018-01-03,45.44802764586389,5,36
2018-01-04,49.62674737106127,5,36
2018-01-05,54.30551450480314,5,36
2018-01-06,57.26847137867513,5,36
2018-01-07,60.299584840512665,5,36
2018-01-08,37.56934059708075,5,36
2018-01-09,45.223812756712164,5,36
2018-01-10,45.18713448187921,5,36
2018-01-11,49.450865161955356,5,36
2018-01-12,54.22612451174016,5,36
2018-01-13,57.29442020286196,5,36
2018-01-14,60.43672155293778,5,36
2018-01-15,37.82027564530321,5,36
2018-01-16,45.58780506712603,5,36
2018-01-17,45.66010891250814,5,36
2018-01-18,50.025558171742865,5,36
2018-01-19,54.89235173337026,5,36
2018-01-20,58.039455660708214,5,36
2018-01-21,61.245774679168704,5,36
2018-01-22,38.67704911977033,5,36
2018-01-23,46.47511393832727,5,36
2018-01-24,46.56053951821365,5,36
2018-01-25,50.92214413063791,5,36
2018-01-26,55.769243753882265,5,36
2018-01-27,58.88256212800937,5,36
2018-01-28,62.043350920989255,5,36
2018-01-29,39.42021489205044,5,36
2018-01-30,47.158280951988175,5,36
2018-01-01,15.299641711850104,5,37
2018-01-02,18.296523154159797,5,37
2018-01-03,17.920111028086406,5,37
2018-01-04,19.631145330822214,5,37
2018-01-05,21.100246073455075,5,37
2018-01-06,22.622718134965215,5,37
2018-01-07,23.892471528127142,5,37
2018-01-08,15.370957920062772,5,37
2018-01-09,18.3410857582076,5,37
2018-01-10,17.940598954654956,5,37
2018-01-11,19.631051588922006,5,37
2018-01-12,21.083718763545654,5,37
2018-01-13,22.59439108046218,5,37
2018-01-14,23.857289376867858,5,37
2018-01-15,15.334000634380464,5,37
2018-01-16,18.3073973539522,5,37
2018-01-17,17.91502516498216,5,37
2018-01-18,19.618090821210124,5,37
2018-01-19,21.08739029708758,5,37
2018-01-20,22.618123928247453,5,37
2018-01-21,23.903834621929775,5,37
2018-01-22,15.40536936464511,5,37
2018-01-23,18.404825579170495,5,37
2018-01-24,18.038966322509907,5,37
2018-01-25,19.76823568697164,5,37
2018-01-26,21.262713333182763,5,37
2018-01-27,22.816954342144363,5,37
2018-01-28,24.12394970223668,5,37
2018-01-29,15.644107016982318,5,37
2018-01-30,18.65921242693328,5,37
2018-01-01,42.8931871746737,5,38
2018-01-02,49.7672459863512,5,38
2018-01-03,50.175295568736814,5,38
2018-01-04,54.7586310626051,5,38
2018-01-05,56.95358285611591,5,38
2018-01-06,62.450040829532064,5,38
2018-01-07,66.27183337027397,5,38
2018-01-08,43.328019546877485,5,38
2018-01-09,50.04154974657367,5,38
2018-01-10,50.294367041287,5,38
2018-01-11,54.731717270030785,5,38
2018-01-12,56.793493183615254,5,38
2018-01-13,62.172702301177516,5,38
2018-01-14,65.89580020767777,5,38
2018-01-15,42.873948319887354,5,38
2018-01-16,49.53165183058352,5,38
2018-01-17,49.75185026594645,5,38
2018-01-18,54.18022857554955,5,38
2018-01-19,56.25657380168454,5,38
2018-01-20,61.67326645286465,5,38
2018-01-21,65.45564757646919,5,38
2018-01-22,42.513319627721415,5,38
2018-01-23,49.26883574277119,5,38
2018-01-24,49.602848595194374,5,38
2018-01-25,54.15848537773334,5,38
2018-01-26,56.37277248039294,5,38
2018-01-27,61.93519745094,5,38
2018-01-28,65.86814765723817,5,38
2018-01-29,43.07828217537701,5,38
2018-01-30,49.985289964662904,5,38
2018-01-01,23.170053311783775,5,39
2018-01-02,26.613234058297863,5,39
2018-01-03,27.026645586538642,5,39
2018-01-04,28.313566744035,5,39
2018-01-05,30.768603739376353,5,39
2018-01-06,33.12333527466466,5,39
2018-01-07,35.81056286540314,5,39
2018-01-08,22.455186862145805,5,39
2018-01-09,25.86773622824662,5,39
2018-01-10,26.274805243224023,5,39
2018-01-11,27.57950468096842,5,39
2018-01-12,30.07557225819703,5,39
2018-01-13,32.49306600499703,5,39
2018-01-14,35.26267980373644,5,39
2018-01-15,22.006699432618568,5,39
2018-01-16,25.532624617493216,5,39
2018-01-17,26.063707415861597,5,39
2018-01-18,27.499511423473045,5,39
2018-01-19,30.13013341723216,5,39
2018-01-20,32.682007870282106,5,39
2018-01-21,35.58233042775713,5,39
2018-01-22,22.450115665764258,5,39
2018-01-23,26.08991185210166,5,39
2018-01-24,26.722420548718212,5,39
2018-01-25,28.245123431693933,5,39
2018-01-26,30.94655624905277,5,39
2018-01-27,33.55214912453579,5,39
2018-01-28,36.48866855845214,5,39
2018-01-29,23.375276219071075,5,39
2018-01-30,27.017227516809694,5,39
2018-01-01,13.972483514601668,5,40
2018-01-02,17.12932606651461,5,40
2018-01-03,16.862622104765876,5,40
2018-01-04,18.071037140739314,5,40
2018-01-05,19.824884103917206,5,40
2018-01-06,21.270985222757304,5,40
2018-01-07,22.931471882436142,5,40
2018-01-08,13.826116589829764,5,40
2018-01-09,17.052398442852777,5,40
2018-01-10,16.861962313107647,5,40
2018-01-11,18.15205407183585,5,40
2018-01-12,19.991333236086724,5,40
2018-01-13,21.524786483145427,5,40
2018-01-14,23.272584437679285,5,40
2018-01-15,14.252474166889742,5,40
2018-01-16,17.559906997238016,5,40
2018-01-17,17.44456004223848,5,40
2018-01-18,18.801831965932582,5,40
2018-01-19,20.698712620095236,5,40
2018-01-20,22.27874837768819,5,40
2018-01-21,24.060944101124587,5,40
2018-01-22,15.062192912891385,5,40
2018-01-23,18.37743234819838,5,40
2018-01-24,18.256184504092722,5,40
2018-01-25,19.59406021516095,5,40
2018-01-26,21.45862668962586,5,40
2018-01-27,22.99436051955055,5,40
2018-01-28,24.72152738302848,5,40
2018-01-29,15.658580263171082,5,40
2018-01-30,18.902275674683224,5,40
2018-01-01,11.22015493514174,5,41
2018-01-02,13.76555409120407,5,41
2018-01-03,13.476291520675591,5,41
2018-01-04,14.259055710155033,5,41
2018-01-05,15.925436337113915,5,41
2018-01-06,16.719908859895494,5,41
2018-01-07,18.105268459839085,5,41
2018-01-08,11.418707842069637,5,41
2018-01-09,13.974890200347009,5,41
2018-01-10,13.691090797272716,5,41
2018-01-11,14.473778691569153,5,41
2018-01-12,16.134476738709733,5,41
2018-01-13,16.91776010195685,5,41
2018-01-14,18.28669852666793,5,41
2018-01-15,11.578936446917478,5,41
2018-01-16,14.109761990534503,5,41
2018-01-17,13.797238303335131,5,41
2018-01-18,14.548768904150446,5,41
2018-01-19,16.176935584725953,5,41
2018-01-20,16.927469675581897,5,41
2018-01-21,18.264662695477966,5,41
2018-01-22,11.527411375473234,5,41
2018-01-23,14.0322491764726,5,41
2018-01-24,13.698438871175028,5,41
2018-01-25,14.434499115883053,5,41
2018-01-26,16.05400476486442,5,41
2018-01-27,16.803522974655476,5,41
2018-01-28,18.147992289495743,5,41
2018-01-29,11.426740784645656,5,41
2018-01-30,13.956496346960497,5,41
2018-01-01,19.246506904826752,5,42
2018-01-02,23.08436171785408,5,42
2018-01-03,22.96836699647463,5,42
2018-01-04,24.697978167802034,5,42
2018-01-05,26.197352610974573,5,42
2018-01-06,28.17989744421749,5,42
2018-01-07,30.117656001721606,5,42
2018-01-08,19.25005656954924,5,42
2018-01-09,23.06399138438522,5,42
2018-01-10,22.92912212187059,5,42
2018-01-11,24.644763276180832,5,42
2018-01-12,26.13478524053001,5,42
2018-01-13,28.112191839544554,5,42
2018-01-14,30.048538127679464,5,42
2018-01-15,19.182710885061635,5,42
2018-01-16,23.001038718279066,5,42
2018-01-17,22.872626972056043,5,42
2018-01-18,24.596267934849667,5,42
2018-01-19,26.095367358136752,5,42
2018-01-20,28.082541396941693,5,42
2018-01-21,30.029049305124634,5,42
2018-01-22,19.17358400613969,5,42
2018-01-23,23.002387311548425,5,42
2018-01-24,22.884585028468827,5,42
2018-01-25,24.619092639910676,5,42
2018-01-26,26.12953292951845,5,42
2018-01-27,28.12882014635363,5,42
2018-01-28,30.088576644374093,5,42
2018-01-29,19.247904811435202,5,42
2018-01-30,23.093481817540038,5,42
2018-01-01,25.930375234414193,5,43
2018-01-02,30.300215960784822,5,43
2018-01-03,30.756721776190073,5,43
2018-01-04,32.95745869481044,5,43
2018-01-05,35.702305664302536,5,43
2018-01-06,37.86795235832132,5,43
2018-01-07,40.15873288791336,5,43
2018-01-08,25.232601452526303,5,43
2018-01-09,29.625524810516403,5,43
2018-01-10,30.125909697234214,5,43
2018-01-11,32.39105001543868,5,43
2018-01-12,35.21984584267617,5,43
2018-01-13,37.4873459994013,5,43
2018-01-14,39.895645786096445,5,43
2018-01-15,25.09994376940315,5,43
2018-01-16,29.63302988421427,5,43
2018-01-17,30.279819975857485,5,43
2018-01-18,32.693918299283865,5,43
2018-01-19,35.67045650839231,5,43
2018-01-20,38.08075726431722,5,43
2018-01-21,40.62335046000301,5,43
2018-01-22,25.950142436074426,5,43
2018-01-23,30.591007158927123,5,43
2018-01-24,31.32841148872698,5,43
2018-01-25,33.814053445015446,5,43
2018-01-26,36.84175985103085,5,43
2018-01-27,39.28218985294394,5,43
2018-01-28,41.833871238190014,5,43
2018-01-29,27.1493694463039,5,43
2018-01-30,31.759858357998908,5,43
2018-01-01,14.34663167924567,5,44
2018-01-02,16.939752863333382,5,44
2018-01-03,17.261304814979503,5,44
2018-01-04,18.223062210924695,5,44
2018-01-05,20.576390369608244,5,44
2018-01-06,22.367883455240108,5,44
2018-01-07,23.307124769192736,5,44
2018-01-08,14.281435904499098,5,44
2018-01-09,16.832866161477043,5,44
2018-01-10,17.11778155608129,5,44
2018-01-11,18.048923913627174,5,44
2018-01-12,20.37843876999434,5,44
2018-01-13,22.153508579591985,5,44
2018-01-14,23.08411211961776,5,44
2018-01-15,14.057776635326288,5,44
2018-01-16,16.616573826843254,5,44
2018-01-17,16.916718657439063,5,44
2018-01-18,17.870641080227564,5,44
2018-01-19,20.2300289789682,5,44
2018-01-20,22.04147837518685,5,44
2018-01-21,23.01427133603834,5,44
2018-01-22,14.035147673780738,5,44
2018-01-23,16.64532109570272,5,44
2018-01-24,17.00009836187271,5,44
2018-01-25,18.010971153145885,5,44
2018-01-26,20.428678583110646,5,44
2018-01-27,22.298876083080522,5,44
2018-01-28,23.32993081147472,5,44
2018-01-29,14.407709440160431,5,44
2018-01-30,17.072608780709384,5,44
2018-01-01,40.951185710922026,5,45
2018-01-02,48.84371898737396,5,45
2018-01-03,48.75504980256154,5,45
2018-01-04,54.04604846156634,5,45
2018-01-05,57.34026721409476,5,45
2018-01-06,61.273044394386616,5,45
2018-01-07,66.20408450164827,5,45
2018-01-08,40.64660639083267,5,45
2018-01-09,48.47965714485153,5,45
2018-01-10,48.3536612366363,5,45
2018-01-11,53.630352055381024,5,45
2018-01-12,56.93339276136647,5,45
2018-01-13,60.897522192749165,5,45
2018-01-14,65.88119490802745,5,45
2018-01-15,40.39580515333091,5,45
2018-01-16,48.31808957509085,5,45
2018-01-17,48.295775256561015,5,45
2018-01-18,53.68761693054957,5,45
2018-01-19,57.114127018645064,5,45
2018-01-20,61.20683090566327,5,45
2018-01-21,66.32101331562629,5,45
2018-01-22,40.965042543090306,5,45
2018-01-23,49.01286459427627,5,45
2018-01-24,49.10973138537122,5,45
2018-01-25,54.612304822217006,5,45
2018-01-26,58.139438829208856,5,45
2018-01-27,62.32147063974777,5,45
2018-01-28,67.51298661765492,5,45
2018-01-29,42.22214927939663,5,45
2018-01-30,50.32317798150163,5,45
2018-01-01,30.125425251845375,5,46
2018-01-02,35.463198017528356,5,46
2018-01-03,35.682686454397384,5,46
2018-01-04,38.64090773168911,5,46
2018-01-05,41.25875693744707,5,46
2018-01-06,44.03917783958537,5,46
2018-01-07,47.33167187477797,5,46
2018-01-08,30.13105115304608,5,46
2018-01-09,35.50474330626096,5,46
2018-01-10,35.76566498147845,5,46
2018-01-11,38.76942007959829,5,46
2018-01-12,41.43529252021522,5,46
2018-01-13,44.264495751402094,5,46
2018-01-14,47.604762893913374,5,46
2018-01-15,30.449180462851192,5,46
2018-01-16,35.863570709777456,5,46
2018-01-17,36.1594367501541,5,46
2018-01-18,39.19122416816756,5,46
2018-01-19,41.87736677548712,5,46
2018-01-20,44.718577002959165,5,46
2018-01-21,48.06246349382041,5,46
2018-01-22,30.902377974755286,5,46
2018-01-23,36.30479606217147,5,46
2018-01-24,36.58224626848215,5,46
2018-01-25,39.590541483293286,5,46
2018-01-26,42.249781646530295,5,46
2018-01-27,45.06258955854635,5,46
2018-01-28,48.37866423417441,5,46
2018-01-29,31.19355603302069,5,46
2018-01-30,36.57597062095309,5,46
2018-01-01,11.675907886131995,5,47
2018-01-02,13.993690871655973,5,47
2018-01-03,14.235608757524213,5,47
2018-01-04,15.38441427380581,5,47
2018-01-05,16.13078757490845,5,47
2018-01-06,17.12328470799451,5,47
2018-01-07,18.903298649623363,5,47
2018-01-08,11.52129085055033,5,47
2018-01-09,13.793470423455782,5,47
2018-01-10,13.997662250177054,5,47
2018-01-11,15.117142833811364,5,47
2018-01-12,15.842865600999454,5,47
2018-01-13,16.823417473489013,5,47
2018-01-14,18.599994156638502,5,47
2018-01-15,11.22265147412234,5,47
2018-01-16,13.507009138318645,5,47
2018-01-17,13.730147377316646,5,47
2018-01-18,14.87447430249866,5,47
2018-01-19,15.629984723787008,5,47
2018-01-20,16.644251204210658,5,47
2018-01-21,18.45743377513611,5,47
2018-01-22,11.118564643719829,5,47
2018-01-23,13.4422833418023,5,47
2018-01-24,13.704761877928338,5,47
2018-01-25,14.88759702270083,5,47
2018-01-26,15.680089804079607,5,47
2018-01-27,16.72925251432099,5,47
2018-01-28,18.57482930994372,5,47
2018-01-29,11.26558655564807,5,47
2018-01-30,13.616048339839208,5,47
2018-01-01,28.063508667135,5,48
2018-01-02,32.4618848697272,5,48
2018-01-03,32.911577672601695,5,48
2018-01-04,34.57773479605517,5,48
2018-01-05,37.52067376274266,5,48
2018-01-06,40.71699493813629,5,48
2018-01-07,42.34680803943111,5,48
2018-01-08,27.525699648687556,5,48
2018-01-09,31.79970782620917,5,48
2018-01-10,32.15043203718714,5,48
2018-01-11,33.745283140079486,5,48
2018-01-12,36.64601184477282,5,48
2018-01-13,39.82981036468885,5,48
2018-01-14,41.47655002566326,5,48
2018-01-15,26.700781669929363,5,48
2018-01-16,31.046763685360744,5,48
2018-01-17,31.49364407987551,5,48
2018-01-18,33.205799079675934,5,48
2018-01-19,36.24146398057473,5,48
2018-01-20,39.57394796212106,5,48
2018-01-21,41.378992363568784,5,48
2018-01-22,26.76689583521965,5,48
2018-01-23,31.27766770556132,5,48
2018-01-24,31.886332521685418,5,48
2018-01-25,33.75338490279645,5,48
2018-01-26,36.9335273077381,5,48
2018-01-27,40.39697959420492,5,48
2018-01-28,42.31691740403801,5,48
2018-01-29,27.801660759093167,5,48
2018-01-30,32.38987266113831,5,48
2018-01-01,14.585389942149913,5,49
2018-01-02,17.613671120086238,5,49
2018-01-03,18.192258397480742,5,49
2018-01-04,19.471669322267324,5,49
2018-01-05,20.890177405181735,5,49
2018-01-06,22.188753822729915,5,49
2018-01-07,23.556606184530047,5,49
2018-01-08,14.48383266435259,5,49
2018-01-09,17.530234367145894,5,49
2018-01-10,18.13653354803017,5,49
2018-01-11,19.4526592450253,5,49
2018-01-12,20.915999349901192,5,49
2018-01-13,22.26637895131774,5,49
2018-01-14,23.69164235739472,5,49
2018-01-15,14.680355703884963,5,49
2018-01-16,17.79067151070175,5,49
2018-01-17,18.46160122252547,5,49
2018-01-18,19.84135568817386,5,49
2018-01-19,21.36565101625294,5,49
2018-01-20,22.772738116964256,5,49
2018-01-21,24.24903191847834,5,49
2018-01-22,15.281855887244035,5,49
2018-01-23,18.42834211481772,5,49
2018-01-24,19.126732109038777,5,49
2018-01-25,20.524737571920397,5,49
2018-01-26,22.057858168041705,5,49
2018-01-27,23.46441440764363,5,49
2018-01-28,24.931171693684128,5,49
2018-01-29,15.94607146597148,5,49
2018-01-30,19.067110235426128,5,49
2018-01-01,32.434849409743336,5,50
2018-01-02,39.87919959027265,5,50
2018-01-03,40.69276480457546,5,50
2018-01-04,43.06274224551815,5,50
2018-01-05,46.015609042996864,5,50
2018-01-06,49.62731304756763,5,50
2018-01-07,52.843154726635994,5,50
2018-01-08,33.21520113829471,5,50
2018-01-09,40.76068176708469,5,50
2018-01-10,41.66798848578423,5,50
2018-01-11,44.1219787827873,5,50
2018-01-12,47.146885727561425,5,50
2018-01-13,50.816607075744145,5,50
2018-01-14,54.07467977936371,5,50
2018-01-15,34.4717775846353,5,50
2018-01-16,42.02417852207357,5,50
2018-01-17,42.91982197509029,5,50
2018-01-18,45.343652369144245,5,50
2018-01-19,48.3205514075302,5,50
2018-01-20,51.92563030583533,5,50
2018-01-21,55.10418797157004,5,50
2018-01-22,35.40917313048769,5,50
2018-01-23,42.859598155251675,5,50
2018-01-24,43.64652583145748,5,50
2018-01-25,45.95832820573479,5,50
2018-01-26,48.82352202888753,5,50
2018-01-27,52.32095523983504,5,50
2018-01-28,55.39965373892491,5,50
2018-01-29,35.61616996466704,5,50
2018-01-30,42.99288463516436,5,50
2018-01-01,11.238002880123148,6,1
2018-01-02,12.860288010178202,6,1
2018-01-03,13.360065224277392,6,1
2018-01-04,14.511952281028464,6,1
2018-01-05,15.158319293757122,6,1
2018-01-06,16.37166689748807,6,1
2018-01-07,17.358833762057966,6,1
2018-01-08,11.193700536459986,6,1
2018-01-09,12.765240387967117,6,1
2018-01-10,13.213933138946693,6,1
2018-01-11,14.31606892964645,6,1
2018-01-12,14.915670188301089,6,1
2018-01-13,16.086831464167,6,1
2018-01-14,17.03788909261755,6,1
2018-01-15,10.84408873183327,6,1
2018-01-16,12.395601880119772,6,1
2018-01-17,12.833909287977562,6,1
2018-01-18,13.936078043336002,6,1
2018-01-19,14.546661876481698,6,1
2018-01-20,15.74002489652002,6,1
2018-01-21,16.724501256106002,6,1
2018-01-22,10.575059164612155,6,1
2018-01-23,12.181320579734212,6,1
2018-01-24,12.683954541999565,6,1
2018-01-25,13.858970806538288,6,1
2018-01-26,14.54964301863281,6,1
2018-01-27,15.828861174591134,6,1
2018-01-28,16.90332523192647,6,1
2018-01-29,10.846247509509801,6,1
2018-01-30,12.545414297554114,6,1
2018-01-01,31.367044938312688,6,2
2018-01-02,38.074808143974714,6,2
2018-01-03,37.81183171137939,6,2
2018-01-04,40.416277606425815,6,2
2018-01-05,43.965213609510684,6,2
2018-01-06,45.712495831758645,6,2
2018-01-07,49.29979415997844,6,2
2018-01-08,31.21190729735719,6,2
2018-01-09,37.78723511475421,6,2
2018-01-10,37.40251328434893,6,2
2018-01-11,39.899082510578474,6,2
2018-01-12,43.356739966031924,6,2
2018-01-13,45.031579243142886,6,2
2018-01-14,48.56698585706634,6,2
2018-01-15,30.44893524637056,6,2
2018-01-16,37.016460954446515,6,2
2018-01-17,36.646397631597125,6,2
2018-01-18,39.17967055344421,6,2
2018-01-19,42.69517838235367,6,2
2018-01-20,44.44767436494938,6,2
2018-01-21,48.07881168305497,6,2
2018-01-22,30.072498420778164,6,2
2018-01-23,36.765428225102625,6,2
2018-01-24,36.531889610886765,6,2
2018-01-25,39.21012388133885,6,2
2018-01-26,42.87627666993988,6,2
2018-01-27,44.78234662618978,6,2
2018-01-28,48.56729537666086,6,2
2018-01-29,30.712462765653132,6,2
2018-01-30,37.55215214745235,6,2
2018-01-01,19.606082712258335,6,3
2018-01-02,23.793907901153663,6,3
2018-01-03,23.26791220093716,6,3
2018-01-04,25.283357904649193,6,3
2018-01-05,26.35957493708113,6,3
2018-01-06,28.452910006506762,6,3
2018-01-07,30.056263876783582,6,3
2018-01-08,19.163008114488804,6,3
2018-01-09,23.311911597579613,6,3
2018-01-10,22.76332802599002,6,3
2018-01-11,24.773113525013127,6,3
2018-01-12,25.86069197655479,6,3
2018-01-13,27.98201723250614,6,3
2018-01-14,29.62913584370964,6,3
2018-01-15,18.79414073715163,6,3
2018-01-16,23.014144927387953,6,3
2018-01-17,22.54752506080066,6,3
2018-01-18,24.647902238902653,6,3
2018-01-19,25.832275955862006,6,3
2018-01-20,28.054058396164915,6,3
2018-01-21,29.802710761723976,6,3
2018-01-22,19.06777009095253,6,3
2018-01-23,23.383893733143196,6,3
2018-01-24,23.007169447621347,6,3
2018-01-25,25.189156887304755,6,3
2018-01-26,26.44507479703868,6,3
2018-01-27,28.72687988818241,6,3
2018-01-28,30.522938022302775,6,3
2018-01-29,19.82207540462555,6,3
2018-01-30,24.158636475083696,6,3
2018-01-01,10.429623396340627,6,4
2018-01-02,12.78728425790576,6,4
2018-01-03,12.69930751441119,6,4
2018-01-04,13.691711033975277,6,4
2018-01-05,14.95278508204415,6,4
2018-01-06,16.41410116772794,6,4
2018-01-07,16.888401997969893,6,4
2018-01-08,10.462013489819313,6,4
2018-01-09,12.826092418922286,6,4
2018-01-10,12.747642616944162,6,4
2018-01-11,13.752259235449053,6,4
2018-01-12,15.027685767586007,6,4
2018-01-13,16.504854394777542,6,4
2018-01-14,16.995809750195527,6,4
2018-01-15,10.586155818425567,6,4
2018-01-16,12.966338306887039,6,4
2018-01-17,12.902694188012065,6,4
2018-01-18,13.92022678169387,6,4
2018-01-19,15.206190023898113,6,4
2018-01-20,16.69115157667871,6,4
2018-01-21,17.18693412154796,6,4
2018-01-22,10.77907398924189,6,4
2018-01-23,13.158109096097844,6,4
2018-01-24,13.090627730218651,6,4
2018-01-25,14.10203661539007,6,4
2018-01-26,15.38013216675468,6,4
2018-01-27,16.85614506246278,6,4
2018-01-28,17.342658125435474,6,4
2018-01-29,10.926037483696998,6,4
2018-01-30,13.29768992889743,6,4
2018-01-01,8.561848697189095,6,5
2018-01-02,10.145458707095615,6,5
2018-01-03,10.670512199409863,6,5
2018-01-04,11.634580534351912,6,5
2018-01-05,12.01518608758091,6,5
2018-01-06,13.402810580106427,6,5
2018-01-07,14.288093826778452,6,5
2018-01-08,8.864680771959463,6,5
2018-01-09,10.495129581887834,6,5
2018-01-10,11.068425065658367,6,5
2018-01-11,12.080949134804325,6,5
2018-01-12,12.508904142990119,6,5
2018-01-13,13.941367610953082,6,5
2018-01-14,14.867541039459784,6,5
2018-01-15,9.47964907757433,6,5
2018-01-16,11.138900140038233,6,5
2018-01-17,11.73305104740011,6,5
2018-01-18,12.757425729081163,6,5
2018-01-19,13.187382241719156,6,5
2018-01-20,14.611405147556326,6,5
2018-01-21,15.518384670191683,6,5
2018-01-22,10.100537823987345,6,5
2018-01-23,11.71938178928086,6,5
2018-01-24,12.263301560267855,6,5
2018-01-25,13.2285616535411,6,5
2018-01-26,13.591756180818281,6,5
2018-01-27,14.942874686947645,6,5
2018-01-28,15.772545822456138,6,5
2018-01-29,10.274914978773026,6,5
2018-01-30,11.8135673425159,6,5
2018-01-01,30.44531350990759,6,6
2018-01-02,36.56914889500385,6,6
2018-01-03,35.83241384545724,6,6
2018-01-04,38.75258626328939,6,6
2018-01-05,41.86792828667935,6,6
2018-01-06,45.2000095663681,6,6
2018-01-07,48.66730811587027,6,6
2018-01-08,30.140318284060594,6,6
2018-01-09,36.177138070262714,6,6
2018-01-10,35.371405782437414,6,6
2018-01-11,38.242430685937535,6,6
2018-01-12,41.32961009625356,6,6
2018-01-13,44.65495436949601,6,6
2018-01-14,48.13670927063401,6,6
2018-01-15,29.644504080641124,6,6
2018-01-16,35.73499597214062,6,6
2018-01-17,34.99987852027391,6,6
2018-01-18,37.95609648427115,6,6
2018-01-19,41.14035650461153,6,6
2018-01-20,44.571752147029606,6,6
2018-01-21,48.16548963033701,6,6
2018-01-22,29.788139425557528,6,6
2018-01-23,35.99338114759935,6,6
2018-01-24,35.37010664775547,6,6
2018-01-25,38.4327207221854,6,6
2018-01-26,41.71572667064483,6,6
2018-01-27,45.23641310536803,6,6
2018-01-28,48.90862674397857,6,6
2018-01-29,30.5980552455215,6,6
2018-01-30,36.857986876382114,6,6
2018-01-01,28.588041901202637,6,7
2018-01-02,34.96406481114873,6,7
2018-01-03,34.43071277337488,6,7
2018-01-04,38.60494097195766,6,7
2018-01-05,40.11801512854669,6,7
2018-01-06,43.19102660326152,6,7
2018-01-07,46.06436862564875,6,7
2018-01-08,28.203270650320476,6,7
2018-01-09,34.610181733646854,6,7
2018-01-10,34.12597389749352,6,7
2018-01-11,38.36696754765288,6,7
2018-01-12,39.96315838240386,6,7
2018-01-13,43.1337894387523,6,7
2018-01-14,46.11690085370864,6,7
2018-01-15,28.374951851813023,6,7
2018-01-16,34.90730299628057,6,7
2018-01-17,34.5515265260407,6,7
2018-01-18,38.92054350883035,6,7
2018-01-19,40.64096381712626,6,7
2018-01-20,43.92876915226456,6,7
2018-01-21,47.018968380563294,6,7
2018-01-22,29.371316579974817,6,7
2018-01-23,35.98288301522317,6,7
2018-01-24,35.6894334112906,6,7
2018-01-25,40.10262324254971,6,7
2018-01-26,41.84837652085401,6,7
2018-01-27,45.1425893168495,6,7
2018-01-28,48.22078683869337,6,7
2018-01-29,30.54382559115055,6,7
2018-01-30,37.110426505509835,6,7
2018-01-01,38.0495728865569,6,8
2018-01-02,45.488415523710486,6,8
2018-01-03,46.143673846498054,6,8
2018-01-04,50.47901802077388,6,8
2018-01-05,53.34171558805766,6,8
2018-01-06,57.58289213911715,6,8
2018-01-07,60.79292331343635,6,8
2018-01-08,37.470152921779274,6,8
2018-01-09,44.98116648312336,6,8
2018-01-10,45.73594230071458,6,8
2018-01-11,50.196127299705125,6,8
2018-01-12,53.20611773109459,6,8
2018-01-13,57.61343033969982,6,8
2018-01-14,61.00422461420219,6,8
2018-01-15,37.872166729230585,6,8
2018-01-16,45.578859905069194,6,8
2018-01-17,46.52915850573652,6,8
2018-01-18,51.17960819268248,6,8
2018-01-19,54.36968737878707,6,8
2018-01-20,58.94233090066653,6,8
2018-01-21,62.47959216349169,6,8
2018-01-22,39.471630437895996,6,8
2018-01-23,47.27724464909036,6,8
2018-01-24,48.299268222750044,6,8
2018-01-25,52.99306525404393,6,8
2018-01-26,56.1978019435862,6,8
2018-01-27,60.75697369885221,6,8
2018-01-28,64.2540444159221,6,8
2018-01-29,41.181385650252544,6,8
2018-01-30,48.900738765420975,6,8
2018-01-01,27.70265672013633,6,9
2018-01-02,32.197754584697876,6,9
2018-01-03,32.73283696287252,6,9
2018-01-04,34.52947086362852,6,9
2018-01-05,37.386343290550194,6,9
2018-01-06,40.244101566753145,6,9
2018-01-07,42.86356140439334,6,9
2018-01-08,27.50560540145678,6,9
2018-01-09,31.955801737449356,6,9
2018-01-10,32.460453294162605,6,9
2018-01-11,34.24190017491982,6,9
2018-01-12,37.09909225732348,6,9
2018-01-13,39.97244228005486,6,9
2018-01-14,42.62206006325999,6,9
2018-01-15,27.307689571594498,6,9
2018-01-16,31.813377301061166,6,9
2018-01-17,32.383580647930025,6,9
2018-01-18,34.23853742993556,6,9
2018-01-19,37.17491120896561,6,9
2018-01-20,40.130720799554624,6,9
2018-01-21,42.86365237602451,6,9
2018-01-22,27.63107368715753,6,9
2018-01-23,32.214776707228246,6,9
2018-01-24,32.85715533151844,6,9
2018-01-25,34.776637395617946,6,9
2018-01-26,37.768383982775816,6,9
2018-01-27,40.76926297123895,6,9
2018-01-28,43.53619408750782,6,9
2018-01-29,28.3261841463098,6,9
2018-01-30,32.92107831153291,6,9
2018-01-01,36.120581912303706,6,10
2018-01-02,43.31947451140657,6,10
2018-01-03,43.73979369296859,6,10
2018-01-04,47.92226591639516,6,10
2018-01-05,51.15969452106903,6,10
2018-01-06,55.242396289804994,6,10
2018-01-07,58.715360909667424,6,10
2018-01-08,36.37421020919487,6,10
2018-01-09,43.63968243864437,6,10
2018-01-10,44.131769083632875,6,10
2018-01-11,48.38901645859555,6,10
2018-01-12,51.701767017909894,6,10
2018-01-13,55.857703309574525,6,10
2018-01-14,59.399119663198285,6,10
2018-01-15,37.11899467680506,6,10
2018-01-16,44.43558597140701,6,10
2018-01-17,44.96667104364751,6,10
2018-01-18,49.248943048081024,6,10
2018-01-19,52.57133338431977,6,10
2018-01-20,56.72062139106022,6,10
2018-01-21,60.238754136107374,6,10
2018-01-22,37.918947841506615,6,10
2018-01-23,45.18029151112834,6,10
2018-01-24,45.64197633075687,6,10
2018-01-25,49.842660061771284,6,10
2018-01-26,53.07373932163623,6,10
2018-01-27,57.12489166836665,6,10
2018-01-28,60.541312631259075,6,10
2018-01-29,38.11972185514683,6,10
2018-01-30,45.28286193680379,6,10
2018-01-01,33.92313785402304,6,11
2018-01-02,41.493439216348904,6,11
2018-01-03,42.30632396647742,6,11
2018-01-04,45.22276363341287,6,11
2018-01-05,49.228536533371816,6,11
2018-01-06,52.416885266668096,6,11
2018-01-07,55.92328350462872,6,11
2018-01-08,34.02851776796476,6,11
2018-01-09,41.590883164379136,6,11
2018-01-10,42.404587566258435,6,11
2018-01-11,45.330910516732516,6,11
2018-01-12,49.355517667713364,6,11
2018-01-13,52.57115386890647,6,11
2018-01-14,56.11245655342067,6,11
2018-01-15,34.25909323582641,6,11
2018-01-16,41.86801998070767,6,11
2018-01-17,42.73195306008142,6,11
2018-01-18,45.71059774018265,6,11
2018-01-19,49.78803264446238,6,11
2018-01-20,53.05547051339587,6,11
2018-01-21,56.64613483853314,6,11
2018-01-22,34.838454208363956,6,11
2018-01-23,42.48836949581606,6,11
2018-01-24,43.38784467067465,6,11
2018-01-25,46.39612407834883,6,11
2018-01-26,50.49713389207809,6,11
2018-01-27,53.78224819930838,6,11
2018-01-28,57.38515921884863,6,11
2018-01-29,35.58505388435573,6,11
2018-01-30,43.23889267469768,6,11
2018-01-01,35.03531753031987,6,12
2018-01-02,41.88621963372252,6,12
2018-01-03,41.571883929411904,6,12
2018-01-04,45.4965690091423,6,12
2018-01-05,49.14405492125321,6,12
2018-01-06,52.04813142680234,6,12
2018-01-07,55.409373976254955,6,12
2018-01-08,35.175620511351966,6,12
2018-01-09,42.00070201938725,6,12
2018-01-10,41.6691058066237,6,12
2018-01-11,45.58561792417041,6,12
2018-01-12,49.23414474022705,6,12
2018-01-13,52.14823352590482,6,12
2018-01-14,55.527890826432895,6,12
2018-01-15,35.320109895269894,6,12
2018-01-16,42.17765810043589,6,12
2018-01-17,41.88380113160899,6,12
2018-01-18,45.84200824811345,6,12
2018-01-19,49.53483638641482,6,12
2018-01-20,52.494510900422206,6,12
2018-01-21,55.91979976018798,6,12
2018-01-22,35.75659074175971,6,12
2018-01-23,42.65672102792377,6,12
2018-01-24,42.402734849503645,6,12
2018-01-25,46.39761253502408,6,12
2018-01-26,50.12366825715924,6,12
2018-01-27,53.11313407449204,6,12
2018-01-28,56.56502726721169,6,12
2018-01-29,36.42571101362843,6,12
2018-01-30,43.34769865123094,6,12
2018-01-01,44.296439717923036,6,13
2018-01-02,52.621859786124745,6,13
2018-01-03,53.56110508082294,6,13
2018-01-04,58.64023097995036,6,13
2018-01-05,61.92062595755938,6,13
2018-01-06,66.38758335814465,6,13
2018-01-07,71.2187644753815,6,13
2018-01-08,44.996993491192384,6,13
2018-01-09,53.10956709102143,6,13
2018-01-10,53.84467452485423,6,13
2018-01-11,58.73266412435345,6,13
2018-01-12,61.83862647579069,6,13
2018-01-13,66.15092459494198,6,13
2018-01-14,70.84963222446038,6,13
2018-01-15,44.51932051247326,6,13
2018-01-16,52.54837520408153,6,13
2018-01-17,53.225439081513954,6,13
2018-01-18,58.08071431616864,6,13
2018-01-19,61.178593323467844,6,13
2018-01-20,65.50624664393054,6,13
2018-01-21,70.24212699362292,6,13
2018-01-22,43.96882766372799,6,13
2018-01-23,52.07247528261426,6,13
2018-01-24,52.8392495680527,6,13
2018-01-25,57.796762694486944,6,13
2018-01-26,61.00676494129091,6,13
2018-01-27,65.45380338326927,6,13
2018-01-28,70.31379119858065,6,13
2018-01-29,44.16692443910222,6,13
2018-01-30,52.39712518928269,6,13
2018-01-01,31.38419226436144,6,14
2018-01-02,37.046759325563954,6,14
2018-01-03,37.334412371066456,6,14
2018-01-04,40.36676803781313,6,14
2018-01-05,43.55998033191536,6,14
2018-01-06,45.54529790111223,6,14
2018-01-07,48.2570640899964,6,14
2018-01-08,31.04135919740856,6,14
2018-01-09,36.595346978686656,6,14
2018-01-10,36.796004295383526,6,14
2018-01-11,39.76501008495518,6,14
2018-01-12,42.91980575920425,6,14
2018-01-13,44.89215147592191,6,14
2018-01-14,47.61614618757159,6,14
2018-01-15,30.436909742603685,6,14
2018-01-16,36.04998742790327,6,14
2018-01-17,36.33015374825989,6,14
2018-01-18,39.39638911935943,6,14
2018-01-19,42.663038776924694,6,14
2018-01-20,44.75847531017864,6,14
2018-01-21,47.61322954808607,6,14
2018-01-22,30.568784846965922,6,14
2018-01-23,36.31709198295289,6,14
2018-01-24,36.72947838553272,6,14
2018-01-25,39.921722540827155,6,14
2018-01-26,43.30530030279503,6,14
2018-01-27,45.50612230901099,6,14
2018-01-28,48.45272542125643,6,14
2018-01-29,31.485111882691594,6,14
2018-01-30,37.29429251253005,6,14
2018-01-01,45.47621904486739,6,15
2018-01-02,54.22841435999851,6,15
2018-01-03,53.858259965843246,6,15
2018-01-04,58.14605855740426,6,15
2018-01-05,62.497913980681446,6,15
2018-01-06,68.05238759428777,6,15
2018-01-07,71.21644943078837,6,15
2018-01-08,46.21471759035691,6,15
2018-01-09,54.86147207961895,6,15
2018-01-10,54.39159462912886,6,15
2018-01-11,58.58753208746278,6,15
2018-01-12,62.85702478400677,6,15
2018-01-13,68.339770328633,6,15
2018-01-14,71.44339729816127,6,15
2018-01-15,46.39274074370498,6,15
2018-01-16,55.00190387846139,6,15
2018-01-17,54.505255339496664,6,15
2018-01-18,58.684457261414444,6,15
2018-01-19,62.946263054280394,6,15
2018-01-20,68.42925278907036,6,15
2018-01-21,71.53987809321539,6,15
2018-01-22,46.50180603398631,6,15
2018-01-23,55.12804406148324,6,15
2018-01-24,54.65199334635002,6,15
2018-01-25,58.85452398563301,6,15
2018-01-26,63.141809542607504,6,15
2018-01-27,68.65208777817932,6,15
2018-01-28,71.79171883190736,6,15
2018-01-29,46.7845301081726,6,15
2018-01-30,55.443930130913834,6,15
2018-01-01,13.357370286066395,6,16
2018-01-02,15.820720233054942,6,16
2018-01-03,15.805782427790867,6,16
2018-01-04,17.172641335188256,6,16
2018-01-05,18.42758470442928,6,16
2018-01-06,19.448505631840156,6,16
2018-01-07,20.894956390743037,6,16
2018-01-08,13.380243111370776,6,16
2018-01-09,15.790519564065292,6,16
2018-01-10,15.726950538840576,6,16
2018-01-11,17.0509318570661,6,16
2018-01-12,18.269848727470382,6,16
2018-01-13,19.262462123985564,6,16
2018-01-14,20.688953220878457,6,16
2018-01-15,13.163014955727363,6,16
2018-01-16,15.57094880240251,6,16
2018-01-17,15.513836928051639,6,16
2018-01-18,16.852776314235154,6,16
2018-01-19,18.094655979671813,6,16
2018-01-20,19.1175663056618,6,16
2018-01-21,20.58086974351165,6,16
2018-01-22,13.097321159843247,6,16
2018-01-23,15.5521950534045,6,16
2018-01-24,15.545488956529528,6,16
2018-01-25,16.937188753093096,6,16
2018-01-26,18.233076235050646,6,16
2018-01-27,19.31016713826476,6,16
2018-01-28,20.826808247981347,6,16
2018-01-29,13.394821230545778,6,16
2018-01-30,15.898649925558251,6,16
2018-01-01,17.232482263550537,6,17
2018-01-02,21.171815024715347,6,17
2018-01-03,20.66305019155553,6,17
2018-01-04,22.1195416046777,6,17
2018-01-05,23.121565229740497,6,17
2018-01-06,25.088604842373922,6,17
2018-01-07,26.639479262851157,6,17
2018-01-08,16.796299925276823,6,17
2018-01-09,20.70655181662423,6,17
2018-01-10,20.181581420554167,6,17
2018-01-11,21.63498487281581,6,17
2018-01-12,22.646902257830057,6,17
2018-01-13,24.63632507577138,6,17
2018-01-14,26.221254541636043,6,17
2018-01-15,16.422698336351804,6,17
2018-01-16,20.386797476632886,6,17
2018-01-17,19.923365410800578,6,17
2018-01-18,21.444330905479617,6,17
2018-01-19,22.52808894802486,6,17
2018-01-20,24.591864975058513,6,17
2018-01-21,26.251928406999117,6,17
2018-01-22,16.52764151092752,6,17
2018-01-23,20.563633791593144,6,17
2018-01-24,20.168382719384155,6,17
2018-01-25,21.752691267696726,6,17
2018-01-26,22.894065624036173,6,17
2018-01-27,25.009097779607483,6,17
2018-01-28,26.713688637405948,6,17
2018-01-29,17.02709759517082,6,17
2018-01-30,21.094109004223,6,17
2018-01-01,43.13912266280461,6,18
2018-01-02,50.65711024472984,6,18
2018-01-03,51.3956201339492,6,18
2018-01-04,54.899623044732024,6,18
2018-01-05,59.76180969273354,6,18
2018-01-06,65.32207342311061,6,18
2018-01-07,68.32251055126561,6,18
2018-01-08,42.91953864209793,6,18
2018-01-09,50.46885455356552,6,18
2018-01-10,51.256074664077616,6,18
2018-01-11,54.82530197662003,6,18
2018-01-12,59.76782434511634,6,18
2018-01-13,65.42167032394447,6,18
2018-01-14,68.52669364665576,6,18
2018-01-15,43.23678363733694,6,18
2018-01-16,50.90492030560827,6,18
2018-01-17,51.81391341518543,6,18
2018-01-18,55.50506712433855,6,18
2018-01-19,60.56697147940481,6,18
2018-01-20,66.33514450941497,6,18
2018-01-21,69.5471934677226,6,18
2018-01-22,44.35509042045931,6,18
2018-01-23,52.110279245115464,6,18
2018-01-24,53.0944520943539,6,18
2018-01-25,56.84823617396262,6,18
2018-01-26,61.9599918600417,6,18
2018-01-27,67.76544614275942,6,18
2018-01-28,71.00283065377178,6,18
2018-01-29,45.82512063607591,6,18
2018-01-30,53.58509347271841,6,18
2018-01-01,20.6273535958936,6,19
2018-01-02,24.225238656053733,6,19
2018-01-03,24.77656169901938,6,19
2018-01-04,26.80289558222409,6,19
2018-01-05,28.29043816867524,6,19
2018-01-06,30.07229210386325,6,19
2018-01-07,32.452689983329805,6,19
2018-01-08,20.403998279033324,6,19
2018-01-09,24.02231809548711,6,19
2018-01-10,24.604073353525898,6,19
2018-01-11,26.66990660116954,6,19
2018-01-12,28.204775319622126,6,19
2018-01-13,30.040284182672664,6,19
2018-01-14,32.47896890779244,6,19
2018-01-15,20.491363190784067,6,19
2018-01-16,24.17166484390998,6,19
2018-01-17,24.814389767651768,6,19
2018-01-18,26.938332024619953,6,19
2018-01-19,28.526721044679967,6,19
2018-01-20,30.40960971986925,6,19
2018-01-21,32.88820751326019,6,19
2018-01-22,20.93198878125322,6,19
2018-01-23,24.634391391926663,6,19
2018-01-24,25.289493507724963,6,19
2018-01-25,27.415986332299326,6,19
2018-01-26,28.997333678883468,6,19
2018-01-27,30.864152244575866,6,19
2018-01-28,33.31852712453534,6,19
2018-01-29,21.33109344512033,6,19
2018-01-30,24.99670011837015,6,19
2018-01-01,25.137060672444985,6,20
2018-01-02,29.673560426740092,6,20
2018-01-03,28.77343281229497,6,20
2018-01-04,31.470096404257333,6,20
2018-01-05,33.746166405240146,6,20
2018-01-06,36.496304251780714,6,20
2018-01-07,37.71110820133832,6,20
2018-01-08,24.573419955767072,6,20
2018-01-09,29.077805776350715,6,20
2018-01-10,28.15921850385214,6,20
2018-01-11,30.851610870565914,6,20
2018-01-12,33.13770114561253,6,20
2018-01-13,35.91184445693588,6,20
2018-01-14,37.163955823655634,6,20
2018-01-15,24.075858631099166,6,20
2018-01-16,28.640815444648965,6,20
2018-01-17,27.792245834088444,6,20
2018-01-18,30.562399722728365,6,20
2018-01-19,32.93218535878507,6,20
2018-01-20,35.79410329388635,6,20
2018-01-21,37.13623048882456,6,20
2018-01-22,24.13862646397181,6,20
2018-01-23,28.792916728655932,6,20
2018-01-24,28.031056695365574,6,20
2018-01-25,30.88404336648579,6,20
2018-01-26,33.33177293294029,6,20
2018-01-27,36.265995006190636,6,20
2018-01-28,37.67430724625739,6,20
2018-01-29,24.736562260741987,6,20
2018-01-30,29.4444422722654,6,20
2018-01-01,20.820146650894944,6,21
2018-01-02,24.603711791185837,6,21
2018-01-03,24.946476812053177,6,21
2018-01-04,26.621599073390676,6,21
2018-01-05,28.9514178609925,6,21
2018-01-06,30.664820859405232,6,21
2018-01-07,32.74767448722886,6,21
2018-01-08,20.79519539618284,6,21
2018-01-09,24.47925155454688,6,21
2018-01-10,24.730423148411525,6,21
2018-01-11,26.3239286749212,6,21
2018-01-12,28.58381726346702,6,21
2018-01-13,30.240314637630817,6,21
2018-01-14,32.280242873712105,6,21
2018-01-15,20.299391127960366,6,21
2018-01-16,23.969825379688515,6,21
2018-01-17,24.221966823938427,6,21
2018-01-18,25.830543481423206,6,21
2018-01-19,28.118815077127017,6,21
2018-01-20,29.8159574661345,6,21
2018-01-21,31.90752551431313,6,21
2018-01-22,19.987870277887914,6,21
2018-01-23,23.727497160411964,6,21
2018-01-24,24.055193306343313,6,21
2018-01-25,25.74402745792564,6,21
2018-01-26,28.115621051672775,6,21
2018-01-27,29.897575658696688,6,21
2018-01-28,32.07397462867184,6,21
2018-01-29,20.237833888661946,6,21
2018-01-30,24.058487853218764,6,21
2018-01-01,39.96875884216145,6,22
2018-01-02,48.46488063045604,6,22
2018-01-03,48.44915114176085,6,22
2018-01-04,51.974947228211825,6,22
2018-01-05,55.819140895675595,6,22
2018-01-06,60.169042077525276,6,22
2018-01-07,63.917195381238784,6,22
2018-01-08,39.358209790302354,6,22
2018-01-09,47.80432487016604,6,22
2018-01-10,47.762585232693255,6,22
2018-01-11,51.28754244460278,6,22
2018-01-12,55.15640267641798,6,22
2018-01-13,59.55600270461829,6,22
2018-01-14,63.37766143555727,6,22
2018-01-15,38.91408364119748,6,22
2018-01-16,47.475016687773135,6,22
2018-01-17,47.56452886177077,6,22
2018-01-18,51.233825039577965,6,22
2018-01-19,55.25651437737773,6,22
2018-01-20,59.815708935862965,6,22
2018-01-21,63.798996742762,6,22
2018-01-22,39.49546245026696,6,22
2018-01-23,48.211453070527625,6,22
2018-01-24,48.44795441415873,6,22
2018-01-25,52.253491401084084,6,22
2018-01-26,56.39946480592205,6,22
2018-01-27,61.06730175614548,6,22
2018-01-28,65.14346243641317,6,22
2018-01-29,40.91647567887338,6,22
2018-01-30,49.69270100993231,6,22
2018-01-01,14.816307305054004,6,23
2018-01-02,18.269543093412732,6,23
2018-01-03,17.616042008116153,6,23
2018-01-04,19.38806650347071,6,23
2018-01-05,20.069898896341286,6,23
2018-01-06,22.4678697579399,6,23
2018-01-07,23.491880153149403,6,23
2018-01-08,14.576126614333383,6,23
2018-01-09,18.002046836403856,6,23
2018-01-10,17.333471846116556,6,23
2018-01-11,19.10322440481213,6,23
2018-01-12,19.79575624093509,6,23
2018-01-13,22.217183640486358,6,23
2018-01-14,23.276826664125394,6,23
2018-01-15,14.407960235441617,6,23
2018-01-16,17.890794225707772,6,23
2018-01-17,17.287667234646666,6,23
2018-01-18,19.129692608877313,6,23
2018-01-19,19.899447947834478,6,23
2018-01-20,22.401066184452734,6,23
2018-01-21,23.54183201331057,6,23
2018-01-22,14.752990396997482,6,23
2018-01-23,18.31278278496776,6,23
2018-01-24,17.78169431093909,6,23
2018-01-25,19.689149172430106,6,23
2018-01-26,20.51624422996516,6,23
2018-01-27,23.065877857107214,6,23
2018-01-28,24.24437693643256,6,23
2018-01-29,15.48232805512035,6,23
2018-01-30,19.05762806851764,6,23
2018-01-01,33.33638585501974,6,24
2018-01-02,39.6348216310528,6,24
2018-01-03,39.580598534106144,6,24
2018-01-04,42.20880310662467,6,24
2018-01-05,46.51563996296444,6,24
2018-01-06,49.267606377539984,6,24
2018-01-07,52.93580532112841,6,24
2018-01-08,32.57612816021555,6,24
2018-01-09,38.90445970975958,6,24
2018-01-10,38.90489909801701,6,24
2018-01-11,41.61118722318281,6,24
2018-01-12,46.017386211873415,6,24
2018-01-13,48.8871521153349,6,24
2018-01-14,52.688165434031546,6,24
2018-01-15,32.472446663458186,6,24
2018-01-16,38.9517051427971,6,24
2018-01-17,39.105710009008604,6,24
2018-01-18,41.963869271101046,6,24
2018-01-19,46.516057687318025,6,24
2018-01-20,49.52203012815285,6,24
2018-01-21,53.44598077369057,6,24
2018-01-22,33.33697152597077,6,24
2018-01-23,39.90437464746814,6,24
2018-01-24,40.12631578563112,6,24
2018-01-25,43.031301458743954,6,24
2018-01-26,47.60907049464986,6,24
2018-01-27,50.62000569294084,6,24
2018-01-28,54.529666423205306,6,24
2018-01-29,34.38916666665003,6,24
2018-01-30,40.910545351055475,6,24
2018-01-01,40.32992370257935,6,25
2018-01-02,48.8558186337651,6,25
2018-01-03,50.08432331167682,6,25
2018-01-04,52.7641204649813,6,25
2018-01-05,56.9631965248096,6,25
2018-01-06,60.64261402140169,6,25
2018-01-07,64.18891084096647,6,25
2018-01-08,39.7869393579099,6,25
2018-01-09,48.27197335731499,6,25
2018-01-10,49.48185607200543,6,25
2018-01-11,52.16599719729439,6,25
2018-01-12,56.39235663377095,6,25
2018-01-13,60.12125714259096,6,25
2018-01-14,63.73784274443755,6,25
2018-01-15,39.42499358559695,6,25
2018-01-16,48.01552248131364,6,25
2018-01-17,49.34442343085262,6,25
2018-01-18,52.15797670020265,6,25
2018-01-19,56.52084482006737,6,25
2018-01-20,60.3899982405709,6,25
2018-01-21,64.14728409374668,6,25
2018-01-22,39.9724455623248,6,25
2018-01-23,48.695414089325894,6,25
2018-01-24,50.14864207299398,6,25
2018-01-25,53.076278394777546,6,25
2018-01-26,57.541319335341726,6,25
2018-01-27,61.4995723319561,6,25
2018-01-28,65.33224526816551,6,25
2018-01-29,41.21896858278588,6,25
2018-01-30,49.9900727587961,6,25
2018-01-01,24.692950199847854,6,26
2018-01-02,30.173103219429898,6,26
2018-01-03,29.630493025313132,6,26
2018-01-04,30.44244693603111,6,26
2018-01-05,34.158637799881554,6,26
2018-01-06,35.93781725508038,6,26
2018-01-07,38.50966393138067,6,26
2018-01-08,24.71336561021472,6,26
2018-01-09,30.23127947800255,6,26
2018-01-10,29.737199319366447,6,26
2018-01-11,30.607536693009394,6,26
2018-01-12,34.390659613152614,6,26
2018-01-13,36.24367744227576,6,26
2018-01-14,38.894349894630025,6,26
2018-01-15,25.179737241540863,6,26
2018-01-16,30.779933752847118,6,26
2018-01-17,30.366411009904986,6,26
2018-01-18,31.313275871501833,6,26
2018-01-19,35.166684370674474,6,26
2018-01-20,37.08169807985546,6,26
2018-01-21,39.78425881425351,6,26
2018-01-22,26.109896926715347,6,26
2018-01-23,31.737513633880134,6,26
2018-01-24,31.337762696531442,6,26
2018-01-25,32.28433524115185,6,26
2018-01-26,36.12338834575948,6,26
2018-01-27,38.010403628977805,6,26
2018-01-28,40.67215177050795,6,26
2018-01-29,26.945378629663495,6,26
2018-01-30,32.51055414913655,6,26
2018-01-01,11.319898319602501,6,27
2018-01-02,13.600148120610374,6,27
2018-01-03,13.98999823428814,6,27
2018-01-04,14.341894224876881,6,27
2018-01-05,15.764571485192576,6,27
2018-01-06,17.098668245164525,6,27
2018-01-07,17.698215910623432,6,27
2018-01-08,11.159886411734664,6,27
2018-01-09,13.436880575689894,6,27
2018-01-10,13.83349198611041,6,27
2018-01-11,14.20185635908274,6,27
2018-01-12,15.65009135126633,6,27
2018-01-13,17.017941947154167,6,27
2018-01-14,17.65831023102923,6,27
2018-01-15,11.166547839529555,6,27
2018-01-16,13.49439359669688,6,27
2018-01-17,13.944589199995095,6,27
2018-01-18,14.367681359574327,6,27
2018-01-19,15.870213694636949,6,27
2018-01-20,17.290421984457474,6,27
2018-01-21,17.97981013751064,6,27
2018-01-22,11.532483879444309,6,27
2018-01-23,13.899123549530081,6,27
2018-01-24,14.381627972747019,6,27
2018-01-25,14.82993714259038,6,27
2018-01-26,16.350236599235096,6,27
2018-01-27,17.780656937462208,6,27
2018-01-28,18.472845898629828,6,27
2018-01-29,12.021290385716329,6,27
2018-01-30,14.377270359030675,6,27
2018-01-01,45.38389916410421,6,28
2018-01-02,54.025263224292296,6,28
2018-01-03,55.27164033860021,6,28
2018-01-04,59.81414438270274,6,28
2018-01-05,62.72604841052632,6,28
2018-01-06,68.35353899963211,6,28
2018-01-07,71.61812435389528,6,28
2018-01-08,44.58123631746402,6,28
2018-01-09,53.06437798641764,6,28
2018-01-10,54.190669025811474,6,28
2018-01-11,58.654430552361944,6,28
2018-01-12,61.53084559639436,6,28
2018-01-13,67.16670825652517,6,28
2018-01-14,70.48286254243592,6,28
2018-01-15,43.538869331504166,6,28
2018-01-16,52.15325048529122,6,28
2018-01-17,53.44515877344509,6,28
2018-01-18,58.10411129071197,6,28
2018-01-19,61.199817624719444,6,28
2018-01-20,67.073110689044,6,28
2018-01-21,70.63857573218148,6,28
2018-01-22,43.9494103328803,6,28
2018-01-23,52.81785884723941,6,28
2018-01-24,54.357064560446986,6,28
2018-01-25,59.250972175761504,6,28
2018-01-26,62.564307319788064,6,28
2018-01-27,68.63363700179511,6,28
2018-01-28,72.37010326054863,6,28
2018-01-29,45.82436032152576,6,28
2018-01-30,54.807057081134786,6,28
2018-01-01,34.50365727177632,6,29
2018-01-02,40.74292643327954,6,29
2018-01-03,41.4131490078574,6,29
2018-01-04,44.145453400267826,6,29
2018-01-05,48.14116434967683,6,29
2018-01-06,51.74752704501,6,29
2018-01-07,54.04004002596849,6,29
2018-01-08,34.09167933429926,6,29
2018-01-09,40.29127575136158,6,29
2018-01-10,40.93992772665014,6,29
2018-01-11,43.67004568797921,6,29
2018-01-12,47.683666347341294,6,29
2018-01-13,51.328177561500844,6,29
2018-01-14,53.67866595889881,6,29
2018-01-15,33.80716913416205,6,29
2018-01-16,40.10109326762894,6,29
2018-01-17,40.85967751153471,6,29
2018-01-18,43.713099317721934,6,29
2018-01-19,47.86085759641516,6,29
2018-01-20,51.647572374136054,6,29
2018-01-21,54.14541115713779,6,29
2018-01-22,34.423421730935345,6,29
2018-01-23,40.86603017297612,6,29
2018-01-24,41.769583378450875,6,29
2018-01-25,44.76152832593492,6,29
2018-01-26,49.03886316209755,6,29
2018-01-27,52.943997148776525,6,29
2018-01-28,55.5472282736951,6,29
2018-01-29,35.91611710871437,6,29
2018-01-30,42.43401482334843,6,29
2018-01-01,21.024551376202183,6,30
2018-01-02,24.48550035630933,6,30
2018-01-03,24.483062422002106,6,30
2018-01-04,26.126751431181937,6,30
2018-01-05,28.530877279962944,6,30
2018-01-06,29.89016226763424,6,30
2018-01-07,32.95855300687549,6,30
2018-01-08,20.31354346139824,6,30
2018-01-09,23.807065267503436,6,30
2018-01-10,23.856863076594248,6,30
2018-01-11,25.570845387919288,6,30
2018-01-12,28.061180013512164,6,30
2018-01-13,29.519991708944854,6,30
2018-01-14,32.698267085139875,6,30
2018-01-15,20.170279420196415,6,30
2018-01-16,23.784586359022377,6,30
2018-01-17,23.955514959616487,6,30
2018-01-18,25.787621261725782,6,30
2018-01-19,28.389890308443423,6,30
2018-01-20,29.95153111479705,6,30
2018-01-21,33.22096891872062,6,30
2018-01-22,20.7703448884436,6,30
2018-01-23,24.44657423300877,6,30
2018-01-24,24.662875588831128,6,30
2018-01-25,26.52325777036217,6,30
2018-01-26,29.13672924867614,6,30
2018-01-27,30.693084819054565,6,30
2018-01-28,33.941872284472154,6,30
2018-01-29,21.456850328324613,6,30
2018-01-30,25.086989990100182,6,30
2018-01-01,29.121911294513946,6,31
2018-01-02,34.167895502060674,6,31
2018-01-03,35.30751137627222,6,31
2018-01-04,37.663817121833205,6,31
2018-01-05,40.83859175730767,6,31
2018-01-06,43.72835957183033,6,31
2018-01-07,46.30986925593122,6,31
2018-01-08,29.792727337401566,6,31
2018-01-09,34.9319140939089,6,31
2018-01-10,36.16270656017562,6,31
2018-01-11,38.606259648752385,6,31
2018-01-12,41.86240818386153,6,31
2018-01-13,44.82576736086741,6,31
2018-01-14,47.471286431342584,6,31
2018-01-15,31.006952833493802,6,31
2018-01-16,36.18637268162239,6,31
2018-01-17,37.44375019598828,6,31
2018-01-18,39.89951533325595,6,31
2018-01-19,43.153160988075015,6,31
2018-01-20,46.09936621551195,6,31
2018-01-21,48.713559607732556,6,31
2018-01-22,32.20461978726122,6,31
2018-01-23,37.32743908774185,6,31
2018-01-24,38.51787356263847,6,31
2018-01-25,40.898329524692144,6,31
2018-01-26,44.07054927714492,6,31
2018-01-27,46.93167408520551,6,31
2018-01-28,49.45974037270452,6,31
2018-01-29,32.86630815718871,6,31
2018-01-30,37.90894997519408,6,31
2018-01-01,22.45754996009869,6,32
2018-01-02,27.878201964226353,6,32
2018-01-03,27.25035402046712,6,32
2018-01-04,28.99814450406081,6,32
2018-01-05,31.192810685755163,6,32
2018-01-06,33.36183895244851,6,32
2018-01-07,35.24363921454709,6,32
2018-01-08,22.29497524311674,6,32
2018-01-09,27.673096943329515,6,32
2018-01-10,27.020933348118554,6,32
2018-01-11,28.763443378913564,6,32
2018-01-12,30.972068924822615,6,32
2018-01-13,33.17389977832846,6,32
2018-01-14,35.10637857285297,6,32
2018-01-15,22.22477625104815,6,32
2018-01-16,27.684382495507357,6,32
2018-01-17,27.12576802234792,6,32
2018-01-18,28.971213646562866,6,32
2018-01-19,31.28924834316126,6,32
2018-01-20,33.603903389366465,6,32
2018-01-21,35.649508225469404,6,32
2018-01-22,22.878256066877128,6,32
2018-01-23,28.4424812834782,6,32
2018-01-24,27.98000317177854,6,32
2018-01-25,29.91062895555325,6,32
2018-01-26,32.3007564163254,6,32
2018-01-27,34.67268171266939,6,32
2018-01-28,36.759436827490504,6,32
2018-01-29,24.01238383402002,6,32
2018-01-30,29.58350752123592,6,32
2018-01-01,36.673518499805326,6,33
2018-01-02,43.696406962980234,6,33
2018-01-03,43.21367533248888,6,33
2018-01-04,46.51576353960994,6,33
2018-01-05,49.65063238564437,6,33
2018-01-06,53.84714143468807,6,33
2018-01-07,57.08923443581253,6,33
2018-01-08,36.09474792135947,6,33
2018-01-09,43.01875358508781,6,33
2018-01-10,42.45815712050111,6,33
2018-01-11,45.70589038668301,6,33
2018-01-12,48.811677979329644,6,33
2018-01-13,53.00539588925807,6,33
2018-01-14,56.271256862270725,6,33
2018-01-15,35.3266376318857,6,33
2018-01-16,42.325457701643266,6,33
2018-01-17,41.86283101313428,6,33
2018-01-18,45.22932564300398,6,33
2018-01-19,48.47181055612795,6,33
2018-01-20,52.81690477389952,6,33
2018-01-21,56.245261041240106,6,33
2018-01-22,35.47049649048944,6,33
2018-01-23,42.64267723565349,6,33
2018-01-24,42.35307548489631,6,33
2018-01-25,45.88853163501686,6,33
2018-01-26,49.29239782593666,6,33
2018-01-27,53.788075960913964,6,33
2018-01-28,57.3533801694137,6,33
2018-01-29,36.69953440534657,6,33
2018-01-30,43.974710642346366,6,33
2018-01-01,13.085599348659482,6,34
2018-01-02,14.952046215229368,6,34
2018-01-03,14.990694570881212,6,34
2018-01-04,16.313746931500074,6,34
2018-01-05,17.519693834535122,6,34
2018-01-06,18.86989300640028,6,34
2018-01-07,20.62568650088499,6,34
2018-01-08,13.037210232386409,6,34
2018-01-09,14.920978722053807,6,34
2018-01-10,14.98220506296402,6,34
2018-01-11,16.332869072700905,6,34
2018-01-12,17.571051522601238,6,34
2018-01-13,18.9575329504786,6,34
2018-01-14,20.752934539015673,6,34
2018-01-15,13.206554676584135,6,34
2018-01-16,15.13398314869481,6,34
2018-01-17,15.239452060541309,6,34
2018-01-18,16.633935542600057,6,34
2018-01-19,17.91451522821798,6,34
2018-01-20,19.34100914895881,6,34
2018-01-21,21.173140731761407,6,34
2018-01-22,13.659400798310127,6,34
2018-01-23,15.614683898644508,6,34
2018-01-24,15.74265757541253,6,34
2018-01-25,17.153876230567505,6,34
2018-01-26,18.445156331761275,6,34
2018-01-27,19.876210485036307,6,34
2018-01-28,21.70681706774018,6,34
2018-01-29,14.185678458306906,6,34
2018-01-30,16.12804944631431,6,34
2018-01-01,33.69035897780485,6,35
2018-01-02,40.72298607307337,6,35
2018-01-03,40.75886759852569,6,35
2018-01-04,43.50444063729633,6,35
2018-01-05,47.434035555989965,6,35
2018-01-06,50.34802470312221,6,35
2018-01-07,53.34967487906728,6,35
2018-01-08,33.26150525261512,6,35
2018-01-09,40.24172272157074,6,35
2018-01-10,40.249203900383506,6,35
2018-01-11,42.9912431377544,6,35
2018-01-12,46.94224375062185,6,35
2018-01-13,49.90189104694952,6,35
2018-01-14,52.972049264241775,6,35
2018-01-15,32.97318247576483,6,35
2018-01-16,40.06086936865648,6,35
2018-01-17,40.190878579361666,6,35
2018-01-18,43.067021156528725,6,35
2018-01-19,47.159954254243985,6,35
2018-01-20,50.26547137674034,6,35
2018-01-21,53.48151797584515,6,35
2018-01-22,33.62472914094084,6,35
2018-01-23,40.84705608005456,6,35
2018-01-24,41.10094505956285,6,35
2018-01-25,44.08728262623305,6,35
2018-01-26,48.274278806686794,6,35
2018-01-27,51.45582160140014,6,35
2018-01-28,54.72854001855763,6,35
2018-01-29,34.90837132253708,6,35
2018-01-30,42.14719863704498,6,35
2018-01-01,37.74135070412971,6,36
2018-01-02,46.04488225637636,6,36
2018-01-03,47.34506092430624,6,36
2018-01-04,49.62349479147757,6,36
2018-01-05,54.16793565885841,6,36
2018-01-06,58.05898703045314,6,36
2018-01-07,61.53472070470727,6,36
2018-01-08,38.28590962029827,6,36
2018-01-09,46.60361036269861,6,36
2018-01-10,47.92079871232845,6,36
2018-01-11,50.21939534031444,6,36
2018-01-12,54.78713308285239,6,36
2018-01-13,58.70429125493831,6,36
2018-01-14,62.20834843834694,6,36
2018-01-15,38.98925998916182,6,36
2018-01-16,47.337092035642684,6,36
2018-01-17,48.68371353245857,6,36
2018-01-18,51.00988153402078,6,36
2018-01-19,55.60216910811531,6,36
2018-01-20,59.53975932940347,6,36
2018-01-21,63.05915481826002,6,36
2018-01-22,39.84950720671962,6,36
2018-01-23,48.20029660251911,6,36
2018-01-24,49.54306112592484,6,36
2018-01-25,51.85851044666181,6,36
2018-01-26,56.43347179406641,6,36
2018-01-27,60.347691250733405,6,36
2018-01-28,63.838539496909426,6,36
2018-01-29,40.596326435454756,6,36
2018-01-30,48.911955152796715,6,36
2018-01-01,14.478410520052522,6,37
2018-01-02,17.585340320362228,6,37
2018-01-03,16.8213748371943,6,37
2018-01-04,18.553305903000382,6,37
2018-01-05,20.062143035368496,6,37
2018-01-06,22.019992465389628,6,37
2018-01-07,23.251636630491248,6,37
2018-01-08,14.198984984880838,6,37
2018-01-09,17.387060643954918,6,37
2018-01-10,16.71208751634988,6,37
2018-01-11,18.53865433190778,6,37
2018-01-12,20.145333420043034,6,37
2018-01-13,22.201639662044393,6,37
2018-01-14,23.52969448777488,6,37
2018-01-15,14.568763154388087,6,37
2018-01-16,17.841327164641026,6,37
2018-01-17,17.24125385754803,6,37
2018-01-18,19.13103707259472,6,37
2018-01-19,20.78748442452106,6,37
2018-01-20,22.878734550737178,6,37
2018-01-21,24.225967457689883,6,37
2018-01-22,15.2679748258252,6,37
2018-01-23,18.52725115987269,6,37
2018-01-24,17.898167277878002,6,37
2018-01-25,19.744199948681064,6,37
2018-01-26,21.343593569646586,6,37
2018-01-27,23.3663380369856,6,37
2018-01-28,24.635827132995868,6,37
2018-01-29,15.593365860934096,6,37
2018-01-30,18.764189506553606,6,37
2018-01-01,41.80548708212095,6,38
2018-01-02,50.90113519159213,6,38
2018-01-03,50.166751779019734,6,38
2018-01-04,53.971709959124,6,38
2018-01-05,57.311948296380834,6,38
2018-01-06,62.36797606502353,6,38
2018-01-07,65.55835040377478,6,38
2018-01-08,41.301309792815864,6,38
2018-01-09,50.23820821046979,6,38
2018-01-10,49.3762795353975,6,38
2018-01-11,53.08734918403144,6,38
2018-01-12,56.36874591971382,6,38
2018-01-13,61.40131991858083,6,38
2018-01-14,64.60296104174368,6,38
2018-01-15,40.39029980495039,6,38
2018-01-16,49.40223277944028,6,38
2018-01-17,48.642798767245836,6,38
2018-01-18,52.48001901458464,6,38
2018-01-19,55.90695028730218,6,38
2018-01-20,61.09985251209728,6,38
2018-01-21,64.47186041427565,6,38
2018-01-22,40.43483711299895,6,38
2018-01-23,49.62304699903753,6,38
2018-01-24,49.03617006806411,6,38
2018-01-25,53.03826716199703,6,38
2018-01-26,56.6189415881029,6,38
2018-01-27,61.95159601538229,6,38
2018-01-28,65.44717189083566,6,38
2018-01-29,41.51604782482519,6,38
2018-01-30,50.79173345930889,6,38
2018-01-01,21.33252222332746,6,39
2018-01-02,26.515461664769074,6,39
2018-01-03,26.505083582709453,6,39
2018-01-04,28.633244220890887,6,39
2018-01-05,30.092872722380335,6,39
2018-01-06,32.31461859506669,6,39
2018-01-07,34.42655631812523,6,39
2018-01-08,21.155752991321492,6,39
2018-01-09,26.337852585828628,6,39
2018-01-10,26.33724879692184,6,39
2018-01-11,28.48614237996904,6,39
2018-01-12,29.977400622867147,6,39
2018-01-13,32.241223155238046,6,39
2018-01-14,34.40487597672462,6,39
2018-01-15,21.194298480820752,6,39
2018-01-16,26.44373564020207,6,39
2018-01-17,26.515965739732373,6,39
2018-01-18,28.741417749564157,6,39
2018-01-19,30.311094083989687,6,39
2018-01-20,32.653300974537444,6,39
2018-01-21,34.8934463635165,6,39
2018-01-22,21.755708169222086,6,39
2018-01-23,27.07272327250425,6,39
2018-01-24,27.205865951779543,6,39
2018-01-25,29.484408406964327,6,39
2018-01-26,31.098477910553555,6,39
2018-01-27,33.475811886779816,6,39
2018-01-28,35.7415701985229,6,39
2018-01-29,22.620007187043193,6,39
2018-01-30,27.944153829513528,6,39
2018-01-01,15.398040633602726,6,40
2018-01-02,18.383251621734843,6,40
2018-01-03,18.691272440101113,6,40
2018-01-04,20.299939802771156,6,40
2018-01-05,21.301657759969252,6,40
2018-01-06,22.872402211778372,6,40
2018-01-07,24.238464228850198,6,40
2018-01-08,15.606436275857035,6,40
2018-01-09,18.580004931457463,6,40
2018-01-10,18.876466783180618,6,40
2018-01-11,20.47374643447321,6,40
2018-01-12,21.464241572261482,6,40
2018-01-13,23.02384873175597,6,40
2018-01-14,24.378730274912616,6,40
2018-01-15,15.735325632241059,6,40
2018-01-16,18.697169326416763,6,40
2018-01-17,18.98143138958894,6,40
2018-01-18,20.56595808830894,6,40
2018-01-19,21.543136960177428,6,40
2018-01-20,23.088938963683074,6,40
2018-01-21,24.42969756048364,6,40
2018-01-22,15.772127242423489,6,40
2018-01-23,18.720143663547354,6,40
2018-01-24,18.99140081972652,6,40
2018-01-25,20.564323217213143,6,40
2018-01-26,21.531957255727352,6,40
2018-01-27,23.07099503783482,6,40
2018-01-28,24.408531007655164,6,40
2018-01-29,15.752054672232711,6,40
2018-01-30,18.70624243704313,6,40
2018-01-01,10.977785869303018,6,41
2018-01-02,13.644552323145751,6,41
2018-01-03,13.291988571677868,6,41
2018-01-04,14.167626737523037,6,41
2018-01-05,15.312510768835219,6,41
2018-01-06,16.16631722432477,6,41
2018-01-07,17.260750028492055,6,41
2018-01-08,10.230878152604822,6,41
2018-01-09,12.87267519728167,6,41
2018-01-10,12.514858564579372,6,41
2018-01-11,13.405005984271817,6,41
2018-01-12,14.583691710480258,6,41
2018-01-13,15.489632882764115,6,41
2018-01-14,16.65312189465759,6,41
2018-01-15,9.707412478212035,6,41
2018-01-16,12.44631697491042,6,41
2018-01-17,12.196110762781547,6,41
2018-01-18,13.201719721989729,6,41
2018-01-19,14.500931062875637,6,41
2018-01-20,15.529615962491741,6,41
2018-01-21,16.815237805587284,6,41
2018-01-22,9.988311746165872,6,41
2018-01-23,12.840071175790726,6,41
2018-01-24,12.69443533908802,6,41
2018-01-25,13.794252449180423,6,41
2018-01-26,15.175557332839817,6,41
2018-01-27,16.272831023983095,6,41
2018-01-28,17.612535361153416,6,41
2018-01-29,10.824587868004107,6,41
2018-01-30,13.700032371770817,6,41
2018-01-01,18.006514693158284,6,42
2018-01-02,21.908776940007733,6,42
2018-01-03,21.95198685904117,6,42
2018-01-04,23.71641330818443,6,42
2018-01-05,25.875527667306294,6,42
2018-01-06,27.938490194667782,6,42
2018-01-07,29.820966537340905,6,42
2018-01-08,18.292049784339735,6,42
2018-01-09,22.11608895787068,6,42
2018-01-10,22.080608323017294,6,42
2018-01-11,23.768091381628278,6,42
2018-01-12,25.854066734245414,6,42
2018-01-13,27.8495584034877,6,42
2018-01-14,29.671872501652537,6,42
2018-01-15,18.09149605815292,6,42
2018-01-16,21.873909141849776,6,42
2018-01-17,21.807494713269776,6,42
2018-01-18,23.47531994571166,6,42
2018-01-19,25.55322590331085,6,42
2018-01-20,27.552287717537823,6,42
2018-01-21,29.38961655725878,6,42
2018-01-22,17.83527850481778,6,42
2018-01-23,21.65413068100434,6,42
2018-01-24,21.633758196185717,6,42
2018-01-25,23.356284773035867,6,42
2018-01-26,25.49649302434907,6,42
2018-01-27,27.56431564060722,6,42
2018-01-28,29.475667935530247,6,42
2018-01-29,17.99939608146905,6,42
2018-01-30,21.899140679021592,6,42
2018-01-01,26.28917193134645,6,43
2018-01-02,31.02375280343519,6,43
2018-01-03,31.662662463947115,6,43
2018-01-04,33.98104558720941,6,43
2018-01-05,36.435171539698594,6,43
2018-01-06,39.29757768295855,6,43
2018-01-07,41.80645499108688,6,43
2018-01-08,26.741429359596758,6,43
2018-01-09,31.466165371237704,6,43
2018-01-10,32.09914326078574,6,43
2018-01-11,34.4161931804315,6,43
2018-01-12,36.8739909692994,6,43
2018-01-13,39.745211918545635,6,43
2018-01-14,42.26793407727748,6,43
2018-01-15,27.221443575087218,6,43
2018-01-16,31.968867687889954,6,43
2018-01-17,32.62798524980764,6,43
2018-01-18,34.97379730748849,6,43
2018-01-19,37.46206098922872,6,43
2018-01-20,40.36448185754867,6,43
2018-01-21,42.91815511360733,6,43
2018-01-22,27.901407028660095,6,43
2018-01-23,32.67646133661745,6,43
2018-01-24,33.36027932731227,6,43
2018-01-25,35.727155826434746,6,43
2018-01-26,38.232273488534744,6,43
2018-01-27,41.146910302341325,6,43
2018-01-28,43.70789048377697,6,43
2018-01-29,28.693430117777787,6,43
2018-01-30,33.465802435065825,6,43
2018-01-01,14.757760406842783,6,44
2018-01-02,18.284311262668798,6,44
2018-01-03,18.060652558143616,6,44
2018-01-04,19.1900612269167,6,44
2018-01-05,20.822521321474337,6,44
2018-01-06,22.583070312448417,6,44
2018-01-07,24.054523567751623,6,44
2018-01-08,14.795602242913521,6,44
2018-01-09,18.332707246752665,6,44
2018-01-10,18.12240653977306,6,44
2018-01-11,19.267383277558913,6,44
2018-01-12,20.916917010909568,6,44
2018-01-13,22.695267412247123,6,44
2018-01-14,24.1844375726967,6,44
2018-01-15,14.94234073089089,6,44
2018-01-16,18.49461176004557,6,44
2018-01-17,18.297129408374882,6,44
2018-01-18,19.451995654234032,6,44
2018-01-19,21.10804338381591,6,44
2018-01-20,22.88924103100789,6,44
2018-01-21,24.377470592173037,6,44
2018-01-22,15.130702458540798,6,44
2018-01-23,18.674808198859008,6,44
2018-01-24,18.466077318267413,6,44
2018-01-25,19.607184608115105,6,44
2018-01-26,21.247679757189843,6,44
2018-01-27,23.012368520180516,6,44
2018-01-28,24.48406268046073,6,44
2018-01-29,15.22172321700448,6,44
2018-01-30,18.752238882513435,6,44
2018-01-01,40.54760567460215,6,45
2018-01-02,47.93158112174646,6,45
2018-01-03,48.24703425823836,6,45
2018-01-04,51.25403134735488,6,45
2018-01-05,55.79290185237491,6,45
2018-01-06,60.20210743591011,6,45
2018-01-07,64.36792134795928,6,45
2018-01-08,40.86063852580916,6,45
2018-01-09,48.27486653234678,6,45
2018-01-10,48.62818805243042,6,45
2018-01-11,51.67991659740004,6,45
2018-01-12,56.26921316910761,6,45
2018-01-13,60.733025877952656,6,45
2018-01-14,64.95585005582105,6,45
2018-01-15,41.50602627291645,6,45
2018-01-16,48.97612330242757,6,45
2018-01-17,49.381693601068335,6,45
2018-01-18,52.48011982808664,6,45
2018-01-19,57.10881714967183,6,45
2018-01-20,61.60325052802066,6,45
2018-01-21,65.84676203632576,6,45
2018-01-22,42.406923474176935,6,45
2018-01-23,49.87595962299081,6,45
2018-01-24,50.269528477965736,6,45
2018-01-25,53.34557625808381,6,45
2018-01-26,57.9425317430256,6,45
2018-01-27,62.39729946697389,6,45
2018-01-28,66.59504764936449,6,45
2018-01-29,43.1055074610236,6,45
2018-01-30,50.52333072142618,6,45
2018-01-01,29.759338696460446,6,46
2018-01-02,35.69732672332244,6,46
2018-01-03,35.64263619488948,6,46
2018-01-04,38.15019447195108,6,46
2018-01-05,42.432911738219175,6,46
2018-01-06,43.66920734532381,6,46
2018-01-07,47.95848396847743,6,46
2018-01-08,29.57729077305041,6,46
2018-01-09,35.438041793045365,6,46
2018-01-10,35.325449560878816,6,46
2018-01-11,37.79577404610108,6,46
2018-01-12,42.06252509214612,6,46
2018-01-13,43.30400459965763,6,46
2018-01-14,47.61881662915642,6,46
2018-01-15,29.28208508245525,6,46
2018-01-16,35.20424313168696,6,46
2018-01-17,35.16755197927536,6,46
2018-01-18,37.72544619873301,6,46
2018-01-19,42.088340773614405,6,46
2018-01-20,43.431282834696255,6,46
2018-01-21,47.84957294076176,6,46
2018-01-22,29.615092248562735,6,46
2018-01-23,35.63519653808316,6,46
2018-01-24,35.689331670298046,6,46
2018-01-25,38.32846500510028,6,46
2018-01-26,42.76096552851706,6,46
2018-01-27,44.16031374257305,6,46
2018-01-28,48.62076468301475,6,46
2018-01-29,30.413699439693303,6,46
2018-01-30,36.44652569901747,6,46
2018-01-01,11.284157421009546,6,47
2018-01-02,13.751166036569874,6,47
2018-01-03,13.357109143920683,6,47
2018-01-04,13.952466859754296,6,47
2018-01-05,15.275683959639785,6,47
2018-01-06,16.624539976508572,6,47
2018-01-07,17.775609814655045,6,47
2018-01-08,10.575406949851121,6,47
2018-01-09,13.085948481651545,6,47
2018-01-10,12.752794255681952,6,47
2018-01-11,13.425051584333662,6,47
2018-01-12,14.839329300864726,6,47
2018-01-13,16.291160772122446,6,47
2018-01-14,17.55452884186409,6,47
2018-01-15,10.473082985644568,6,47
2018-01-16,13.105785886533885,6,47
2018-01-17,12.895039383171024,6,47
2018-01-18,13.686778904087383,6,47
2018-01-19,15.214517628549874,6,47
2018-01-20,16.77085749189046,6,47
2018-01-21,18.12709755804553,6,47
2018-01-22,11.124527715870846,6,47
2018-01-23,13.82014277461511,6,47
2018-01-24,13.654825024374414,6,47
2018-01-25,14.473482791922873,6,47
2018-01-26,16.009124993434472,6,47
2018-01-27,17.554387944030026,6,47
2018-01-28,18.881144491780756,6,47
2018-01-29,11.831783395579027,6,47
2018-01-30,14.464894401608035,6,47
2018-01-01,27.64160926156254,6,48
2018-01-02,32.0341336549797,6,48
2018-01-03,32.670298628185634,6,48
2018-01-04,34.893845709158526,6,48
2018-01-05,37.98148414361477,6,48
2018-01-06,39.980866654947,6,48
2018-01-07,42.22766103526634,6,48
2018-01-08,27.179763057897016,6,48
2018-01-09,31.393576939342502,6,48
2018-01-10,31.86665007178199,6,48
2018-01-11,33.94721977474713,6,48
2018-01-12,36.915939549224944,6,48
2018-01-13,38.82377159935154,6,48
2018-01-14,41.00899071631418,6,48
2018-01-15,25.931346475880336,6,48
2018-01-16,30.148311030485978,6,48
2018-01-17,30.65769983960726,6,48
2018-01-18,32.80722326326554,6,48
2018-01-19,35.876236231234714,6,48
2018-01-20,37.91367204093584,6,48
2018-01-21,40.25510424601137,6,48
2018-01-22,25.35698206057081,6,48
2018-01-23,29.772964680795553,6,48
2018-01-24,30.496639679517024,6,48
2018-01-25,32.871180959154955,6,48
2018-01-26,36.17121084248242,6,48
2018-01-27,38.44084959558913,6,48
2018-01-28,41.010893525167354,6,48
2018-01-29,26.33316426792561,6,48
2018-01-30,30.95695194282346,6,48
2018-01-01,14.681655639427273,6,49
2018-01-02,17.872410523211332,6,49
2018-01-03,17.698323425617033,6,49
2018-01-04,18.943930572991313,6,49
2018-01-05,20.747451599836317,6,49
2018-01-06,21.84888377201844,6,49
2018-01-07,23.294296396089305,6,49
2018-01-08,14.897838639428452,6,49
2018-01-09,18.055678182081913,6,49
2018-01-10,17.850760102636656,6,49
2018-01-11,19.06829354039162,6,49
2018-01-12,20.84700463850063,6,49
2018-01-13,21.927235520804206,6,49
2018-01-14,23.355248096542805,6,49
2018-01-15,14.945245325965017,6,49
2018-01-16,18.093326679552135,6,49
2018-01-17,17.882266434557433,6,49
2018-01-18,19.09702154627097,6,49
2018-01-19,20.876006775745676,6,49
2018-01-20,21.959216010382207,6,49
2018-01-21,23.39254778857068,6,49
2018-01-22,14.989846933865948,6,49
2018-01-23,18.14687838208351,6,49
2018-01-24,17.94612128990166,6,49
2018-01-25,19.17228971810912,6,49
2018-01-26,20.963617246727495,6,49
2018-01-27,22.059984262111403,6,49
2018-01-28,23.507245859326783,6,49
2018-01-29,15.119272326753675,6,49
2018-01-30,18.29191847813277,6,49
2018-01-01,33.55579897770828,6,50
2018-01-02,39.40728403903901,6,50
2018-01-03,40.66621043581566,6,50
2018-01-04,43.067193360004865,6,50
2018-01-05,46.677544505224446,6,50
2018-01-06,49.23913610742133,6,50
2018-01-07,52.861822305837904,6,50
2018-01-08,33.01769583062455,6,50
2018-01-09,38.85182604387862,6,50
2018-01-10,40.11029238034366,6,50
2018-01-11,42.52826242734853,6,50
2018-01-12,46.17308732257077,6,50
2018-01-13,48.78619055087658,6,50
2018-01-14,52.47652596880349,6,50
2018-01-15,32.714881610944516,6,50
2018-01-16,38.64467361614872,6,50
2018-01-17,40.010042449289884,6,50
2018-01-18,42.54399865930278,6,50
2018-01-19,46.31158878668056,6,50
2018-01-20,49.051855425356386,6,50
2018-01-21,52.87136524157871,6,50
2018-01-22,33.2385795806901,6,50
2018-01-23,39.29471023338267,6,50
2018-01-24,40.7818709694555,6,50
2018-01-25,43.431270753468375,6,50
2018-01-26,47.306418198084565,6,50
2018-01-27,50.14511049841042,6,50
2018-01-28,54.05298019292776,6,50
2018-01-29,34.49787424052847,6,50
2018-01-30,40.62070814821647,6,50
2018-01-01,9.91319441680083,7,1
2018-01-02,11.706039811517682,7,1
2018-01-03,12.45300422716878,7,1
2018-01-04,12.95770850085206,7,1
2018-01-05,13.520430240504993,7,1
2018-01-06,14.575472200059679,7,1
2018-01-07,15.8826970303054,7,1
2018-01-08,9.680497673955655,7,1
2018-01-09,11.51187342921525,7,1
2018-01-10,12.305494727171387,7,1
2018-01-11,12.863951857305931,7,1
2018-01-12,13.486263053027159,7,1
2018-01-13,14.605285918205091,7,1
2018-01-14,15.979300318551863,7,1
2018-01-15,9.84503050783787,7,1
2018-01-16,11.743774924818618,7,1
2018-01-17,12.602525075413306,7,1
2018-01-18,13.222267108089993,7,1
2018-01-19,13.900539920623615,7,1
2018-01-20,15.068892302353543,7,1
2018-01-21,16.48450589897756,7,1
2018-01-22,10.383250610098955,7,1
2018-01-23,12.305839906052874,7,1
2018-01-24,13.178966764679744,7,1
2018-01-25,13.8036133779304,7,1
2018-01-26,14.477608274820732,7,1
2018-01-27,15.633073444690517,7,1
2018-01-28,17.028028593705145,7,1
2018-01-29,10.899419746924043,7,1
2018-01-30,12.789240519767738,7,1
2018-01-01,27.63744309592538,7,2
2018-01-02,33.24049187999131,7,2
2018-01-03,33.387790422211914,7,2
2018-01-04,36.00818334984025,7,2
2018-01-05,38.275723004247496,7,2
2018-01-06,41.27656491224448,7,2
2018-01-07,43.79431613021975,7,2
2018-01-08,27.52698868952264,7,2
2018-01-09,33.088843832101375,7,2
2018-01-10,33.207841403708976,7,2
2018-01-11,35.8132960961957,7,2
2018-01-12,38.07920912622933,7,2
2018-01-13,41.09119672819681,7,2
2018-01-14,43.63188563852332,7,2
2018-01-15,27.397925936180037,7,2
2018-01-16,33.001904740969806,7,2
2018-01-17,33.16987269817054,7,2
2018-01-18,35.82908232413554,7,2
2018-01-19,38.151404088181835,7,2
2018-01-20,41.2203388804596,7,2
2018-01-21,43.81649438262195,7,2
2018-01-22,27.63467318891371,7,2
2018-01-23,33.2858538812869,7,2
2018-01-24,33.49477496992286,7,2
2018-01-25,36.18771909755043,7,2
2018-01-26,38.53596208999545,7,2
2018-01-27,41.622804630070746,7,2
2018-01-28,44.22905363642782,7,2
2018-01-29,28.050101209864536,7,2
2018-01-30,33.69788280413817,7,2
2018-01-01,16.975377307260736,7,3
2018-01-02,19.92630450333681,7,3
2018-01-03,20.179591229115182,7,3
2018-01-04,22.10385857833735,7,3
2018-01-05,23.42026031901899,7,3
2018-01-06,24.987688317854783,7,3
2018-01-07,26.802740834078588,7,3
2018-01-08,16.6088753402979,7,3
2018-01-09,19.624338927505658,7,3
2018-01-10,19.94503265939976,7,3
2018-01-11,21.938092933923404,7,3
2018-01-12,23.32316607624978,7,3
2018-01-13,24.95767083343216,7,3
2018-01-14,26.83682122170602,7,3
2018-01-15,16.702829600954136,7,3
2018-01-16,19.772881421244875,7,3
2018-01-17,20.142036614753213,7,3
2018-01-18,22.17683955850339,7,3
2018-01-19,23.596612992799805,7,3
2018-01-20,25.258730040085467,7,3
2018-01-21,27.158636577610714,7,3
2018-01-22,17.03904396909221,7,3
2018-01-23,20.11788405291622,7,3
2018-01-24,20.491182114118867,7,3
2018-01-25,22.526630795783085,7,3
2018-01-26,23.944841603230074,7,3
2018-01-27,25.60456961186644,7,3
2018-01-28,27.50268524458774,7,3
2018-01-29,17.383314833271466,7,3
2018-01-30,20.465743609200306,7,3
2018-01-01,10.248623746236866,7,4
2018-01-02,12.22483117265022,7,4
2018-01-03,12.216419777121653,7,4
2018-01-04,13.184975929663851,7,4
2018-01-05,13.992853989601102,7,4
2018-01-06,15.475612053407989,7,4
2018-01-07,16.055384618788693,7,4
2018-01-08,10.404722434854946,7,4
2018-01-09,12.333820863743753,7,4
2018-01-10,12.28173556347327,7,4
2018-01-11,13.21100062311076,7,4
2018-01-12,13.98472740184511,7,4
2018-01-13,15.439034377528198,7,4
2018-01-14,15.996419345720248,7,4
2018-01-15,10.329604000447226,7,4
2018-01-16,12.248771855773148,7,4
2018-01-17,12.192797838928108,7,4
2018-01-18,13.12388410955765,7,4
2018-01-19,13.90467970225744,7,4
2018-01-20,15.370733584736673,7,4
2018-01-21,15.943891722453401,7,4
2018-01-22,10.29616741439369,7,4
2018-01-23,12.237005098417749,7,4
2018-01-24,12.204535221222333,7,4
2018-01-25,13.160234037218085,7,4
2018-01-26,13.96606530492976,7,4
2018-01-27,15.456952922588357,7,4
2018-01-28,16.054194632392754,7,4
2018-01-29,10.429345697463287,7,4
2018-01-30,12.391492494765266,7,4
2018-01-01,9.40762559365337,7,5
2018-01-02,10.759591307947375,7,5
2018-01-03,11.312928227460805,7,5
2018-01-04,12.31646995745285,7,5
2018-01-05,12.900329884526402,7,5
2018-01-06,13.764863875805098,7,5
2018-01-07,14.580768054746198,7,5
2018-01-08,9.729574327951365,7,5
2018-01-09,10.987154967492495,7,5
2018-01-10,11.445854503574312,7,5
2018-01-11,12.356722483794933,7,5
2018-01-12,12.851951488642241,7,5
2018-01-13,13.633797154355364,7,5
2018-01-14,14.374638973382378,7,5
2018-01-15,9.457445300804867,7,5
2018-01-16,10.659254442749457,7,5
2018-01-17,11.073290460230178,7,5
2018-01-18,11.951187423856425,7,5
2018-01-19,12.42542648910665,7,5
2018-01-20,13.198262328311959,7,5
2018-01-21,13.941797290183175,7,5
2018-01-22,9.038466145332098,7,5
2018-01-23,10.264542573100062,7,5
2018-01-24,10.71228517312867,7,5
2018-01-25,11.632195784404558,7,5
2018-01-26,12.155493452960535,7,5
2018-01-27,12.983079510326506,7,5
2018-01-28,13.785651042781268,7,5
2018-01-29,8.944224533602643,7,5
2018-01-30,10.23367979908949,7,5
2018-01-01,26.61390142323169,7,6
2018-01-02,31.237134759439993,7,6
2018-01-03,32.31116829689411,7,6
2018-01-04,34.53490947673741,7,6
2018-01-05,37.014066436307516,7,6
2018-01-06,39.7624279674844,7,6
2018-01-07,42.19985298406903,7,6
2018-01-08,26.2468098843382,7,6
2018-01-09,30.903148034145936,7,6
2018-01-10,32.02485089621348,7,6
2018-01-11,34.3099907542107,7,6
2018-01-12,36.862960306944075,7,6
2018-01-13,39.69581120318199,7,6
2018-01-14,42.22631317788052,7,6
2018-01-15,26.372571852064365,7,6
2018-01-16,31.131884896894864,7,6
2018-01-17,32.35758343983042,7,6
2018-01-18,34.745075966347855,7,6
2018-01-19,37.39616733063389,7,6
2018-01-20,40.320480390072674,7,6
2018-01-21,42.933591548557956,7,6
2018-01-22,27.15171613767379,7,6
2018-01-23,31.97062150498921,7,6
2018-01-24,33.24251320194235,7,6
2018-01-25,35.66211042476951,7,6
2018-01-26,38.33098262905917,7,6
2018-01-27,41.25897456268713,7,6
2018-01-28,43.8623311511951,7,6
2018-01-29,28.05835872556297,7,6
2018-01-30,32.84430140529773,7,6
2018-01-01,29.075852664981195,7,7
2018-01-02,33.8364074488375,7,7
2018-01-03,33.99738326044807,7,7
2018-01-04,36.536972620888996,7,7
2018-01-05,38.356302466880685,7,7
2018-01-06,41.172712895772364,7,7
2018-01-07,44.51193108331492,7,7
2018-01-08,28.122043264901468,7,7
2018-01-09,32.86165953407516,7,7
2018-01-10,33.03232706821863,7,7
2018-01-11,35.61114195416479,7,7
2018-01-12,37.49724597533796,7,7
2018-01-13,40.40519784341463,7,7
2018-01-14,43.85726122483091,7,7
2018-01-15,27.597508597256212,7,7
2018-01-16,32.48013137175384,7,7
2018-01-17,32.80200724560962,7,7
2018-01-18,35.53547012533496,7,7
2018-01-19,37.57496410789814,7,7
2018-01-20,40.63056623145749,7,7
2018-01-21,44.22041581874167,7,7
2018-01-22,28.084945294580937,7,7
2018-01-23,33.07529925532242,7,7
2018-01-24,33.48598969199186,7,7
2018-01-25,36.28773032668266,7,7
2018-01-26,38.37412991310434,7,7
2018-01-27,41.455228362237534,7,7
2018-01-28,45.04991346535153,7,7
2018-01-29,28.90011384212371,7,7
2018-01-30,33.85915639812214,7,7
2018-01-01,35.92376069252961,7,8
2018-01-02,43.49372211003869,7,8
2018-01-03,43.302323875093435,7,8
2018-01-04,46.40158930889844,7,8
2018-01-05,50.01512619409317,7,8
2018-01-06,53.807801315300715,7,8
2018-01-07,57.37210364727675,7,8
2018-01-08,36.05438168398504,7,8
2018-01-09,43.51640770744079,7,8
2018-01-10,43.23298566552869,7,8
2018-01-11,46.2584393839185,7,8
2018-01-12,49.81797573765845,7,8
2018-01-13,53.5773554514144,7,8
2018-01-14,57.12927189037498,7,8
2018-01-15,35.819622252944384,7,8
2018-01-16,43.30912242401522,7,8
2018-01-17,43.07098021501058,7,8
2018-01-18,46.157461426991155,7,8
2018-01-19,49.791340800728335,7,8
2018-01-20,53.63566775938943,7,8
2018-01-21,57.280244423129936,7,8
2018-01-22,36.06799738180571,7,8
2018-01-23,43.65669160148849,7,8
2018-01-24,43.51669842193128,7,8
2018-01-25,46.6976495040135,7,8
2018-01-26,50.41996646726538,7,8
2018-01-27,54.34469411507678,7,8
2018-01-28,58.060033077596614,7,8
2018-01-29,36.90775211220132,7,8
2018-01-30,44.544927611935634,7,8
2018-01-01,24.82485047267738,7,9
2018-01-02,30.05526279880489,7,9
2018-01-03,30.405664291553222,7,9
2018-01-04,31.44967003277508,7,9
2018-01-05,33.82756871326698,7,9
2018-01-06,37.2953080590955,7,9
2018-01-07,38.68620163729878,7,9
2018-01-08,24.638426854753614,7,9
2018-01-09,29.70203071550568,7,9
2018-01-10,29.89718830808838,7,9
2018-01-11,30.801328397411048,7,9
2018-01-12,33.05807835094226,7,9
2018-01-13,36.426190128499854,7,9
2018-01-14,37.74120174084621,7,9
2018-01-15,23.642904699439292,7,9
2018-01-16,28.68233435122983,7,9
2018-01-17,28.880028019775033,7,9
2018-01-18,29.813164904725156,7,9
2018-01-19,32.1245391954677,7,9
2018-01-20,35.57152702768552,7,9
2018-01-21,36.987800298065395,7,9
2018-01-22,23.01085622041071,7,9
2018-01-23,28.189077678644395,7,9
2018-01-24,28.540067309664096,7,9
2018-01-25,29.637867187520705,7,9
2018-01-26,32.122013445814,7,9
2018-01-27,35.74658436830496,7,9
2018-01-28,37.34199293588512,7,9
2018-01-29,23.542590812972588,7,9
2018-01-30,28.89379709758221,7,9
2018-01-01,34.88695245026276,7,10
2018-01-02,42.70954500944255,7,10
2018-01-03,42.536778833588656,7,10
2018-01-04,46.07572582433095,7,10
2018-01-05,49.14476318467261,7,10
2018-01-06,52.475004191891024,7,10
2018-01-07,56.22372602608758,7,10
2018-01-08,35.99716074053885,7,10
2018-01-09,43.59516324004686,7,10
2018-01-10,43.19846000235992,7,10
2018-01-11,46.51969973501354,7,10
2018-01-12,49.382386135036825,7,10
2018-01-13,52.522212093599386,7,10
2018-01-14,56.100407678048114,7,10
2018-01-15,35.72646941127834,7,10
2018-01-16,43.20278565530001,7,10
2018-01-17,42.711862271218834,7,10
2018-01-18,45.9673696769803,7,10
2018-01-19,48.79309090753843,7,10
2018-01-20,51.92428898649329,7,10
2018-01-21,55.52110447862423,7,10
2018-01-22,35.19134889460439,7,10
2018-01-23,42.73520658147661,7,10
2018-01-24,42.33254683239335,7,10
2018-01-25,45.69406470827148,7,10
2018-01-26,48.64032742691818,7,10
2018-01-27,51.90324183927475,7,10
2018-01-28,55.63955110295455,7,10
2018-01-29,35.453723574901105,7,10
2018-01-30,43.142744078495355,7,10
2018-01-01,32.62597980219613,7,11
2018-01-02,38.563370089002106,7,11
2018-01-03,39.1767777880042,7,11
2018-01-04,41.175866333327306,7,11
2018-01-05,44.578710696174966,7,11
2018-01-06,47.614103822518416,7,11
2018-01-07,51.88264237910191,7,11
2018-01-08,33.19717506225113,7,11
2018-01-09,39.137852304901294,7,11
2018-01-10,39.74766860211987,7,11
2018-01-11,41.736690506620256,7,11
2018-01-12,45.12344119681386,7,11
2018-01-13,48.13723203668131,7,11
2018-01-14,52.37927138052234,7,11
2018-01-15,33.66313247819127,7,11
2018-01-16,39.56981804959087,7,11
2018-01-17,40.14331166573102,7,11
2018-01-18,42.09480812818511,7,11
2018-01-19,45.44409315114119,7,11
2018-01-20,48.42186245097221,7,11
2018-01-21,52.63081048516126,7,11
2018-01-22,33.886070991002384,7,11
2018-01-23,39.77024749188364,7,11
2018-01-24,40.32892479230985,7,11
2018-01-25,42.27485480049202,7,11
2018-01-26,45.629288354179536,7,11
2018-01-27,48.62424471137133,7,11
2018-01-28,52.863550634670986,7,11
2018-01-29,34.163232987312206,7,11
2018-01-30,40.10650479117126,7,11
2018-01-01,32.53528732941763,7,12
2018-01-02,39.199026491230434,7,12
2018-01-03,39.72518936388204,7,12
2018-01-04,41.96428646877234,7,12
2018-01-05,45.2512148269388,7,12
2018-01-06,48.53403337202585,7,12
2018-01-07,52.10556105174007,7,12
2018-01-08,31.547800905534913,7,12
2018-01-09,38.208764579541906,7,12
2018-01-10,38.76800542109474,7,12
2018-01-11,41.07457951875449,7,12
2018-01-12,44.460843811585974,7,12
2018-01-13,47.87134301581264,7,12
2018-01-14,51.59454608213694,7,12
2018-01-15,31.207430927169195,7,12
2018-01-16,38.0524867678817,7,12
2018-01-17,38.80343663876158,7,12
2018-01-18,41.303393626218316,7,12
2018-01-19,44.87885401917927,7,12
2018-01-20,48.468773275036966,7,12
2018-01-21,52.35647991373535,7,12
2018-01-22,32.11442088908092,7,12
2018-01-23,39.08130312915955,7,12
2018-01-24,39.927929871883066,7,12
2018-01-25,42.49544217377915,7,12
2018-01-26,46.1093665133567,7,12
2018-01-27,49.708713052834774,7,12
2018-01-28,53.57787930429765,7,12
2018-01-29,33.291353360515416,7,12
2018-01-30,40.19078293851752,7,12
2018-01-01,40.26989379937196,7,13
2018-01-02,48.506471938823346,7,13
2018-01-03,47.97483834829893,7,13
2018-01-04,51.99753504730549,7,13
2018-01-05,55.665206998962454,7,13
2018-01-06,58.38333747530686,7,13
2018-01-07,63.523426267818955,7,13
2018-01-08,39.94453334143745,7,13
2018-01-09,48.08423218123719,7,13
2018-01-10,47.47911267301102,7,13
2018-01-11,51.453665899325074,7,13
2018-01-12,55.099581540160344,7,13
2018-01-13,57.822496400738494,7,13
2018-01-14,62.99321122861983,7,13
2018-01-15,39.46929658765592,7,13
2018-01-16,47.686129569891754,7,13
2018-01-17,47.17749816662026,7,13
2018-01-18,51.26460219970581,7,13
2018-01-19,55.035477673644365,7,13
2018-01-20,57.891879006255444,7,13
2018-01-21,63.20063212488494,7,13
2018-01-22,39.81537502909292,7,13
2018-01-23,48.16772356905146,7,13
2018-01-24,47.7879954732041,7,13
2018-01-25,51.99431809602723,7,13
2018-01-26,55.87214376326749,7,13
2018-01-27,58.82120472297498,7,13
2018-01-28,64.20691883101874,7,13
2018-01-29,40.882161359199074,7,13
2018-01-30,49.27844012537386,7,13
2018-01-01,27.83793601936384,7,14
2018-01-02,33.19067298321543,7,14
2018-01-03,33.15965740537491,7,14
2018-01-04,35.29372003624439,7,14
2018-01-05,38.19443840121798,7,14
2018-01-06,41.076745079459414,7,14
2018-01-07,44.20962478213979,7,14
2018-01-08,28.028546057137817,7,14
2018-01-09,33.36097731989102,7,14
2018-01-10,33.314073871206276,7,14
2018-01-11,35.43708437824937,7,14
2018-01-12,38.33177037282202,7,14
2018-01-13,41.21303774501174,7,14
2018-01-14,44.34966211485054,7,14
2018-01-15,28.176752599109648,7,14
2018-01-16,33.52130230474587,7,14
2018-01-17,33.48991083257621,7,14
2018-01-18,35.631225924047804,7,14
2018-01-19,38.54639654177491,7,14
2018-01-20,41.44973521501953,7,14
2018-01-21,44.60947053932272,7,14
2018-01-22,28.460233533462855,7,14
2018-01-23,33.828625575320416,7,14
2018-01-24,33.8209528049881,7,14
2018-01-25,35.98567395779992,7,14
2018-01-26,38.9238539684975,7,14
2018-01-27,41.8498214438389,7,14
2018-01-28,45.03191135484587,7,14
2018-01-29,28.904937292734022,7,14
2018-01-30,34.29574179626948,7,14
2018-01-01,39.90264082402784,7,15
2018-01-02,48.37388427078377,7,15
2018-01-03,48.57793843940858,7,15
2018-01-04,52.14201984424044,7,15
2018-01-05,55.603836682717066,7,15
2018-01-06,60.67387397293365,7,15
2018-01-07,63.87125717112014,7,15
2018-01-08,40.266725865567636,7,15
2018-01-09,48.68083930169117,7,15
2018-01-10,48.839830351937735,7,15
2018-01-11,52.37207233034327,7,15
2018-01-12,55.81585657691957,7,15
2018-01-13,60.88170604908045,7,15
2018-01-14,64.08828199441581,7,15
2018-01-15,40.50541333146802,7,15
2018-01-16,48.95236823273902,7,15
2018-01-17,49.15378205093528,7,15
2018-01-18,52.736203377551654,7,15
2018-01-19,56.23595349496525,7,15
2018-01-20,61.361521817582336,7,15
2018-01-21,64.62955185752108,7,15
2018-01-22,41.10794497382112,7,15
2018-01-23,49.61419927198517,7,15
2018-01-24,49.871395958228106,7,15
2018-01-25,53.50479344299779,7,15
2018-01-26,57.04972333242419,7,15
2018-01-27,62.214010179766625,7,15
2018-01-28,65.5139692126213,7,15
2018-01-29,42.01750938361495,7,15
2018-01-30,50.5424595856874,7,15
2018-01-01,11.385547801102334,7,16
2018-01-02,14.040178538844774,7,16
2018-01-03,13.281120460806738,7,16
2018-01-04,14.587883616029789,7,16
2018-01-05,15.285266242026271,7,16
2018-01-06,17.115011222960874,7,16
2018-01-07,18.803996224756478,7,16
2018-01-08,10.936025127178034,7,16
2018-01-09,13.606113208243457,7,16
2018-01-10,12.879080174633522,7,16
2018-01-11,14.233674418398529,7,16
2018-01-12,14.993414840501755,7,16
2018-01-13,16.89829541978221,7,16
2018-01-14,18.673037079655067,7,16
2018-01-15,10.898952494595845,7,16
2018-01-16,13.66831399007285,7,16
2018-01-17,13.043036074864876,7,16
2018-01-18,14.49889325290848,7,16
2018-01-19,15.356456625816495,7,16
2018-01-20,17.35289162087556,7,16
2018-01-21,19.210298622765926,7,16
2018-01-22,11.507659526022278,7,16
2018-01-23,14.335277963214125,7,16
2018-01-24,13.753522641965425,7,16
2018-01-25,15.237092686946934,7,16
2018-01-26,16.105987149102,7,16
2018-01-27,18.097320108959778,7,16
2018-01-28,19.933662707515847,7,16
2018-01-29,12.194975153057085,7,16
2018-01-30,14.973016960016256,7,16
2018-01-01,15.900192433481566,7,17
2018-01-02,19.004267677519334,7,17
2018-01-03,18.68602350415858,7,17
2018-01-04,20.18018062089349,7,17
2018-01-05,21.24335805017116,7,17
2018-01-06,23.16875027830868,7,17
2018-01-07,24.314745183156337,7,17
2018-01-08,15.545087593642261,7,17
2018-01-09,18.624480968722658,7,17
2018-01-10,18.295251988939764,7,17
2018-01-11,19.792312048692217,7,17
2018-01-12,20.87206223477048,7,17
2018-01-13,22.82709204882299,7,17
2018-01-14,24.014828588742024,7,17
2018-01-15,15.297739935685039,7,17
2018-01-16,18.438983929048778,7,17
2018-01-17,18.179125659413284,7,17
2018-01-18,19.75115608731769,7,17
2018-01-19,20.909456722511212,7,17
2018-01-20,22.94455894395353,7,17
2018-01-21,24.211853018276447,7,17
2018-01-22,15.57184896868647,7,17
2018-01-23,18.785878987181555,7,17
2018-01-24,18.592863370951335,7,17
2018-01-25,20.224371216789578,7,17
2018-01-26,21.43361983449692,7,17
2018-01-27,23.5102607090262,7,17
2018-01-28,24.809106554254193,7,17
2018-01-29,16.19040134169449,7,17
2018-01-30,19.415522972327935,7,17
2018-01-01,39.62810642300278,7,18
2018-01-02,45.86375812343756,7,18
2018-01-03,47.01389594722022,7,18
2018-01-04,50.79939310355679,7,18
2018-01-05,54.79656972904442,7,18
2018-01-06,57.68923728761707,7,18
2018-01-07,62.74357653799653,7,18
2018-01-08,39.551080983189685,7,18
2018-01-09,45.754119541939154,7,18
2018-01-10,46.88383504070358,7,18
2018-01-11,50.661523476401044,7,18
2018-01-12,54.66338993654074,7,18
2018-01-13,57.57263733446207,7,18
2018-01-14,62.65440250235112,7,18
2018-01-15,39.49876922221342,7,18
2018-01-16,45.74640932586738,7,18
2018-01-17,46.92656566607814,7,18
2018-01-18,50.75851900864634,7,18
2018-01-19,54.81643181996274,7,18
2018-01-20,57.781522267043684,7,18
2018-01-21,62.917080290296,7,18
2018-01-22,39.81155287814038,7,18
2018-01-23,46.104247527434424,7,18
2018-01-24,47.32336590159038,7,18
2018-01-25,51.187508354293044,7,18
2018-01-26,55.27054134829116,7,18
2018-01-27,58.25378060299064,7,18
2018-01-28,63.40100180892122,7,18
2018-01-29,40.30150647638966,7,18
2018-01-30,46.59579277072726,7,18
2018-01-01,18.58726613094992,7,19
2018-01-02,22.528062082522318,7,19
2018-01-03,22.441181806392777,7,19
2018-01-04,24.078097623174962,7,19
2018-01-05,25.747817601005686,7,19
2018-01-06,27.782114700186696,7,19
2018-01-07,29.799901592660525,7,19
2018-01-08,18.307557862259728,7,19
2018-01-09,22.302988072304913,7,19
2018-01-10,22.284045131801584,7,19
2018-01-11,24.00021107150454,7,19
2018-01-12,25.758096179894732,7,19
2018-01-13,27.88675838890946,7,19
2018-01-14,30.002177063679074,7,19
2018-01-15,18.607684728341447,7,19
2018-01-16,22.698131909128715,7,19
2018-01-17,22.768416190039453,7,19
2018-01-18,24.565264322950476,7,19
2018-01-19,26.39282523788019,7,19
2018-01-20,28.578072992789785,7,19
2018-01-21,30.7353513051533,7,19
2018-01-22,19.366861094096485,7,19
2018-01-23,23.466864581514145,7,19
2018-01-24,23.53023592770026,7,19
2018-01-25,25.304246669136145,7,19
2018-01-26,27.094143786630347,7,19
2018-01-27,29.228519981741584,7,19
2018-01-28,31.323808876055267,7,19
2018-01-29,19.88470813674228,7,19
2018-01-30,23.908306099801862,7,19
2018-01-01,20.82442151670931,7,20
2018-01-02,25.530791841147025,7,20
2018-01-03,25.774500455066054,7,20
2018-01-04,27.349020068751294,7,20
2018-01-05,29.173874561348107,7,20
2018-01-06,31.3638050204666,7,20
2018-01-07,33.002579374677495,7,20
2018-01-08,19.9889401398858,7,20
2018-01-09,24.80596157981732,7,20
2018-01-10,25.182192995021996,7,20
2018-01-11,26.90845251074215,7,20
2018-01-12,28.9010437881987,7,20
2018-01-13,31.27102251806618,7,20
2018-01-14,33.09811803552026,7,20
2018-01-15,20.276801249324404,7,20
2018-01-16,25.285766680355444,7,20
2018-01-17,25.84920174547283,7,20
2018-01-18,27.753704103691458,7,20
2018-01-19,29.911616062456005,7,20
2018-01-20,32.4303996943539,7,20
2018-01-21,34.38665510225229,7,20
2018-01-22,21.67227050563541,7,20
2018-01-23,26.763969872719876,7,20
2018-01-24,27.384629660519863,7,20
2018-01-25,29.32022444245884,7,20
2018-01-26,31.483169938533738,7,20
2018-01-27,33.98168717726483,7,20
2018-01-28,35.89379085374297,7,20
2018-01-29,23.11339170755663,7,20
2018-01-30,28.119780275177497,7,20
2018-01-01,19.54530217027324,7,21
2018-01-02,22.937069573955732,7,21
2018-01-03,23.56691390083879,7,21
2018-01-04,24.70336972311271,7,21
2018-01-05,26.642718763796953,7,21
2018-01-06,28.122237985966468,7,21
2018-01-07,30.477260914153057,7,21
2018-01-08,19.451429390171867,7,21
2018-01-09,22.76686239092897,7,21
2018-01-10,23.33326473201111,7,21
2018-01-11,24.420911306206463,7,21
2018-01-12,26.32730799137826,7,21
2018-01-13,27.790426010601017,7,21
2018-01-14,30.14576433677721,7,21
2018-01-15,19.136616961133107,7,21
2018-01-16,22.4842708902454,7,21
2018-01-17,23.09715658058206,7,21
2018-01-18,24.24388502706007,7,21
2018-01-19,26.21997093520701,7,21
2018-01-20,27.76113683149874,7,21
2018-01-21,30.200450609899757,7,21
2018-01-22,19.278671131892384,7,21
2018-01-23,22.71452549803106,7,21
2018-01-24,23.413937468610172,7,21
2018-01-25,24.643139096584935,7,21
2018-01-26,26.695462982490962,7,21
2018-01-27,28.30470817497537,7,21
2018-01-28,30.80233061720191,7,21
2018-01-29,19.9278314353407,7,21
2018-01-30,23.39906567081121,7,21
2018-01-01,39.02617303346935,7,22
2018-01-02,46.50038778686603,7,22
2018-01-03,46.18828214150851,7,22
2018-01-04,48.7849860562238,7,22
2018-01-05,52.50885301249143,7,22
2018-01-06,57.26851235019906,7,22
2018-01-07,61.4442365992261,7,22
2018-01-08,38.144153402803965,7,22
2018-01-09,45.49906944496159,7,22
2018-01-10,45.0994368796134,7,22
2018-01-11,47.6422970445482,7,22
2018-01-12,51.34690368690574,7,22
2018-01-13,56.12179260828862,7,22
2018-01-14,60.34619278647565,7,22
2018-01-15,37.12630664229856,7,22
2018-01-16,44.590224299567076,7,22
2018-01-17,44.32499921993015,7,22
2018-01-18,47.02371642187665,7,22
2018-01-19,50.901251590054194,7,22
2018-01-20,55.86148382880969,7,22
2018-01-21,60.27885285349004,7,22
2018-01-22,37.254784034770246,7,22
2018-01-23,44.91274202512883,7,22
2018-01-24,44.83543647501661,7,22
2018-01-25,47.712007529362154,7,22
2018-01-26,51.75388633785293,7,22
2018-01-27,56.862090791034746,7,22
2018-01-28,61.408845323254695,7,22
2018-01-29,38.494046887796785,7,22
2018-01-30,46.240337184643955,7,22
2018-01-01,13.08538311920174,7,23
2018-01-02,16.22436613202691,7,23
2018-01-03,15.81962833570056,7,23
2018-01-04,18.042722794418005,7,23
2018-01-05,18.794638938776423,7,23
2018-01-06,20.02293815394072,7,23
2018-01-07,21.430050403426883,7,23
2018-01-08,13.323728770852387,7,23
2018-01-09,16.420745398560868,7,23
2018-01-10,15.982401000816978,7,23
2018-01-11,18.181304237205875,7,23
2018-01-12,18.919132334240487,7,23
2018-01-13,20.143762189386234,7,23
2018-01-14,21.557573001646627,7,23
2018-01-15,13.467916862083502,7,23
2018-01-16,16.5908400690675,7,23
2018-01-17,16.186626393456784,7,23
2018-01-18,18.426617417831466,7,23
2018-01-19,19.211020005377538,7,23
2018-01-20,20.486088668385342,7,23
2018-01-21,21.952482329224868,7,23
2018-01-22,13.915790312446859,7,23
2018-01-23,17.09030874209818,7,23
2018-01-24,16.734637024600882,7,23
2018-01-25,19.018548087135763,7,23
2018-01-26,19.84084110043228,7,23
2018-01-27,21.14656329306409,7,23
2018-01-28,22.63539937817292,7,23
2018-01-29,14.61222267604445,7,23
2018-01-30,17.790888581482275,7,23
2018-01-01,32.211590566513394,7,24
2018-01-02,37.98281156416935,7,24
2018-01-03,37.79306598964871,7,24
2018-01-04,41.198298288535646,7,24
2018-01-05,43.639304298294306,7,24
2018-01-06,46.27771628290241,7,24
2018-01-07,49.06861726258795,7,24
2018-01-08,31.481534488324414,7,24
2018-01-09,37.13763287038117,7,24
2018-01-10,36.86498909720318,7,24
2018-01-11,40.2210658301598,7,24
2018-01-12,42.64717807868736,7,24
2018-01-13,45.304507618369996,7,24
2018-01-14,48.146771518481465,7,24
2018-01-15,30.641292336432425,7,24
2018-01-16,36.406287955088885,7,24
2018-01-17,36.26625851995966,7,24
2018-01-18,39.77458623531745,7,24
2018-01-19,42.36813626245933,7,24
2018-01-20,45.20341059632209,7,24
2018-01-21,48.229356991831764,7,24
2018-01-22,30.908576601376197,7,24
2018-01-23,36.85474461105734,7,24
2018-01-24,36.8881179441198,7,24
2018-01-25,40.55824279171353,7,24
2018-01-26,43.29864767344938,7,24
2018-01-27,46.26307188250976,7,24
2018-01-28,49.39832992139721,7,24
2018-01-29,32.1655547104272,7,24
2018-01-30,38.177633564032746,7,24
2018-01-01,38.59201053415824,7,25
2018-01-02,45.74146187939226,7,25
2018-01-03,45.976935062820424,7,25
2018-01-04,49.81771678195322,7,25
2018-01-05,52.67204361941662,7,25
2018-01-06,57.43511688213948,7,25
2018-01-07,60.56951041947525,7,25
2018-01-08,38.38714617606815,7,25
2018-01-09,45.465313752886445,7,25
2018-01-10,45.64774973227243,7,25
2018-01-11,49.45525010843507,7,25
2018-01-12,52.29692767636739,7,25
2018-01-13,57.06824667352418,7,25
2018-01-14,60.2314656209081,7,25
2018-01-15,38.097661295648685,7,25
2018-01-16,45.242807985447136,7,25
2018-01-17,45.50892543614849,7,25
2018-01-18,49.41476634222329,7,25
2018-01-19,52.367152678552834,7,25
2018-01-20,57.25909062610059,7,25
2018-01-21,60.55029258884458,7,25
2018-01-22,38.54927694494034,7,25
2018-01-23,45.82951762123946,7,25
2018-01-24,46.230655118189745,7,25
2018-01-25,50.26923837676209,7,25
2018-01-26,53.35010568145624,7,25
2018-01-27,58.36453362559098,7,25
2018-01-28,61.770782289901604,7,25
2018-01-29,39.876207312429614,7,25
2018-01-30,47.25341132991193,7,25
2018-01-01,22.72408514339704,7,26
2018-01-02,26.94011408416231,7,26
2018-01-03,26.338272903259465,7,26
2018-01-04,28.448901783457078,7,26
2018-01-05,30.430526534507813,7,26
2018-01-06,33.66031014617678,7,26
2018-01-07,35.05999719242561,7,26
2018-01-08,22.37077580498034,7,26
2018-01-09,26.505328851969608,7,26
2018-01-10,25.835784150486614,7,26
2018-01-11,27.894465877806134,7,26
2018-01-12,29.84145048394693,7,26
2018-01-13,33.054997199232965,7,26
2018-01-14,34.45748192547144,7,26
2018-01-15,21.79025913471504,7,26
2018-01-16,25.96572309309017,7,26
2018-01-17,25.355277712913775,7,26
2018-01-18,27.490116480940568,7,26
2018-01-19,29.52881488156286,7,26
2018-01-20,32.847804380668315,7,26
2018-01-21,34.36735561560284,7,26
2018-01-22,21.826494183692244,7,26
2018-01-23,26.135119058672714,7,26
2018-01-24,25.662031619994693,7,26
2018-01-25,27.935775426475317,7,26
2018-01-26,30.112287863913938,7,26
2018-01-27,33.56543149880762,7,26
2018-01-28,35.213031626760845,7,26
2018-01-29,22.79184235293683,7,26
2018-01-30,27.20971029421586,7,26
2018-01-01,10.022066774812037,7,27
2018-01-02,12.148571998233802,7,27
2018-01-03,12.512004731555963,7,27
2018-01-04,13.249521248740102,7,27
2018-01-05,14.220548412278317,7,27
2018-01-06,14.91667496102716,7,27
2018-01-07,16.135936380933828,7,27
2018-01-08,9.883183078255161,7,27
2018-01-09,12.015539125158014,7,27
2018-01-10,12.392067388012354,7,27
2018-01-11,13.149308949384027,7,27
2018-01-12,14.145877163454841,7,27
2018-01-13,14.872384135118713,7,27
2018-01-14,16.12576461106232,7,27
2018-01-15,9.909685721302122,7,27
2018-01-16,12.08004851227443,7,27
2018-01-17,12.494695746029098,7,27
2018-01-18,13.288992572122744,7,27
2018-01-19,14.320459177908916,7,27
2018-01-20,15.078732077955744,7,27
2018-01-21,16.35991803871218,7,27
2018-01-22,10.167028248269276,7,27
2018-01-23,12.355498030430844,7,27
2018-01-24,12.78290613737415,7,27
2018-01-25,13.58456000025879,7,27
2018-01-26,14.618126031656079,7,27
2018-01-27,15.373581842607852,7,27
2018-01-28,16.64755477566954,7,27
2018-01-29,10.443734959056576,7,27
2018-01-30,12.61836894366046,7,27
2018-01-01,40.20260902276638,7,28
2018-01-02,49.21994939220161,7,28
2018-01-03,48.706465872692306,7,28
2018-01-04,53.041147697791935,7,28
2018-01-05,56.22168489576032,7,28
2018-01-06,61.398841559932315,7,28
2018-01-07,65.32503666233684,7,28
2018-01-08,40.31340243561597,7,28
2018-01-09,49.333899317120014,7,28
2018-01-10,48.83238417371264,7,28
2018-01-11,53.187342454699674,7,28
2018-01-12,56.395585069330686,7,28
2018-01-13,61.60668111240899,7,28
2018-01-14,65.57160610183229,7,28
2018-01-15,40.601873390637124,7,28
2018-01-16,49.66572528411908,7,28
2018-01-17,49.2072780942742,7,28
2018-01-18,53.60332933750523,7,28
2018-01-19,56.84912554970266,7,28
2018-01-20,62.09285969952887,7,28
2018-01-21,66.08437596266394,7,28
2018-01-22,41.134347906376256,7,28
2018-01-23,50.21050533524884,7,28
2018-01-24,49.7568031078699,7,28
2018-01-25,54.15023959093237,7,28
2018-01-26,57.386623070767,7,28
2018-01-27,62.61505533604612,7,28
2018-01-28,66.58661079387548,7,28
2018-01-29,41.61347811739795,7,28
2018-01-30,50.6651409302017,7,28
2018-01-01,33.82388527470395,7,29
2018-01-02,40.209550324026765,7,29
2018-01-03,40.5168214906511,7,29
2018-01-04,43.580183644848745,7,29
2018-01-05,47.4548451184195,7,29
2018-01-06,50.480092306684966,7,29
2018-01-07,52.838615594792685,7,29
2018-01-08,34.760372947650325,7,29
2018-01-09,40.97400160239819,7,29
2018-01-10,41.10079349434571,7,29
2018-01-11,43.97908500413497,7,29
2018-01-12,47.66788827144728,7,29
2018-01-13,50.51019324860818,7,29
2018-01-14,52.69224389939316,7,29
2018-01-15,34.447355336565046,7,29
2018-01-16,40.50728273842859,7,29
2018-01-17,40.496158030923155,7,29
2018-01-18,43.25484523355633,7,29
2018-01-19,46.84454198706958,7,29
2018-01-20,49.61005667058263,7,29
2018-01-21,51.739064714772745,7,29
2018-01-22,33.465911070839724,7,29
2018-01-23,39.52296980976308,7,29
2018-01-24,39.53457693484906,7,29
2018-01-25,42.34138736587959,7,29
2018-01-26,46.00398362872616,7,29
2018-01-27,48.866165629003106,7,29
2018-01-28,51.11422503202422,7,29
2018-01-29,32.98077106936517,7,29
2018-01-30,39.19611853967915,7,29
2018-01-01,17.51187153545243,7,30
2018-01-02,21.675697585929395,7,30
2018-01-03,21.60598635444012,7,30
2018-01-04,23.19090891285097,7,30
2018-01-05,25.81047738795993,7,30
2018-01-06,27.320012646243097,7,30
2018-01-07,29.54044180384657,7,30
2018-01-08,17.66281587440232,7,30
2018-01-09,21.80921253933934,7,30
2018-01-10,21.728598334105094,7,30
2018-01-11,23.309801812671246,7,30
2018-01-12,25.93317192031602,7,30
2018-01-13,27.45405645859877,7,30
2018-01-14,29.693119417999434,7,30
2018-01-15,17.840886519637955,7,30
2018-01-16,22.018682769122023,7,30
2018-01-17,21.97453496641458,7,30
2018-01-18,23.596189259239075,7,30
2018-01-19,26.262816419468482,7,30
2018-01-20,27.82853814667027,7,30
2018-01-21,30.11279161583189,7,30
2018-01-22,18.304920118422793,7,30
2018-01-23,22.525152219774235,7,30
2018-01-24,22.52054114558655,7,30
2018-01-25,24.178013439823047,7,30
2018-01-26,26.876098739383707,7,30
2018-01-27,28.468473370254568,7,30
2018-01-28,30.77433462735389,7,30
2018-01-29,18.982993486456287,7,30
2018-01-30,23.214848317609494,7,30
2018-01-01,28.367110286644593,7,31
2018-01-02,33.39928439834779,7,31
2018-01-03,33.70757265447972,7,31
2018-01-04,35.58718840554138,7,31
2018-01-05,38.8306974523433,7,31
2018-01-06,41.52192121932973,7,31
2018-01-07,43.64896936731439,7,31
2018-01-08,27.522538179126652,7,31
2018-01-09,32.52433964391646,7,31
2018-01-10,32.825067670534466,7,31
2018-01-11,34.71953910776619,7,31
2018-01-12,37.999355498202775,7,31
2018-01-13,40.74686795790626,7,31
2018-01-14,42.948282466999466,7,31
2018-01-15,26.91203931838254,7,31
2018-01-16,32.01732891397351,7,31
2018-01-17,32.43214753929388,7,31
2018-01-18,34.44852801294983,7,31
2018-01-19,37.855288459400654,7,31
2018-01-20,40.732079095443794,7,31
2018-01-21,43.06256206254047,7,31
2018-01-22,27.15285610591817,7,31
2018-01-23,32.380106702673345,7,31
2018-01-24,32.910584076058136,7,31
2018-01-25,35.03494322053309,7,31
2018-01-26,38.540988844194914,7,31
2018-01-27,41.50772520867187,7,31
2018-01-28,43.91852640071699,7,31
2018-01-29,28.07955972851696,7,31
2018-01-30,33.3683240824901,7,31
2018-01-01,19.97914014900102,7,32
2018-01-02,24.046307454167618,7,32
2018-01-03,24.122841129282797,7,32
2018-01-04,26.69294827424493,7,32
2018-01-05,27.874761003255767,7,32
2018-01-06,30.544870580735598,7,32
2018-01-07,31.92139575281292,7,32
2018-01-08,19.59473840328856,7,32
2018-01-09,23.6231570821445,7,32
2018-01-10,23.683028200702893,7,32
2018-01-11,26.258956870583432,7,32
2018-01-12,27.468727372103857,7,32
2018-01-13,30.187870333375088,7,32
2018-01-14,31.63278420003686,7,32
2018-01-15,19.39156220619297,7,32
2018-01-16,23.519652987058734,7,32
2018-01-17,23.690221807899785,7,32
2018-01-18,26.38437123852397,7,32
2018-01-19,27.716207879253844,7,32
2018-01-20,30.557528705884003,7,32
2018-01-21,32.12106107006866,7,32
2018-01-22,19.991404092732942,7,32
2018-01-23,24.220796289945945,7,32
2018-01-24,24.479573366390085,7,32
2018-01-25,27.24647231517043,7,32
2018-01-26,28.633766159054414,7,32
2018-01-27,31.512001112091582,7,32
2018-01-28,33.093268934839884,7,32
2018-01-29,20.962161516508914,7,32
2018-01-30,25.17153238731315,7,32
2018-01-01,33.26309878762315,7,33
2018-01-02,39.07410782191129,7,33
2018-01-03,38.76236572436721,7,33
2018-01-04,42.343750012982866,7,33
2018-01-05,45.65854106484714,7,33
2018-01-06,48.99203427816907,7,33
2018-01-07,51.875293601002454,7,33
2018-01-08,33.14375378263743,7,33
2018-01-09,38.85192390097856,7,33
2018-01-10,38.45245366340827,7,33
2018-01-11,41.96438124594383,7,33
2018-01-12,45.230512773173565,7,33
2018-01-13,48.53798076319455,7,33
2018-01-14,51.418962450175535,7,33
2018-01-15,32.70926615133745,7,33
2018-01-16,38.46303854993812,7,33
2018-01-17,38.13185421014521,7,33
2018-01-18,41.733005406091046,7,33
2018-01-19,45.106941202678115,7,33
2018-01-20,48.53790148970565,7,33
2018-01-21,51.554724844151494,7,33
2018-01-22,32.98953598238738,7,33
2018-01-23,38.89256296590916,7,33
2018-01-24,38.71134252986005,7,33
2018-01-25,42.45912851157724,7,33
2018-01-26,45.972449129523795,7,33
2018-01-27,49.531855631732725,7,33
2018-01-28,52.66283808967859,7,33
2018-01-29,34.19461117168123,7,33
2018-01-30,40.17501737402614,7,33
2018-01-01,12.462101818544848,7,34
2018-01-02,14.686347045523743,7,34
2018-01-03,15.077948421918602,7,34
2018-01-04,16.124794359918862,7,34
2018-01-05,17.582376935918766,7,34
2018-01-06,18.74290754243171,7,34
2018-01-07,19.346971315045977,7,34
2018-01-08,12.541262857665632,7,34
2018-01-09,14.699831075394503,7,34
2018-01-10,15.032679393271184,7,34
2018-01-11,16.028691628098134,7,34
2018-01-12,17.444054900136003,7,34
2018-01-13,18.571375135794597,7,34
2018-01-14,19.151339890298033,7,34
2018-01-15,12.330470504677894,7,34
2018-01-16,14.48239068331797,7,34
2018-01-17,14.816456857543132,7,34
2018-01-18,15.820719527635813,7,34
2018-01-19,17.250385767061463,7,34
2018-01-20,18.396977143691732,7,34
2018-01-21,19.000036436588296,7,34
2018-01-22,12.204923796452775,7,34
2018-01-23,14.384128094270345,7,34
2018-01-24,14.745937543258975,7,34
2018-01-25,15.77743760475445,7,34
2018-01-26,17.23300531027521,7,34
2018-01-27,18.403493363248003,7,34
2018-01-28,19.02795669018047,7,34
2018-01-29,12.251461583602383,7,34
2018-01-30,14.446402888613086,7,34
2018-01-01,31.259503843148135,7,35
2018-01-02,36.80447304210243,7,35
2018-01-03,37.133575019606916,7,35
2018-01-04,40.378202218594296,7,35
2018-01-05,42.71910895071662,7,35
2018-01-06,46.061409125381054,7,35
2018-01-07,48.97315956687201,7,35
2018-01-08,30.45254787574058,7,35
2018-01-09,36.00862348245488,7,35
2018-01-10,36.38060097845366,7,35
2018-01-11,39.69957209537107,7,35
2018-01-12,42.14501545214421,7,35
2018-01-13,45.61984939204334,7,35
2018-01-14,48.68909538461527,7,35
2018-01-15,30.347168378392688,7,35
2018-01-16,36.098729597779695,7,35
2018-01-17,36.678127225548735,7,35
2018-01-18,40.21125731042787,7,35
2018-01-19,42.87222971817621,7,35
2018-01-20,46.558579994527065,7,35
2018-01-21,49.83009013556225,7,35
2018-01-22,31.67623026675514,7,35
2018-01-23,37.59715255731187,7,35
2018-01-24,38.323258970527206,7,35
2018-01-25,41.977171781745234,7,35
2018-01-26,44.73048879326598,7,35
2018-01-27,48.479061822552474,7,35
2018-01-28,51.7818598174165,7,35
2018-01-29,33.628427652223614,7,35
2018-01-30,39.519871692217784,7,35
2018-01-01,34.82113062620644,7,36
2018-01-02,42.18849159598745,7,36
2018-01-03,42.28736367841434,7,36
2018-01-04,45.93717715718287,7,36
2018-01-05,48.44040398548546,7,36
2018-01-06,53.63237503736529,7,36
2018-01-07,57.06894846151313,7,36
2018-01-08,35.577514249489454,7,36
2018-01-09,42.91493271032897,7,36
2018-01-10,42.985418949220204,7,36
2018-01-11,46.60974580395331,7,36
2018-01-12,49.09142667043507,7,36
2018-01-13,54.26653636720006,7,36
2018-01-14,57.69139191004715,7,36
2018-01-15,36.19357738290948,7,36
2018-01-16,43.52990947790862,7,36
2018-01-17,43.60435453326099,7,36
2018-01-18,47.23726814272358,7,36
2018-01-19,49.73161732558708,7,36
2018-01-20,54.92284194453,7,36
2018-01-21,58.366575807470994,7,36
2018-01-22,36.889710271859485,7,36
2018-01-23,44.24839566760354,7,36
2018-01-24,44.34599025161664,7,36
2018-01-25,48.00232682831361,7,36
2018-01-26,50.51995628175657,7,36
2018-01-27,55.734024181159214,7,36
2018-01-28,59.20000059366641,7,36
2018-01-29,37.7447458538021,7,36
2018-01-30,45.12450775850361,7,36
2018-01-01,13.571170496666422,7,37
2018-01-02,16.093934522265318,7,37
2018-01-03,16.157089563305142,7,37
2018-01-04,17.808265120328006,7,37
2018-01-05,18.856297398570593,7,37
2018-01-06,20.5048690810959,7,37
2018-01-07,21.835258311597535,7,37
2018-01-08,13.919667651775287,7,37
2018-01-09,16.411322063325546,7,37
2018-01-10,16.448470898317925,7,37
2018-01-11,18.07974925978075,7,37
2018-01-12,19.114688942353173,7,37
2018-01-13,20.7573474975606,7,37
2018-01-14,22.089056508827483,7,37
2018-01-15,14.181759714142721,7,37
2018-01-16,16.688129615704582,7,37
2018-01-17,16.745596880680438,7,37
2018-01-18,18.401746966053423,7,37
2018-01-19,19.464873028881055,7,37
2018-01-20,21.137652331336998,7,37
2018-01-21,22.499945744520105,7,37
2018-01-22,14.622189404214028,7,37
2018-01-23,17.155565517493603,7,37
2018-01-24,17.236084974004555,7,37
2018-01-25,18.91003458454221,7,37
2018-01-26,19.98457648277843,7,37
2018-01-27,21.661465504483505,7,37
2018-01-28,23.019882921826984,7,37
2018-01-29,15.1298545656641,7,37
2018-01-30,17.64243954668813,7,37
2018-01-01,38.52899130236024,7,38
2018-01-02,45.11494954360943,7,38
2018-01-03,45.1227191758088,7,38
2018-01-04,48.483775300562634,7,38
2018-01-05,52.58426132472246,7,38
2018-01-06,54.99098138124493,7,38
2018-01-07,58.68879743203651,7,38
2018-01-08,37.906270749703324,7,38
2018-01-09,44.38908218845597,7,38
2018-01-10,44.32004209705547,7,38
2018-01-11,47.63276941937126,7,38
2018-01-12,51.71464162168542,7,38
2018-01-13,54.13278816071179,7,38
2018-01-14,57.871513554579,7,38
2018-01-15,37.1579884267492,7,38
2018-01-16,43.73574098427701,7,38
2018-01-17,43.78475727924247,7,38
2018-01-18,47.23526681386157,7,38
2018-01-19,51.470811756139824,7,38
2018-01-20,54.05436881659123,7,38
2018-01-21,57.965906003508834,7,38
2018-01-22,37.42820870741849,7,38
2018-01-23,44.18050369683206,7,38
2018-01-24,44.39868563819691,7,38
2018-01-25,48.00921921541617,7,38
2018-01-26,52.392311971489555,7,38
2018-01-27,55.10812420727697,7,38
2018-01-28,59.134395933019555,7,38
2018-01-29,38.6923236572607,7,38
2018-01-30,45.520214516647826,7,38
2018-01-01,20.427049297191598,7,39
2018-01-02,24.811205549188212,7,39
2018-01-03,25.02572079600112,7,39
2018-01-04,26.443308938947336,7,39
2018-01-05,29.033845761162908,7,39
2018-01-06,30.52610091719849,7,39
2018-01-07,32.85202517265095,7,39
2018-01-08,20.803742689091855,7,39
2018-01-09,25.146041983126405,7,39
2018-01-10,25.324662624402713,7,39
2018-01-11,26.713264757767973,7,39
2018-01-12,29.282336024502595,7,39
2018-01-13,30.76092444428818,7,39
2018-01-14,33.08093607452209,7,39
2018-01-15,21.03414669800614,7,39
2018-01-16,25.384720391957565,7,39
2018-01-17,25.57753106174964,7,39
2018-01-18,26.98517286492443,7,39
2018-01-19,29.57691279851189,7,39
2018-01-20,31.080472602096005,7,39
2018-01-21,33.42637731834369,7,39
2018-01-22,21.405018260369403,7,39
2018-01-23,25.779221753677618,7,39
2018-01-24,25.99261830480914,7,39
2018-01-25,27.416696785666772,7,39
2018-01-26,30.019795697481648,7,39
2018-01-27,31.5289176191241,7,39
2018-01-28,33.874103318514656,7,39
2018-01-29,21.84551262345726,7,39
2018-01-30,26.20600298744231,7,39
2018-01-01,13.431316271978556,7,40
2018-01-02,16.243415097242305,7,40
2018-01-03,16.120178994246185,7,40
2018-01-04,17.687380430357763,7,40
2018-01-05,19.28318714455483,7,40
2018-01-06,19.96986443579003,7,40
2018-01-07,21.79809759112373,7,40
2018-01-08,13.432924783674617,7,40
2018-01-09,16.263100218378288,7,40
2018-01-10,16.163587514489713,7,40
2018-01-11,17.759394078621792,7,40
2018-01-12,19.387721261427764,7,40
2018-01-13,20.10970847685228,7,40
2018-01-14,21.974801841119046,7,40
2018-01-15,13.646736120896783,7,40
2018-01-16,16.51294816496192,7,40
2018-01-17,16.447120191854637,7,40
2018-01-18,18.073062105149383,7,40
2018-01-19,19.72690613019207,7,40
2018-01-20,20.46889057739385,7,40
2018-01-21,22.34776208216388,7,40
2018-01-22,14.026784103545285,7,40
2018-01-23,16.893169078123275,7,40
2018-01-24,16.820632072373932,7,40
2018-01-25,18.43327483970077,7,40
2018-01-26,20.06777357800057,7,40
2018-01-27,20.78514746150894,7,40
2018-01-28,22.635137819338873,7,40
2018-01-29,14.282186503528361,7,40
2018-01-30,17.114831814102395,7,40
2018-01-01,9.430876949507367,7,41
2018-01-02,11.627345337622447,7,41
2018-01-03,12.046553253576285,7,41
2018-01-04,12.62245354093979,7,41
2018-01-05,13.43566735827806,7,41
2018-01-06,14.585939241385882,7,41
2018-01-07,15.797479454451121,7,41
2018-01-08,9.700402009087636,7,41
2018-01-09,11.922226143384515,7,41
2018-01-10,12.367093866128734,7,41
2018-01-11,12.968518838018536,7,41
2018-01-12,13.80660680829347,7,41
2018-01-13,14.980531409985272,7,41
2018-01-14,16.213899069850985,7,41
2018-01-15,10.13621065947358,7,41
2018-01-16,12.374386906771521,7,41
2018-01-17,12.83200940407081,7,41
2018-01-18,13.442091741437409,7,41
2018-01-19,14.284320289340954,7,41
2018-01-20,15.457547807206266,7,41
2018-01-21,16.68517309360498,7,41
2018-01-22,10.596613864544926,7,41
2018-01-23,12.818839551917428,7,41
2018-01-24,13.25561565072614,7,41
2018-01-25,13.840274061490305,7,41
2018-01-26,14.652948994269796,7,41
2018-01-27,15.793061775872218,7,41
2018-01-28,16.98468805546803,7,41
2018-01-29,10.858014980710955,7,41
2018-01-30,13.040855513070646,7,41
2018-01-01,17.21923032127671,7,42
2018-01-02,20.603759224490965,7,42
2018-01-03,21.12130398596172,7,42
2018-01-04,22.026455625755936,7,42
2018-01-05,23.623009675033433,7,42
2018-01-06,25.498369410694362,7,42
2018-01-07,27.236141004075616,7,42
2018-01-08,17.07571136436401,7,42
2018-01-09,20.454546628479378,7,42
2018-01-10,20.974415873797994,7,42
2018-01-11,21.889894340161263,7,42
2018-01-12,23.504448092029055,7,42
2018-01-13,25.404863086499073,7,42
2018-01-14,27.17387468039701,7,42
2018-01-15,17.04978709465552,7,42
2018-01-16,20.46881932648121,7,42
2018-01-17,21.031380472929673,7,42
2018-01-18,21.990627036420914,7,42
2018-01-19,23.648602378190162,7,42
2018-01-20,25.590719523292634,7,42
2018-01-21,27.398441645489775,7,42
2018-01-22,17.308948151875143,7,42
2018-01-23,20.75752141459878,7,42
2018-01-24,21.343855865521014,7,42
2018-01-25,22.32064100982087,7,42
2018-01-26,23.98971777024593,7,42
2018-01-27,25.936568894147943,7,42
2018-01-28,27.74299757276942,7,42
2018-01-29,17.646782312684937,7,42
2018-01-30,21.084043516547478,7,42
2018-01-01,24.486220050656502,7,43
2018-01-02,29.411589926226036,7,43
2018-01-03,29.390316739325442,7,43
2018-01-04,32.67810548406818,7,43
2018-01-05,34.50348766375433,7,43
2018-01-06,36.50563344918092,7,43
2018-01-07,38.64601674404767,7,43
2018-01-08,25.04877740201392,7,43
2018-01-09,29.850663349715443,7,43
2018-01-10,29.704196418669788,7,43
2018-01-11,32.86839627336924,7,43
2018-01-12,34.574927978136934,7,43
2018-01-13,36.46585378603646,7,43
2018-01-14,38.50524512477498,7,43
2018-01-15,24.819500014381084,7,43
2018-01-16,29.54724944199358,7,43
2018-01-17,29.342497037808286,7,43
2018-01-18,32.465326740567846,7,43
2018-01-19,34.14804405751629,7,43
2018-01-20,36.03293132788751,7,43
2018-01-21,38.083872566565475,7,43
2018-01-22,24.426692513529535,7,43
2018-01-23,29.199092617757167,7,43
2018-01-24,29.053827336151727,7,43
2018-01-25,32.249454337252786,7,43
2018-01-26,34.01652300836521,7,43
2018-01-27,35.995380396589184,7,43
2018-01-28,38.147848839459826,7,43
2018-01-29,24.597618585321054,7,43
2018-01-30,29.480236829681452,7,43
2018-01-01,13.018397070525143,7,44
2018-01-02,16.068403229915237,7,44
2018-01-03,15.97417155877758,7,44
2018-01-04,17.89524483066046,7,44
2018-01-05,18.52839825643037,7,44
2018-01-06,20.731232607270815,7,44
2018-01-07,21.683072522705377,7,44
2018-01-08,13.367806445150382,7,44
2018-01-09,16.434835630692433,7,44
2018-01-10,16.352564924320383,7,44
2018-01-11,18.27998221163302,7,44
2018-01-12,18.913415012288418,7,44
2018-01-13,21.110154629349406,7,44
2018-01-14,22.049381100737463,7,44
2018-01-15,13.715024320294383,7,44
2018-01-16,16.756727887594323,7,44
2018-01-17,16.643347699284902,7,44
2018-01-18,18.53453175502958,7,44
2018-01-19,19.127469457877723,7,44
2018-01-20,21.28050089713952,7,44
2018-01-21,22.174019693306217,7,44
2018-01-22,13.79330535447916,7,44
2018-01-23,16.789452518234135,7,44
2018-01-24,16.632830111952558,7,44
2018-01-25,18.484618100907557,7,44
2018-01-26,19.043511436822293,7,44
2018-01-27,21.169283124077975,7,44
2018-01-28,22.04364146141568,7,44
2018-01-29,13.653018891430413,7,44
2018-01-30,16.649461268761204,7,44
2018-01-01,36.769327115806796,7,45
2018-01-02,44.777930782859855,7,45
2018-01-03,45.984720967197546,7,45
2018-01-04,48.57299848970038,7,45
2018-01-05,52.9303122226891,7,45
2018-01-06,56.432767758284314,7,45
2018-01-07,59.90858697488353,7,45
2018-01-08,36.81339991298173,7,45
2018-01-09,44.819077781624536,7,45
2018-01-10,46.02708873015566,7,45
2018-01-11,48.6207637693007,7,45
2018-01-12,52.98754911764143,7,45
2018-01-13,56.503352850649506,7,45
2018-01-14,59.99614214466306,7,45
2018-01-15,36.92127092020597,7,45
2018-01-16,44.950345249335996,7,45
2018-01-17,46.18460690610286,7,45
2018-01-18,48.80722142502415,7,45
2018-01-19,53.20554619525596,7,45
2018-01-20,56.75548600587305,7,45
2018-01-21,60.28509217290798,7,45
2018-01-22,37.24988518618953,7,45
2018-01-23,45.32170866192294,7,45
2018-01-24,46.60209566269177,7,45
2018-01-25,49.27453466784464,7,45
2018-01-26,53.726711832750205,7,45
2018-01-27,57.33483821548609,7,45
2018-01-28,60.927219461725464,7,45
2018-01-29,37.95954929714766,7,45
2018-01-30,46.1037360135652,7,45
2018-01-01,26.972789516159402,7,46
2018-01-02,32.45825032104891,7,46
2018-01-03,32.51205313799601,7,46
2018-01-04,35.41376790975345,7,46
2018-01-05,37.940372660819094,7,46
2018-01-06,40.43957163477424,7,46
2018-01-07,42.837339279901855,7,46
2018-01-08,26.492144274983737,7,46
2018-01-09,32.05031529396419,7,46
2018-01-10,32.19381623333235,7,46
2018-01-11,35.19991657836968,7,46
2018-01-12,37.84277344001683,7,46
2018-01-13,40.46685514401963,7,46
2018-01-14,42.99460181734137,7,46
2018-01-15,26.780773407089374,7,46
2018-01-16,32.467942909565146,7,46
2018-01-17,32.734398568765954,7,46
2018-01-18,35.853936827462036,7,46
2018-01-19,38.59755885860833,7,46
2018-01-20,41.306997148415014,7,46
2018-01-21,43.902464559630864,7,46
2018-01-22,27.737073769902,7,46
2018-01-23,33.45238287142139,7,46
2018-01-24,33.72632949741894,7,46
2018-01-25,36.83303450076065,7,46
2018-01-26,39.54448790214672,7,46
2018-01-27,42.204044115645885,7,46
2018-01-28,44.73412003572099,7,46
2018-01-29,28.49054561892431,7,46
2018-01-30,34.11802500311785,7,46
2018-01-01,11.002250483124246,7,47
2018-01-02,12.464580612432405,7,47
2018-01-03,12.703749473623288,7,47
2018-01-04,14.216025568349114,7,47
2018-01-05,14.767883406958333,7,47
2018-01-06,15.929311354959742,7,47
2018-01-07,17.010443967798548,7,47
2018-01-08,11.154636136419997,7,47
2018-01-09,12.594392747559326,7,47
2018-01-10,12.808169912205875,7,47
2018-01-11,14.292471100466582,7,47
2018-01-12,14.814038313442271,7,47
2018-01-13,15.943168400535793,7,47
2018-01-14,16.990352450326142,7,47
2018-01-15,11.09935513900708,7,47
2018-01-16,12.503147374585254,7,47
2018-01-17,12.6807080115926,7,47
2018-01-18,14.129117792200702,7,47
2018-01-19,14.61574556621045,7,47
2018-01-20,15.711556926795655,7,47
2018-01-21,16.727743325627905,7,47
2018-01-22,10.808788788906174,7,47
2018-01-23,12.188387905630071,7,47
2018-01-24,12.346231279262746,7,47
2018-01-25,13.780082086070058,7,47
2018-01-26,14.257944333520037,7,47
2018-01-27,15.351353533258616,7,47
2018-01-28,16.371988445828073,7,47
2018-01-29,10.464721609885192,7,47
2018-01-30,11.863522894091254,7,47
2018-01-01,25.120859488861957,7,48
2018-01-02,29.65321427410545,7,48
2018-01-03,28.98906169018984,7,48
2018-01-04,32.04293793701521,7,48
2018-01-05,34.6965275466987,7,48
2018-01-06,36.65226304112051,7,48
2018-01-07,39.632505457214684,7,48
2018-01-08,24.99300742848649,7,48
2018-01-09,29.344479596031015,7,48
2018-01-10,28.512837457457515,7,48
2018-01-11,31.41730159925605,7,48
2018-01-12,33.94365772338706,7,48
2018-01-13,35.79776456189355,7,48
2018-01-14,38.704661459472746,7,48
2018-01-15,24.02197902340002,7,48
2018-01-16,28.3614747627242,7,48
2018-01-17,27.549271385194736,7,48
2018-01-18,30.50397065374502,7,48
2018-01-19,33.109948572592145,7,48
2018-01-20,35.07091877731123,7,48
2018-01-21,38.109114149642785,7,48
2018-01-22,23.578787806665634,7,48
2018-01-23,28.087852713973817,7,48
2018-01-24,27.458234569200812,7,48
2018-01-25,30.604107575585992,7,48
2018-01-26,33.40531542301373,7,48
2018-01-27,35.561060828433696,7,48
2018-01-28,38.78921015895717,7,48
2018-01-29,24.439910917328163,7,48
2018-01-30,29.117338185042733,7,48
2018-01-01,13.047986172229571,7,49
2018-01-02,15.798591922265931,7,49
2018-01-03,15.58776724436102,7,49
2018-01-04,17.3224518674483,7,49
2018-01-05,18.363249579242797,7,49
2018-01-06,19.57261436413658,7,49
2018-01-07,20.456558577638624,7,49
2018-01-08,13.153296728385426,7,49
2018-01-09,15.955938372511755,7,49
2018-01-10,15.798768660342194,7,49
2018-01-11,17.587885019804794,7,49
2018-01-12,18.682943427837966,7,49
2018-01-13,19.945373315475315,7,49
2018-01-14,20.880117033228288,7,49
2018-01-15,13.624306585595274,7,49
2018-01-16,16.469990234664763,7,49
2018-01-17,16.350446590063413,7,49
2018-01-18,18.170853751125073,7,49
2018-01-19,19.290066063113805,7,49
2018-01-20,20.568856694090154,7,49
2018-01-21,21.51168119275801,7,49
2018-01-22,14.255374060735141,7,49
2018-01-23,17.091890373385823,7,49
2018-01-24,16.954629622344118,7,49
2018-01-25,18.74910903636321,7,49
2018-01-26,19.834738774062753,7,49
2018-01-27,21.073057173671806,7,49
2018-01-28,21.969481344187166,7,49
2018-01-29,14.661985400361756,7,49
2018-01-30,17.44381878018892,7,49
2018-01-01,28.94858473493168,7,50
2018-01-02,35.05075473096992,7,50
2018-01-03,35.152986326926566,7,50
2018-01-04,38.17244458220469,7,50
2018-01-05,40.90799365439202,7,50
2018-01-06,44.32333116978217,7,50
2018-01-07,47.412798714044236,7,50
2018-01-08,28.637944758038024,7,50
2018-01-09,34.778394280095554,7,50
2018-01-10,34.932086713597855,7,50
2018-01-11,38.0158369048096,7,50
2018-01-12,40.82774726270797,7,50
2018-01-13,44.330377364198256,7,50
2018-01-14,47.51659869532789,7,50
2018-01-15,28.8462094320524,7,50
2018-01-16,35.096861949863154,7,50
2018-01-17,35.36436300524784,7,50
2018-01-18,38.563299516750774,7,50
2018-01-19,41.489516348771694,7,50
2018-01-20,45.103350604563495,7,50
2018-01-21,48.3955484213821,7,50
2018-01-22,29.823937592120142,7,50
2018-01-23,36.16440727374886,7,50
2018-01-24,36.511253476048694,7,50
2018-01-25,39.77784222108333,7,50
2018-01-26,42.7591159698523,7,50
2018-01-27,46.414847266072734,7,50
2018-01-28,49.735565288193584,7,50
2018-01-29,31.17922859472967,7,50
2018-01-30,37.52219553519326,7,50
2018-01-01,18.00913695218636,8,1
2018-01-02,21.5423373655273,8,1
2018-01-03,21.361314534990925,8,1
2018-01-04,22.42754252392734,8,1
2018-01-05,25.11917591865742,8,1
2018-01-06,26.19762459149716,8,1
2018-01-07,28.569903256466183,8,1
2018-01-08,17.430363887724205,8,1
2018-01-09,20.962716490962045,8,1
2018-01-10,20.799339913682175,8,1
2018-01-11,21.901342806351277,8,1
2018-01-12,24.645991988022807,8,1
2018-01-13,25.793331004149593,8,1
2018-01-14,28.248585541043212,8,1
2018-01-15,17.203961866559258,8,1
2018-01-16,20.840741648867,8,1
2018-01-17,20.788672529688384,8,1
2018-01-18,22.006112150021387,8,1
2018-01-19,24.86754043572052,8,1
2018-01-20,26.130260519894318,8,1
2018-01-21,28.696882660498783,8,1
2018-01-22,17.757195182573,8,1
2018-01-23,21.490323881772298,8,1
2018-01-24,21.52417762241143,8,1
2018-01-25,22.815636500025093,8,1
2018-01-26,25.73809639159768,8,1
2018-01-27,27.048189652963416,8,1
2018-01-28,29.64827607747183,8,1
2018-01-29,18.728308276645194,8,1
2018-01-30,22.46797341006429,8,1
2018-01-01,49.062208718805316,8,2
2018-01-02,58.42744903493869,8,2
2018-01-03,58.43235666094018,8,2
2018-01-04,62.27167185458047,8,2
2018-01-05,67.66993984088441,8,2
2018-01-06,72.14891095681661,8,2
2018-01-07,77.54840110810794,8,2
2018-01-08,48.15308186045545,8,2
2018-01-09,57.49458090190097,8,2
2018-01-10,57.50600614373818,8,2
2018-01-11,61.382021361230926,8,2
2018-01-12,66.84624585924328,8,2
2018-01-13,71.41872720699394,8,2
2018-01-14,76.93689226542341,8,2
2018-01-15,47.68244253788249,8,2
2018-01-16,57.18357099616148,8,2
2018-01-17,57.36960988569183,8,2
2018-01-18,61.43123357615086,8,2
2018-01-19,67.08798515226448,8,2
2018-01-20,71.85587214522985,8,2
2018-01-21,77.56843323539522,8,2
2018-01-22,48.503738900300085,8,2
2018-01-23,58.18670052254974,8,2
2018-01-24,58.543795299688796,8,2
2018-01-25,62.76332939076158,8,2
2018-01-26,68.56300691801769,8,2
2018-01-27,73.45754972304758,8,2
2018-01-28,79.27976977118284,8,2
2018-01-29,50.30755779510824,8,2
2018-01-30,60.066163816278305,8,2
2018-01-01,30.769103777636712,8,3
2018-01-02,35.594130611592675,8,3
2018-01-03,36.39901551394449,8,3
2018-01-04,39.12716834669479,8,3
2018-01-05,42.063453312689,8,3
2018-01-06,44.51205606890038,8,3
2018-01-07,47.681456634044885,8,3
2018-01-08,30.621600211784894,8,3
2018-01-09,35.439864938718344,8,3
2018-01-10,36.24813103875853,8,3
2018-01-11,38.98988837973744,8,3
2018-01-12,41.94971504500751,8,3
2018-01-13,44.431184251655466,8,3
2018-01-14,47.641885233695874,8,3
2018-01-15,30.630648275230907,8,3
2018-01-16,35.503570843293886,8,3
2018-01-17,36.37114718912947,8,3
2018-01-18,39.175436312116055,8,3
2018-01-19,42.19959887688162,8,3
2018-01-20,44.74585853085342,8,3
2018-01-21,48.02057155237596,8,3
2018-01-22,31.071493567837592,8,3
2018-01-23,36.00383912516583,8,3
2018-01-24,36.92743564030992,8,3
2018-01-25,39.783906091939286,8,3
2018-01-26,42.856210874089236,8,3
2018-01-27,45.44660441237547,8,3
2018-01-28,48.76169095390953,8,3
2018-01-29,31.849669053091684,8,3
2018-01-30,36.816361589677,8,3
2018-01-01,16.877846672483038,8,4
2018-01-02,20.813349375502348,8,4
2018-01-03,20.159854041074677,8,4
2018-01-04,22.414976746088158,8,4
2018-01-05,23.935504392533893,8,4
2018-01-06,26.128383687933447,8,4
2018-01-07,27.580358806949004,8,4
2018-01-08,16.86143915481903,8,4
2018-01-09,20.808712577321327,8,4
2018-01-10,20.1711522147641,8,4
2018-01-11,22.44584268394855,8,4
2018-01-12,23.98890294819047,8,4
2018-01-13,26.206516383521336,8,4
2018-01-14,27.684610957992383,8,4
2018-01-15,16.992369343738524,8,4
2018-01-16,20.966082759509042,8,4
2018-01-17,20.353995300204264,8,4
2018-01-18,22.652563145826576,8,4
2018-01-19,24.217404909839885,8,4
2018-01-20,26.454352757532114,8,4
2018-01-21,27.9491465831407,8,4
2018-01-22,17.270950701441485,8,4
2018-01-23,21.256206761687558,8,4
2018-01-24,20.6534698202396,8,4
2018-01-25,22.959652406261995,8,4
2018-01-26,24.53095352320326,8,4
2018-01-27,26.77388311567188,8,4
2018-01-28,28.27492536960961,8,4
2018-01-29,17.60402152486941,8,4
2018-01-30,21.598387228086466,8,4
2018-01-01,16.01537982144138,8,5
2018-01-02,19.335884934089215,8,5
2018-01-03,19.17713669721097,8,5
2018-01-04,20.28207271719195,8,5
2018-01-05,22.478690229786917,8,5
2018-01-06,23.434376746944675,8,5
2018-01-07,24.74788907845736,8,5
2018-01-08,15.987490199945926,8,5
2018-01-09,19.23478505670628,8,5
2018-01-10,19.0094608538958,8,5
2018-01-11,20.056122714925625,8,5
2018-01-12,22.20410349860589,8,5
2018-01-13,23.121776237170632,8,5
2018-01-14,24.408525469259615,8,5
2018-01-15,15.632886813089307,8,5
2018-01-16,18.876395449989534,8,5
2018-01-17,18.658348375297415,8,5
2018-01-18,19.722670354257932,8,5
2018-01-19,21.897761212151085,8,5
2018-01-20,22.85085157839903,8,5
2018-01-21,24.180021879273927,8,5
2018-01-22,15.452392352287204,8,5
2018-01-23,18.748023137080324,8,5
2018-01-24,18.584727687723642,8,5
2018-01-25,19.70498788489605,8,5
2018-01-26,21.9358470146209,8,5
2018-01-27,22.9433064112542,8,5
2018-01-28,24.324379412773617,8,5
2018-01-29,15.645309464800134,8,5
2018-01-30,18.98549072313959,8,5
2018-01-01,49.58070987626764,8,6
2018-01-02,57.94785400514107,8,6
2018-01-03,57.90275324898127,8,6
2018-01-04,63.48801608779685,8,6
2018-01-05,67.07807707737636,8,6
2018-01-06,72.04402081896461,8,6
2018-01-07,78.08664028869073,8,6
2018-01-08,49.671567355514675,8,6
2018-01-09,57.93781530924893,8,6
2018-01-10,57.81422574426111,8,6
2018-01-11,63.34432591344334,8,6
2018-01-12,66.9025210968193,8,6
2018-01-13,71.85898659578565,8,6
2018-01-14,77.91281929391376,8,6
2018-01-15,49.52728280725583,8,6
2018-01-16,57.83848168905119,8,6
2018-01-17,57.771952274039805,8,6
2018-01-18,63.36767125995817,8,6
2018-01-19,66.99640145886346,8,6
2018-01-20,72.02473427549512,8,6
2018-01-21,78.14838401493925,8,6
2018-01-22,49.82756355844008,8,6
2018-01-23,58.195772879186364,8,6
2018-01-24,58.17648458802667,8,6
2018-01-25,63.808224910405684,8,6
2018-01-26,67.46096759491068,8,6
2018-01-27,72.50119919566738,8,6
2018-01-28,78.62521054728401,8,6
2018-01-29,50.29444452370159,8,6
2018-01-30,58.64423290116713,8,6
2018-01-01,47.37404009667543,8,7
2018-01-02,57.48935121763667,8,7
2018-01-03,56.85403127199989,8,7
2018-01-04,60.895434490179284,8,7
2018-01-05,65.50121588850938,8,7
2018-01-06,70.13414791192886,8,7
2018-01-07,75.75146126195517,8,7
2018-01-08,47.11202444818043,8,7
2018-01-09,57.23226418520325,8,7
2018-01-10,56.62254504132733,8,7
2018-01-11,60.710755246475586,8,7
2018-01-12,65.38428412639587,8,7
2018-01-13,70.10488205295786,8,7
2018-01-14,75.8280654986758,8,7
2018-01-15,47.31037927386256,8,7
2018-01-16,57.5654151427603,8,7
2018-01-17,57.10030193013405,8,7
2018-01-18,61.33941045701329,8,7
2018-01-19,66.16645504170538,8,7
2018-01-20,71.03947866699434,8,7
2018-01-21,76.91038066841513,8,7
2018-01-22,48.53229544551079,8,7
2018-01-23,58.915718077413075,8,7
2018-01-24,58.565088983906286,8,7
2018-01-25,62.902578430688784,8,7
2018-01-26,67.81025056440112,8,7
2018-01-27,72.74509257322373,8,7
2018-01-28,78.65856689457054,8,7
2018-01-29,50.303994635743756,8,7
2018-01-30,60.69266633867419,8,7
2018-01-01,63.2734804945586,8,8
2018-01-02,76.88873553645857,8,8
2018-01-03,76.80463104027965,8,8
2018-01-04,82.85936252350436,8,8
2018-01-05,89.02561117717416,8,8
2018-01-06,95.49156704173791,8,8
2018-01-07,102.01305330750084,8,8
2018-01-08,63.04481439216927,8,8
2018-01-09,76.54102961916432,8,8
2018-01-10,76.36962535769479,8,8
2018-01-11,82.37214419050824,8,8
2018-01-12,88.52338941368228,8,8
2018-01-13,95.01243634074284,8,8
2018-01-14,101.59477887636612,8,8
2018-01-15,62.7236726169382,8,8
2018-01-16,76.35073404557545,8,8
2018-01-17,76.34036564550459,8,8
2018-01-18,82.52976176633166,8,8
2018-01-19,88.8887092404997,8,8
2018-01-20,95.60076945862085,8,8
2018-01-21,102.41560529179588,8,8
2018-01-22,63.78050886520279,8,8
2018-01-23,77.64118447588677,8,8
2018-01-24,77.85635131849976,8,8
2018-01-25,84.25791595773481,8,8
2018-01-26,90.81092403684455,8,8
2018-01-27,97.69487393807023,8,8
2018-01-28,104.65615239922359,8,8
2018-01-29,66.13964541328103,8,8
2018-01-30,80.08957678346546,8,8
2018-01-01,43.96221482270022,8,9
2018-01-02,52.31734026855537,8,9
2018-01-03,51.90236332152041,8,9
2018-01-04,56.12083261754992,8,9
2018-01-05,60.92585828982828,8,9
2018-01-06,63.83425989175322,8,9
2018-01-07,69.18692212691121,8,9
2018-01-08,43.89186513368032,8,9
2018-01-09,52.17058886750371,8,9
2018-01-10,51.70339456034654,8,9
2018-01-11,55.895221535288954,8,9
2018-01-12,60.69963702457942,8,9
2018-01-13,63.63301577745879,8,9
2018-01-14,69.03495229241415,8,9
2018-01-15,43.81141007387561,8,9
2018-01-16,52.18116453859454,8,9
2018-01-17,51.821239160612066,8,9
2018-01-18,56.13286936939254,8,9
2018-01-19,61.06562783100868,8,9
2018-01-20,64.13174373884517,8,9
2018-01-21,69.66665477145224,8,9
2018-01-22,44.57229203738622,8,9
2018-01-23,53.06365076735265,8,9
2018-01-24,52.814342791822995,8,9
2018-01-25,57.222662182773256,8,9
2018-01-26,62.235795043637864,8,9
2018-01-27,65.36420398962323,8,9
2018-01-28,70.94222449464259,8,9
2018-01-29,45.87137258508652,8,9
2018-01-30,54.36691644493146,8,9
2018-01-01,60.91883697915929,8,10
2018-01-02,71.55177429643399,8,10
2018-01-03,72.067710786274,8,10
2018-01-04,77.23889970549074,8,10
2018-01-05,83.04572696564009,8,10
2018-01-06,88.90601875133939,8,10
2018-01-07,94.180313138336,8,10
2018-01-08,59.259348410872384,8,10
2018-01-09,69.8411124730033,8,10
2018-01-10,70.35913389724529,8,10
2018-01-11,75.58607631427643,8,10
2018-01-12,81.50117290162723,8,10
2018-01-13,87.51961754741532,8,10
2018-01-14,92.99795737656157,8,10
2018-01-15,58.32173514342137,8,10
2018-01-16,69.1827209002467,8,10
2018-01-17,70.0074078647825,8,10
2018-01-18,75.5608280936935,8,10
2018-01-19,81.81421832530128,8,10
2018-01-20,88.17464604815433,8,10
2018-01-21,93.99063402180397,8,10
2018-01-22,59.64002551905738,8,10
2018-01-23,70.80742386058043,8,10
2018-01-24,71.912875864675,8,10
2018-01-25,77.71585019613975,8,10
2018-01-26,84.18303713677115,8,10
2018-01-27,90.71807686930966,8,10
2018-01-28,96.66725246601226,8,10
2018-01-29,62.4073887912096,8,10
2018-01-30,73.62329079945704,8,10
2018-01-01,56.37625965154435,8,11
2018-01-02,67.58968050264846,8,11
2018-01-03,66.55585002892565,8,11
2018-01-04,72.68344627992823,8,11
2018-01-05,77.82528848698448,8,11
2018-01-06,83.29061128383901,8,11
2018-01-07,88.94423036430122,8,11
2018-01-08,55.073812605230664,8,11
2018-01-09,66.32709462748764,8,11
2018-01-10,65.37626434686663,8,11
2018-01-11,71.62942631737229,8,11
2018-01-12,76.93739685167967,8,11
2018-01-13,82.60607375277539,8,11
2018-01-14,88.4957357775242,8,11
2018-01-15,54.888480322825515,8,11
2018-01-16,66.42563783844591,8,11
2018-01-17,65.77237129191141,8,11
2018-01-18,72.3293746844692,8,11
2018-01-19,77.93990943207146,8,11
2018-01-20,83.90241611337973,8,11
2018-01-21,90.07004943316701,8,11
2018-01-22,56.71833788584191,8,11
2018-01-23,68.48280009342515,8,11
2018-01-24,68.0237202689367,8,11
2018-01-25,74.73799176091546,8,11
2018-01-26,80.46626341556288,8,11
2018-01-27,86.50562326679365,8,11
2018-01-28,92.70916556845798,8,11
2018-01-29,59.353642033501146,8,11
2018-01-30,71.0770298460297,8,11
2018-01-01,56.494287596130135,8,12
2018-01-02,67.40464792393881,8,12
2018-01-03,66.08673342445115,8,12
2018-01-04,71.9082962081865,8,12
2018-01-05,78.82676696738035,8,12
2018-01-06,82.90340756904527,8,12
2018-01-07,87.31437443384846,8,12
2018-01-08,54.632948902645694,8,12
2018-01-09,65.55141757317247,8,12
2018-01-10,64.29180847859493,8,12
2018-01-11,70.22089043878563,8,12
2018-01-12,77.29371371680236,8,12
2018-01-13,81.56788261269658,8,12
2018-01-14,86.21477104863698,8,12
2018-01-15,53.80193207300899,8,12
2018-01-16,65.01517835637617,8,12
2018-01-17,64.06953319485908,8,12
2018-01-18,70.32445273533058,8,12
2018-01-19,77.7275908805864,8,12
2018-01-20,82.32929096275862,8,12
2018-01-21,87.2940090175393,8,12
2018-01-22,55.18291385609016,8,12
2018-01-23,66.6761359297837,8,12
2018-01-24,65.98386020420412,8,12
2018-01-25,72.46166035252621,8,12
2018-01-26,80.05434328985288,8,12
2018-01-27,84.81048672469771,8,12
2018-01-28,89.89387418264891,8,12
2018-01-29,57.866073354335626,8,12
2018-01-30,69.40863139582906,8,12
2018-01-01,69.50144018433937,8,13
2018-01-02,83.86158026134308,8,13
2018-01-03,82.56703042076907,8,13
2018-01-04,88.08129522556956,8,13
2018-01-05,95.55626940593794,8,13
2018-01-06,102.6271850356945,8,13
2018-01-07,109.22436709228259,8,13
2018-01-08,68.19949888332025,8,13
2018-01-09,82.52298546227664,8,13
2018-01-10,81.23758057564126,8,13
2018-01-11,86.80674481721034,8,13
2018-01-12,94.38089871583975,8,13
2018-01-13,101.59248070960838,8,13
2018-01-14,108.36784770594997,8,13
2018-01-15,67.55371441618159,8,13
2018-01-16,82.11471359960773,8,13
2018-01-17,81.08723627325514,8,13
2018-01-18,86.92801276820904,8,13
2018-01-19,94.78059146662002,8,13
2018-01-20,102.27061837749417,8,13
2018-01-21,109.31794875552542,8,13
2018-01-22,68.76328093269916,8,13
2018-01-23,83.56588912930587,8,13
2018-01-24,82.75760971635535,8,13
2018-01-25,88.79153813865966,8,13
2018-01-26,96.80859065428393,8,13
2018-01-27,104.43283243033856,8,13
2018-01-28,111.58360265752295,8,13
2018-01-29,71.10212739432878,8,13
2018-01-30,85.94919847859347,8,13
2018-01-01,46.848748835231746,8,14
2018-01-02,57.07140148773614,8,14
2018-01-03,57.4155941151284,8,14
2018-01-04,63.30014906056587,8,14
2018-01-05,66.18788146200023,8,14
2018-01-06,71.42685065576839,8,14
2018-01-07,76.50328936910923,8,14
2018-01-08,46.76904959680095,8,14
2018-01-09,56.98550629475437,8,14
2018-01-10,57.34570421564189,8,14
2018-01-11,63.26877664887148,8,14
2018-01-12,66.21693498334012,8,14
2018-01-13,71.53678294821088,8,14
2018-01-14,76.71233347988985,8,14
2018-01-15,47.092563759830945,8,14
2018-01-16,57.43544563421658,8,14
2018-01-17,57.93023237781191,8,14
2018-01-18,63.99202589107436,8,14
2018-01-19,67.07891841408801,8,14
2018-01-20,72.53345775708685,8,14
2018-01-21,77.83580926906185,8,14
2018-01-22,48.331445625490936,8,14
2018-01-23,58.77529758128946,8,14
2018-01-24,59.354143093282616,8,14
2018-01-25,65.48125595741513,8,14
2018-01-26,68.61360578828625,8,14
2018-01-27,74.09335683749164,8,14
2018-01-28,79.40103815031507,8,14
2018-01-29,49.883216222232925,8,14
2018-01-30,60.296604161407345,8,14
2018-01-01,72.32884827685776,8,15
2018-01-02,87.13500920783888,8,15
2018-01-03,87.3915830303707,8,15
2018-01-04,94.43430472392686,8,15
2018-01-05,101.05532219216573,8,15
2018-01-06,107.78726557651959,8,15
2018-01-07,115.79189708986917,8,15
2018-01-08,72.36700002522974,8,15
2018-01-09,86.99520096046973,8,15
2018-01-10,87.1041205028822,8,15
2018-01-11,94.0337952334053,8,15
2018-01-12,100.57946215300433,8,15
2018-01-13,107.27560510328345,8,15
2018-01-14,115.28461431427363,8,15
2018-01-15,71.90371648650151,8,15
2018-01-16,86.61386740572311,8,15
2018-01-17,86.83999971208408,8,15
2018-01-18,93.91856513944172,8,15
2018-01-19,100.64045866894975,8,15
2018-01-20,107.53521980004413,8,15
2018-01-21,115.75985753933043,8,15
2018-01-22,72.60595179688173,8,15
2018-01-23,87.548718441099,8,15
2018-01-24,88.00742597208372,8,15
2018-01-25,95.31309868416368,8,15
2018-01-26,102.25158963706116,8,15
2018-01-27,109.34791494603867,8,15
2018-01-28,117.7551928084867,8,15
2018-01-29,74.76183737038536,8,15
2018-01-30,89.84069273518995,8,15
2018-01-01,21.436652730132444,8,16
2018-01-02,25.612219059066298,8,16
2018-01-03,25.686920051521398,8,16
2018-01-04,27.693429177469458,8,16
2018-01-05,29.221127755746537,8,16
2018-01-06,31.468820461384592,8,16
2018-01-07,33.972595497926925,8,16
2018-01-08,20.66102519908412,8,16
2018-01-09,24.809245838901624,8,16
2018-01-10,24.879872058064002,8,16
2018-01-11,26.905767717741377,8,16
2018-01-12,28.47585024029344,8,16
2018-01-13,30.787840370589365,8,16
2018-01-14,33.376172278469184,8,16
2018-01-15,20.167257976731157,8,16
2018-01-16,24.43364270917309,8,16
2018-01-17,24.635004325113407,8,16
2018-01-18,26.801015863821185,8,16
2018-01-19,28.51724570175642,8,16
2018-01-20,30.97800444707079,8,16
2018-01-21,33.714350788993784,8,16
2018-01-22,20.649447672599404,8,16
2018-01-23,25.05280303102476,8,16
2018-01-24,25.38134591066556,8,16
2018-01-25,27.66235533170316,8,16
2018-01-26,29.479414698280948,8,16
2018-01-27,32.02529978413104,8,16
2018-01-28,34.830011742531944,8,16
2018-01-29,21.816146167632333,8,16
2018-01-30,26.253132505554994,8,16
2018-01-01,26.232221312512596,8,17
2018-01-02,31.739062729213522,8,17
2018-01-03,31.758961118139446,8,17
2018-01-04,33.941570312705444,8,17
2018-01-05,36.95163330151688,8,17
2018-01-06,39.542371951538215,8,17
2018-01-07,41.34081422274245,8,17
2018-01-08,25.95591026413727,8,17
2018-01-09,31.42754675594414,8,17
2018-01-10,31.42860999467021,8,17
2018-01-11,33.60991355438953,8,17
2018-01-12,36.63675029334416,8,17
2018-01-13,39.26228111445725,8,17
2018-01-14,41.112878619048104,8,17
2018-01-15,25.796276358631363,8,17
2018-01-16,31.3506319067859,8,17
2018-01-17,31.446652684324476,8,17
2018-01-18,33.73259843012094,8,17
2018-01-19,36.87091782750318,8,17
2018-01-20,39.61172917954064,8,17
2018-01-21,41.57826057542587,8,17
2018-01-22,26.37509744806582,8,17
2018-01-23,32.03734291429275,8,17
2018-01-24,32.232837050587506,8,17
2018-01-25,34.607246347591605,8,17
2018-01-26,37.82077840620719,8,17
2018-01-27,40.621729594006275,8,17
2018-01-28,42.63197925805493,8,17
2018-01-29,27.45527693147118,8,17
2018-01-30,33.12642687920293,8,17
2018-01-01,68.30653475986315,8,18
2018-01-02,82.05527107529181,8,18
2018-01-03,81.88796860867663,8,18
2018-01-04,89.0378140660305,8,18
2018-01-05,96.94422422941767,8,18
2018-01-06,103.38072535398227,8,18
2018-01-07,109.34740480942038,8,18
2018-01-08,68.26745283554823,8,18
2018-01-09,81.87237965639359,8,18
2018-01-10,81.5867500668667,8,18
2018-01-11,88.64663244929676,8,18
2018-01-12,96.49331751416197,8,18
2018-01-13,102.90122329470671,8,18
2018-01-14,108.87039737049399,8,18
2018-01-15,67.82313150350402,8,18
2018-01-16,81.48927074369143,8,18
2018-01-17,81.29105554257791,8,18
2018-01-18,88.46168997532655,8,18
2018-01-19,96.43918735336372,8,18
2018-01-20,102.99440570142286,8,18
2018-01-21,109.12368009777221,8,18
2018-01-22,68.24556326853573,8,18
2018-01-23,82.08625299344143,8,18
2018-01-24,82.06454173549172,8,18
2018-01-25,89.41047892848016,8,18
2018-01-26,97.55929504977824,8,18
2018-01-27,104.27949836198836,8,18
2018-01-28,110.56555031219843,8,18
2018-01-29,69.83463057128219,8,18
2018-01-30,83.8120704391903,8,18
2018-01-01,34.052963181533656,8,19
2018-01-02,41.34669365079096,8,19
2018-01-03,41.00326567086365,8,19
2018-01-04,45.59032372989027,8,19
2018-01-05,47.74475234658881,8,19
2018-01-06,51.67811110095716,8,19
2018-01-07,54.526231830824216,8,19
2018-01-08,34.20120977089953,8,19
2018-01-09,41.34998833692619,8,19
2018-01-10,40.87177070352815,8,19
2018-01-11,45.337344513444364,8,19
2018-01-12,47.38626390876891,8,19
2018-01-13,51.232256521791726,8,19
2018-01-14,54.01280538545841,8,19
2018-01-15,33.64113714966302,8,19
2018-01-16,40.76481563000429,8,19
2018-01-17,40.28317291166895,8,19
2018-01-18,44.7666632033211,8,19
2018-01-19,46.854082317161996,8,19
2018-01-20,50.758018967367335,8,19
2018-01-21,53.61448631945293,8,19
2018-01-22,33.33496360976601,8,19
2018-01-23,40.565045304230686,8,19
2018-01-24,40.20192850762449,8,19
2018-01-25,44.81382239726332,8,19
2018-01-26,47.03722125627327,8,19
2018-01-27,51.08240615075184,8,19
2018-01-28,54.08312270666027,8,19
2018-01-29,33.948664022924405,8,19
2018-01-30,41.32255560359785,8,19
2018-01-01,40.13980678708937,8,20
2018-01-02,48.434720966766314,8,20
2018-01-03,48.170598110874636,8,20
2018-01-04,51.36549606290551,8,20
2018-01-05,55.111307773548035,8,20
2018-01-06,59.00631369212194,8,20
2018-01-07,62.779582005102625,8,20
2018-01-08,39.36121159732366,8,20
2018-01-09,47.52788555174334,8,20
2018-01-10,47.167887042662926,8,20
2018-01-11,50.30193705781421,8,20
2018-01-12,54.02351481098107,8,20
2018-01-13,57.931400932572345,8,20
2018-01-14,61.75409772225938,8,20
2018-01-15,38.42012021079776,8,20
2018-01-16,46.703623985362164,8,20
2018-01-17,46.48951910246793,8,20
2018-01-18,49.79442639701425,8,20
2018-01-19,53.7071334230952,8,20
2018-01-20,57.82128608987293,8,20
2018-01-21,61.85996597276469,8,20
2018-01-22,38.74614258080045,8,20
2018-01-23,47.24846203398249,8,20
2018-01-24,47.2465170577355,8,20
2018-01-25,50.75195039434185,8,20
2018-01-26,54.84904497417467,8,20
2018-01-27,59.12753343976635,8,20
2018-01-28,63.307274038797104,8,20
2018-01-29,40.308779790071775,8,20
2018-01-30,48.89906063535537,8,20
2018-01-01,33.19417263434457,8,21
2018-01-02,39.524659688497636,8,21
2018-01-03,39.933877575892204,8,21
2018-01-04,43.39601215714082,8,21
2018-01-05,46.2516568308959,8,21
2018-01-06,49.29426210229374,8,21
2018-01-07,52.90799860918466,8,21
2018-01-08,33.81181150924873,8,21
2018-01-09,40.01221909441743,8,21
2018-01-10,40.297590307723475,8,21
2018-01-11,43.64625988822819,8,21
2018-01-12,46.402414331663664,8,21
2018-01-13,49.36247411233494,8,21
2018-01-14,52.9129084931283,8,21
2018-01-15,33.7742615114265,8,21
2018-01-16,39.953942143367286,8,21
2018-01-17,40.24051291927428,8,21
2018-01-18,43.611834793638096,8,21
2018-01-19,46.411000053960215,8,21
2018-01-20,49.4327768744363,8,21
2018-01-21,53.06149962777298,8,21
2018-01-22,34.015181020877606,8,21
2018-01-23,40.29839630581296,8,21
2018-01-24,40.69667093508879,8,21
2018-01-25,44.18472649651671,8,21
2018-01-26,47.102513759518295,8,21
2018-01-27,50.2417535884753,8,21
2018-01-28,53.98391716132052,8,21
2018-01-29,35.044419137151735,8,21
2018-01-30,41.42557191207761,8,21
2018-01-01,66.555534130261,8,22
2018-01-02,80.6594653881744,8,22
2018-01-03,79.47607375789939,8,22
2018-01-04,85.44596752514626,8,22
2018-01-05,91.88870102827212,8,22
2018-01-06,99.67996476324069,8,22
2018-01-07,105.27830454775759,8,22
2018-01-08,65.79656869249592,8,22
2018-01-09,79.79857103703428,8,22
2018-01-10,78.55511561446176,8,22
2018-01-11,84.50853472849685,8,22
2018-01-12,90.97871004585767,8,22
2018-01-13,98.84032006173905,8,22
2018-01-14,104.5496516271666,8,22
2018-01-15,65.21617083904842,8,22
2018-01-16,79.39933673651414,8,22
2018-01-17,78.36479853048205,8,22
2018-01-18,84.54912263471277,8,22
2018-01-19,91.26601327633243,8,22
2018-01-20,99.38376407057494,8,22
2018-01-21,105.35227230169912,8,22
2018-01-22,66.2748054491875,8,22
2018-01-23,80.7049979901507,8,22
2018-01-24,79.90321427566391,8,22
2018-01-25,86.30141944077559,8,22
2018-01-26,93.20951853836499,8,22
2018-01-27,101.49289850829496,8,22
2018-01-28,107.599502817255,8,22
2018-01-29,68.6316273168017,8,22
2018-01-30,83.14291526917563,8,22
2018-01-01,24.638784824047793,8,23
2018-01-02,28.847796668873045,8,23
2018-01-03,28.803947025679783,8,23
2018-01-04,31.30877034002151,8,23
2018-01-05,34.167142832805766,8,23
2018-01-06,35.923725445538246,8,23
2018-01-07,38.31141502715349,8,23
2018-01-08,25.102073067898328,8,23
2018-01-09,29.272442160113513,8,23
2018-01-10,29.19580519423589,8,23
2018-01-11,31.674703059018448,8,23
2018-01-12,34.51469288082957,8,23
2018-01-13,36.260791193309736,8,23
2018-01-14,38.64593441261383,8,23
2018-01-15,25.441725368377718,8,23
2018-01-16,29.624375300990877,8,23
2018-01-17,29.566395377731087,8,23
2018-01-18,32.06935238194288,8,23
2018-01-19,34.937669372112396,8,23
2018-01-20,36.71511437480707,8,23
2018-01-21,39.13330811015326,8,23
2018-01-22,25.962518110534127,8,23
2018-01-23,30.17764728137616,8,23
2018-01-24,30.14996965602933,8,23
2018-01-25,32.679926796850765,8,23
2018-01-26,35.57096456376048,8,23
2018-01-27,37.366052394814915,8,23
2018-01-28,39.79621535261243,8,23
2018-01-29,26.63134574796909,8,23
2018-01-30,30.846202042185727,8,23
2018-01-01,54.75043192319866,8,24
2018-01-02,65.91155869076925,8,24
2018-01-03,65.89806255529945,8,24
2018-01-04,69.5877285836275,8,24
2018-01-05,77.06906819757634,8,24
2018-01-06,82.92959107993995,8,24
2018-01-07,87.39740552458872,8,24
2018-01-08,55.056656393189456,8,24
2018-01-09,66.01310609678535,8,24
2018-01-10,65.80798056371735,8,24
2018-01-11,69.3237344334528,8,24
2018-01-12,76.65280359627184,8,24
2018-01-13,82.385835009446,8,24
2018-01-14,86.75326710195873,8,24
2018-01-15,54.34076928531734,8,24
2018-01-16,65.25484479200145,8,24
2018-01-17,65.03671711279875,8,24
2018-01-18,68.56815214887203,8,24
2018-01-19,75.94028172275262,8,24
2018-01-20,81.74191562876959,8,24
2018-01-21,86.20121260396382,8,24
2018-01-22,53.90121571124992,8,24
2018-01-23,64.94555333161071,8,24
2018-01-24,64.87242309372922,8,24
2018-01-25,68.5605080848051,8,24
2018-01-26,76.0978884539165,8,24
2018-01-27,82.07043336614228,8,24
2018-01-28,86.70354182251589,8,24
2018-01-29,54.57773637909709,8,24
2018-01-30,65.79440992698282,8,24
2018-01-01,67.00033401036987,8,25
2018-01-02,78.82127317324773,8,25
2018-01-03,80.1144935892558,8,25
2018-01-04,86.59484678611243,8,25
2018-01-05,92.80114065567975,8,25
2018-01-06,98.85211863163349,8,25
2018-01-07,105.35394734934856,8,25
2018-01-08,65.96715301881903,8,25
2018-01-09,77.57212000759218,8,25
2018-01-10,78.705051589171,8,25
2018-01-11,85.08548324974788,8,25
2018-01-12,91.25499086612733,8,25
2018-01-13,97.33315227811048,8,25
2018-01-14,103.92506933870739,8,25
2018-01-15,64.68838876318145,8,25
2018-01-16,76.49893207041362,8,25
2018-01-17,77.8868301827932,8,25
2018-01-18,84.56424762819958,8,25
2018-01-19,91.06433231328285,8,25
2018-01-20,97.49744232762238,8,25
2018-01-21,104.45894928254195,8,25
2018-01-22,65.59654861341059,8,25
2018-01-23,77.77617915642031,8,25
2018-01-24,79.51843969928086,8,25
2018-01-25,86.52657991621575,8,25
2018-01-26,93.32569464656967,8,25
2018-01-27,100.01916667902566,8,25
2018-01-28,107.19665210970469,8,25
2018-01-29,68.5015342759963,8,25
2018-01-30,80.79694525007545,8,25
2018-01-01,39.278467815976015,8,26
2018-01-02,46.63315036116087,8,26
2018-01-03,46.244555162386106,8,26
2018-01-04,50.216388374396324,8,26
2018-01-05,53.437809103982886,8,26
2018-01-06,57.25427933385238,8,26
2018-01-07,62.122551208084204,8,26
2018-01-08,38.47749593912005,8,26
2018-01-09,45.81630037161607,8,26
2018-01-10,45.4423428819506,8,26
2018-01-11,49.45971671636673,8,26
2018-01-12,52.75698109311815,8,26
2018-01-13,56.67805171573257,8,26
2018-01-14,61.67725447801504,8,26
2018-01-15,38.18624444953306,8,26
2018-01-16,45.69831338300135,8,26
2018-01-17,45.51239408954662,8,26
2018-01-18,49.72772600320171,8,26
2018-01-19,53.227758139430996,8,26
2018-01-20,57.35119674586472,8,26
2018-01-21,62.547216972240065,8,26
2018-01-22,39.24253620857054,8,26
2018-01-23,46.92586803296413,8,26
2018-01-24,46.89206106572374,8,26
2018-01-25,51.236883367535796,8,26
2018-01-26,54.841025362419145,8,26
2018-01-27,59.04122590969097,8,26
2018-01-28,64.28553879237741,8,26
2018-01-29,41.000435886378376,8,26
2018-01-30,48.675265267515854,8,26
2018-01-01,18.638589535990697,8,27
2018-01-02,21.619614534434284,8,27
2018-01-03,22.53770924660723,8,27
2018-01-04,23.68122512938349,8,27
2018-01-05,25.05219817185824,8,27
2018-01-06,27.00513151658814,8,27
2018-01-07,29.078329132202175,8,27
2018-01-08,18.295143675950637,8,27
2018-01-09,21.298677453002142,8,27
2018-01-10,22.251748921071567,8,27
2018-01-11,23.441650310276195,8,27
2018-01-12,24.86897510723995,8,27
2018-01-13,26.886458629257756,8,27
2018-01-14,29.030378408408005,8,27
2018-01-15,18.321875319515744,8,27
2018-01-16,21.40173199947799,8,27
2018-01-17,22.43041856611486,8,27
2018-01-18,23.692928756853824,8,27
2018-01-19,25.187682851885782,8,27
2018-01-20,27.265438356393638,8,27
2018-01-21,29.460753110082845,8,27
2018-01-22,18.793359962229935,8,27
2018-01-23,21.902988071191714,8,27
2018-01-24,22.949439692715117,8,27
2018-01-25,24.21744480921058,8,27
2018-01-26,25.705569587530285,8,27
2018-01-27,27.765119661273843,8,27
2018-01-28,29.931583316718793,8,27
2018-01-29,19.22597450600682,8,27
2018-01-30,22.28961187388807,8,27
2018-01-01,71.36476119140998,8,28
2018-01-02,85.96757442094662,8,28
2018-01-03,86.61533749916784,8,28
2018-01-04,94.10652404729564,8,28
2018-01-05,100.91466821460426,8,28
2018-01-06,108.12717779895534,8,28
2018-01-07,115.11130500089922,8,28
2018-01-08,71.84657872202408,8,28
2018-01-09,86.41377532214095,8,28
2018-01-10,87.04693067384454,8,28
2018-01-11,94.54540877836719,8,28
2018-01-12,101.38262801191625,8,28
2018-01-13,108.64493784261337,8,28
2018-01-14,115.69768003376228,8,28
2018-01-15,72.51773477292816,8,28
2018-01-16,87.182624578369,8,28
2018-01-17,87.92267429894866,8,28
2018-01-18,95.53323761810975,8,28
2018-01-19,102.48358609798137,8,28
2018-01-20,109.8559485294715,8,28
2018-01-21,117.01172964057163,8,28
2018-01-22,73.92420388252353,8,28
2018-01-23,88.66775280812689,8,28
2018-01-24,89.47014051123824,8,28
2018-01-25,97.12483429365169,8,28
2018-01-26,104.0999640286228,8,28
2018-01-27,111.47740616987585,8,28
2018-01-28,118.61902042171604,8,28
2018-01-29,75.49933456558986,8,28
2018-01-30,90.19474652494897,8,28
2018-01-01,57.046911254971015,8,29
2018-01-02,67.59080790926845,8,29
2018-01-03,67.74532040655643,8,29
2018-01-04,72.8854054038641,8,29
2018-01-05,78.8676731369024,8,29
2018-01-06,84.17783313117717,8,29
2018-01-07,90.41307087117974,8,29
2018-01-08,56.80722342063711,8,29
2018-01-09,67.26576105691124,8,29
2018-01-10,67.35657075468036,8,29
2018-01-11,72.45702882399858,8,29
2018-01-12,78.4253531275021,8,29
2018-01-13,83.74805732246256,8,29
2018-01-14,90.02235604640751,8,29
2018-01-15,56.48138725872283,8,29
2018-01-16,67.02925661659702,8,29
2018-01-17,67.2318972134594,8,29
2018-01-18,72.46422923298876,8,29
2018-01-19,78.58160703898334,8,29
2018-01-20,84.06737317187333,8,29
2018-01-21,90.51536521690622,8,29
2018-01-22,57.155238901157304,8,29
2018-01-23,67.88760962326967,8,29
2018-01-24,68.2750033107145,8,29
2018-01-25,73.68909903116459,8,29
2018-01-26,79.98224909858229,8,29
2018-01-27,85.635094753569,8,29
2018-01-28,92.23912239333042,8,29
2018-01-29,59.022023139619236,8,29
2018-01-30,69.88285778422022,8,29
2018-01-01,32.158995989010066,8,30
2018-01-02,39.40380335099444,8,30
2018-01-03,39.27474892487804,8,30
2018-01-04,42.385422553702426,8,30
2018-01-05,45.24995834477471,8,30
2018-01-06,49.0724901348989,8,30
2018-01-07,51.03442384571983,8,30
2018-01-08,32.149457248275596,8,30
2018-01-09,39.318575803160016,8,30
2018-01-10,39.122320226291876,8,30
2018-01-11,42.17579688847123,8,30
2018-01-12,44.994238583427844,8,30
2018-01-13,48.78246917757031,8,30
2018-01-14,50.722196420684725,8,30
2018-01-15,31.827062160527387,8,30
2018-01-16,38.99767711321369,8,30
2018-01-17,38.81393414357116,8,30
2018-01-18,41.890069340073765,8,30
2018-01-19,44.74027653065521,8,30
2018-01-20,48.56822685537258,8,30
2018-01-21,50.554415829737735,8,30
2018-01-22,31.71126539956364,8,30
2018-01-23,38.93820655363582,8,30
2018-01-24,38.81403505799457,8,30
2018-01-25,41.95200844185665,8,30
2018-01-26,44.86548898669792,8,30
2018-01-27,48.757483722018215,8,30
2018-01-28,50.80800353703967,8,30
2018-01-29,32.02916887867671,8,30
2018-01-30,39.320287850342055,8,30
2018-01-01,47.82521016760915,8,31
2018-01-02,57.4053988725601,8,31
2018-01-03,57.85213773944874,8,31
2018-01-04,62.37273167768223,8,31
2018-01-05,66.29087024410117,8,31
2018-01-06,70.86888063145066,8,31
2018-01-07,76.10061452642279,8,31
2018-01-08,46.622643716730664,8,31
2018-01-09,56.25907666317694,8,31
2018-01-10,56.79730910799782,8,31
2018-01-11,61.44201603170957,8,31
2018-01-12,65.51327690568293,8,31
2018-01-13,70.26897448559434,8,31
2018-01-14,75.69784869942389,8,31
2018-01-15,46.430875118042856,8,31
2018-01-16,56.28627446954083,8,31
2018-01-17,57.04546032615432,8,31
2018-01-18,61.90722631508807,8,31
2018-01-19,66.18605899886484,8,31
2018-01-20,71.1347111887715,8,31
2018-01-21,76.73741224274481,8,31
2018-01-22,47.621380446740986,8,31
2018-01-23,57.60194028989477,8,31
2018-01-24,58.45854893906132,8,31
2018-01-25,63.38903134649131,8,31
2018-01-26,67.70790916243068,8,31
2018-01-27,72.6689582082815,8,31
2018-01-28,78.2583720001346,8,31
2018-01-29,49.10619827608258,8,31
2018-01-30,59.031354031423675,8,31
2018-01-01,34.89965464028572,8,32
2018-01-02,42.85556697880802,8,32
2018-01-03,43.62919132601759,8,32
2018-01-04,47.94041336486689,8,32
2018-01-05,50.050551602469795,8,32
2018-01-06,53.69228501491112,8,32
2018-01-07,57.60253083476644,8,32
2018-01-08,34.63351355640856,8,32
2018-01-09,42.532674568500894,8,32
2018-01-10,43.282582342877404,8,32
2018-01-11,47.603622140949874,8,32
2018-01-12,49.75642624620497,8,32
2018-01-13,53.471865058760244,8,32
2018-01-14,57.48402064119721,8,32
2018-01-15,34.6413803030986,8,32
2018-01-16,42.6868953560614,8,32
2018-01-17,43.59806003832401,8,32
2018-01-18,48.0897841345996,8,32
2018-01-19,50.41701452736316,8,32
2018-01-20,54.30492007516496,8,32
2018-01-21,58.48205547848969,8,32
2018-01-22,35.791735973947794,8,32
2018-01-23,43.97226259588524,8,32
2018-01-24,44.99714811540879,8,32
2018-01-25,49.57811294187482,8,32
2018-01-26,51.96780274542084,8,32
2018-01-27,55.89003958172334,8,32
2018-01-28,60.073020492446986,8,32
2018-01-29,37.360694711127465,8,32
2018-01-30,45.49295948293823,8,32
2018-01-01,57.0076805401462,8,33
2018-01-02,68.71376342608085,8,33
2018-01-03,68.23121409393003,8,33
2018-01-04,74.2045504459271,8,33
2018-01-05,80.76832981713379,8,33
2018-01-06,87.329393496789,8,33
2018-01-07,92.06854450807239,8,33
2018-01-08,57.09370467234545,8,33
2018-01-09,68.78135237041545,8,33
2018-01-10,68.30995682308524,8,33
2018-01-11,74.3233186671647,8,33
2018-01-12,80.9541921518691,8,33
2018-01-13,87.60664315268602,8,33
2018-01-14,92.45786687149513,8,33
2018-01-15,57.611506258635295,8,33
2018-01-16,69.43926705973848,8,33
2018-01-17,69.11453945729848,8,33
2018-01-18,75.27593006000784,8,33
2018-01-19,82.05107355730848,8,33
2018-01-20,88.83917241520096,8,33
2018-01-21,93.8129830213853,8,33
2018-01-22,59.07228436492585,8,33
2018-01-23,70.98562085721626,8,33
2018-01-24,70.72402573075337,8,33
2018-01-25,76.9246260980322,8,33
2018-01-26,83.71449723810888,8,33
2018-01-27,90.49321370174272,8,33
2018-01-28,95.43481582215917,8,33
2018-01-29,60.64122884960645,8,33
2018-01-30,72.48392834178101,8,33
2018-01-01,21.498179106841178,8,34
2018-01-02,25.722343229172402,8,34
2018-01-03,24.895977365245564,8,34
2018-01-04,27.168568419646377,8,34
2018-01-05,29.35329665025202,8,34
2018-01-06,31.960868404449247,8,34
2018-01-07,34.16114317688059,8,34
2018-01-08,21.348227468104255,8,34
2018-01-09,25.55744712582841,8,34
2018-01-10,24.724495979185,8,34
2018-01-11,26.999646129521015,8,34
2018-01-12,29.19655815900014,8,34
2018-01-13,31.826113323736937,8,34
2018-01-14,34.05804770770891,8,34
2018-01-15,21.286060383644667,8,34
2018-01-16,25.544806665124643,8,34
2018-01-17,24.769073520575873,8,34
2018-01-18,27.10802165085183,8,34
2018-01-19,29.374031535299107,8,34
2018-01-20,32.076574486733605,8,34
2018-01-21,34.38388762497373,8,34
2018-01-22,21.688123734262902,8,34
2018-01-23,26.02238602362585,8,34
2018-01-24,25.31994383429087,8,34
2018-01-25,27.728512835623626,8,34
2018-01-26,30.059136139722956,8,34
2018-01-27,32.82008660762405,8,34
2018-01-28,35.17856860917964,8,34
2018-01-29,22.525889690506602,8,34
2018-01-30,26.89451179627699,8,34
2018-01-01,53.0603884340253,8,35
2018-01-02,64.28330562411695,8,35
2018-01-03,65.21433862215451,8,35
2018-01-04,69.35540803362667,8,35
2018-01-05,75.75919932171709,8,35
2018-01-06,79.98460477362435,8,35
2018-01-07,86.28412064242177,8,35
2018-01-08,52.960956120451094,8,35
2018-01-09,64.11847492024651,8,35
2018-01-10,65.00683472875133,8,35
2018-01-11,69.12885236108936,8,35
2018-01-12,75.53722854441915,8,35
2018-01-13,79.79005376905053,8,35
2018-01-14,86.13829128505235,8,35
2018-01-15,52.88299033301905,8,35
2018-01-16,64.12484637702273,8,35
2018-01-17,65.11096929351098,8,35
2018-01-18,69.34088285856392,8,35
2018-01-19,75.8638849544282,8,35
2018-01-20,80.23468552911106,8,35
2018-01-21,86.7010142276572,8,35
2018-01-22,53.560946984597486,8,35
2018-01-23,64.91256502127804,8,35
2018-01-24,66.00080443699753,8,35
2018-01-25,70.3235176112081,8,35
2018-01-26,76.92887439756943,8,35
2018-01-27,81.37101942545753,8,35
2018-01-28,87.89767742974077,8,35
2018-01-29,54.80745661609821,8,35
2018-01-30,66.19946488966792,8,35
2018-01-01,66.41697139440313,8,36
2018-01-02,77.82988515385672,8,36
2018-01-03,78.60770483081905,8,36
2018-01-04,84.94120883586768,8,36
2018-01-05,89.81934509274156,8,36
2018-01-06,97.17853818879449,8,36
2018-01-07,103.20500840943365,8,36
2018-01-08,66.11789806713317,8,36
2018-01-09,77.31551846875902,8,36
2018-01-10,77.91810985169157,8,36
2018-01-11,84.12058369108928,8,36
2018-01-12,88.91450986219192,8,36
2018-01-13,96.23742843971098,8,36
2018-01-14,102.27521442271446,8,36
2018-01-15,65.2452881839954,8,36
2018-01-16,76.5429813889173,8,36
2018-01-17,77.28444625511645,8,36
2018-01-18,83.65957237227649,8,36
2018-01-19,88.65416782514319,8,36
2018-01-20,96.19947827010967,8,36
2018-01-21,102.47476591694686,8,36
2018-01-22,65.6907348499326,8,36
2018-01-23,77.23610622748424,8,36
2018-01-24,78.22072534823587,8,36
2018-01-25,84.82865941004715,8,36
2018-01-26,90.04053793850636,8,36
2018-01-27,97.78320552448524,8,36
2018-01-28,104.2324056571265,8,36
2018-01-29,67.59627985055613,8,36
2018-01-30,79.26198432811654,8,36
2018-01-01,23.281032863344347,8,37
2018-01-02,28.23907816243262,8,37
2018-01-03,28.54430402692502,8,37
2018-01-04,30.695049834056974,8,37
2018-01-05,33.45418964664958,8,37
2018-01-06,35.76471122697724,8,37
2018-01-07,38.66537119394587,8,37
2018-01-08,23.425898354797866,8,37
2018-01-09,28.408352949347595,8,37
2018-01-10,28.740823126012952,8,37
2018-01-11,30.92153902338962,8,37
2018-01-12,33.71312808608345,8,37
2018-01-13,36.05821737165512,8,37
2018-01-14,38.99511420258631,8,37
2018-01-15,23.79303620665565,8,37
2018-01-16,28.813497501309264,8,37
2018-01-17,29.184031397341982,8,37
2018-01-18,31.402329116300187,8,37
2018-01-19,34.23051736418782,8,37
2018-01-20,36.6107798450014,8,37
2018-01-21,39.5810535280947,8,37
2018-01-22,24.41027031731972,8,37
2018-01-23,29.459750637760152,8,37
2018-01-24,29.856929231149174,8,37
2018-01-25,32.09949272725942,8,37
2018-01-26,34.9496520538995,8,37
2018-01-27,37.349755127979684,8,37
2018-01-28,40.337971119812266,8,37
2018-01-29,25.18351752146716,8,37
2018-01-30,30.24803719470029,8,37
2018-01-01,64.47113146783357,8,38
2018-01-02,77.71280035903712,8,38
2018-01-03,79.15600282236805,8,38
2018-01-04,85.02114633595423,8,38
2018-01-05,90.21670149690485,8,38
2018-01-06,96.04216802086937,8,38
2018-01-07,104.57453505160224,8,38
2018-01-08,63.74696142456802,8,38
2018-01-09,77.05107155089058,8,38
2018-01-10,78.58405732224648,8,38
2018-01-11,84.56445063725347,8,38
2018-01-12,89.89788914112819,8,38
2018-01-13,95.88023123110305,8,38
2018-01-14,104.58418716416521,8,38
2018-01-15,63.93818579534233,8,38
2018-01-16,77.42886614125197,8,38
2018-01-17,79.14837755260143,8,38
2018-01-18,85.31034653268503,8,38
2018-01-19,90.81582649197142,8,38
2018-01-20,96.95658063474602,8,38
2018-01-21,105.8018595841397,8,38
2018-01-22,65.27738881636479,8,38
2018-01-23,78.86795154939743,8,38
2018-01-24,80.66474831679349,8,38
2018-01-25,86.88138978289913,8,38
2018-01-26,92.41983870507437,8,38
2018-01-27,98.57365195776848,8,38
2018-01-28,107.41468600103492,8,38
2018-01-29,66.87198364277681,8,38
2018-01-30,80.43423140787316,8,38
2018-01-01,36.40510757748608,8,39
2018-01-02,43.57757660543199,8,39
2018-01-03,44.18500929392883,8,39
2018-01-04,46.665912473317434,8,39
2018-01-05,50.8349814516912,8,39
2018-01-06,54.553213355211525,8,39
2018-01-07,58.045918394858184,8,39
2018-01-08,37.463496263043325,8,39
2018-01-09,44.59566577594137,8,39
2018-01-10,45.15737597045647,8,39
2018-01-11,47.589187568160796,8,39
2018-01-12,51.7077018742345,8,39
2018-01-13,55.375641093424605,8,39
2018-01-14,58.81983298994395,8,39
2018-01-15,38.19196756966744,8,39
2018-01-16,45.28281418079547,8,39
2018-01-17,45.80812732422323,8,39
2018-01-18,48.209029965976654,8,39
2018-01-19,52.302451105825746,8,39
2018-01-20,55.95122108283761,8,39
2018-01-21,59.38207687495501,8,39
2018-01-22,38.746444249794905,8,39
2018-01-23,45.83468421832585,8,39
2018-01-24,46.362031038660604,8,39
2018-01-25,48.76900945406746,8,39
2018-01-26,52.87190677578589,8,39
2018-01-27,56.532902150605416,8,39
2018-01-28,59.97810416104024,8,39
2018-01-29,39.3583625769479,8,39
2018-01-30,46.46354076643019,8,39
2018-01-01,24.020964771644987,8,40
2018-01-02,29.090481809004153,8,40
2018-01-03,28.768223603859518,8,40
2018-01-04,31.22872210417445,8,40
2018-01-05,33.23208136094348,8,40
2018-01-06,35.29324444404268,8,40
2018-01-07,38.59375219664907,8,40
2018-01-08,24.14255804169778,8,40
2018-01-09,29.21357466859238,8,40
2018-01-10,28.902242880867902,8,40
2018-01-11,31.382388408564992,8,40
2018-01-12,33.413064066312586,8,40
2018-01-13,35.507875468974284,8,40
2018-01-14,38.84680548892827,8,40
2018-01-15,24.437099389664443,8,40
2018-01-16,29.550884107718993,8,40
2018-01-17,29.281809603885655,8,40
2018-01-18,31.801975791479364,8,40
2018-01-19,33.86884025999425,8,40
2018-01-20,35.99460303576858,8,40
2018-01-21,39.358081843156064,8,40
2018-01-22,24.965638374010766,8,40
2018-01-23,30.088827944261944,8,40
2018-01-24,29.82105972139616,8,40
2018-01-25,32.33453066871856,8,40
2018-01-26,34.38712843848922,8,40
2018-01-27,36.49179984079103,8,40
2018-01-28,39.828399085996764,8,40
2018-01-29,25.404577368238755,8,40
2018-01-30,30.493387510084705,8,40
2018-01-01,18.75630742657417,8,41
2018-01-02,22.55979748425318,8,41
2018-01-03,22.232597234733657,8,41
2018-01-04,24.39036561076874,8,41
2018-01-05,26.152177146212765,8,41
2018-01-06,27.61058242803751,8,41
2018-01-07,30.26833013036322,8,41
2018-01-08,19.041191399516265,8,41
2018-01-09,22.78924991459344,8,41
2018-01-10,22.411798353821375,8,41
2018-01-11,24.525811653930855,8,41
2018-01-12,26.251357751948017,8,41
2018-01-13,27.681650716176268,8,41
2018-01-14,30.319775422815656,8,41
2018-01-15,19.081524089625013,8,41
2018-01-16,22.82670727587193,8,41
2018-01-17,22.4540791346419,8,41
2018-01-18,24.57984616206354,8,41
2018-01-19,26.323118831361953,8,41
2018-01-20,27.77600959763015,8,41
2018-01-21,30.440404935209315,8,41
2018-01-22,19.230850194086585,8,41
2018-01-23,23.00590837654674,8,41
2018-01-24,22.66313116971644,8,41
2018-01-25,24.81761012974011,8,41
2018-01-26,26.587466192875784,8,41
2018-01-27,28.063979958089206,8,41
2018-01-28,30.74838955677767,8,41
2018-01-29,19.55479426913615,8,41
2018-01-30,23.341524590298537,8,41
2018-01-01,28.55308567293878,8,42
2018-01-02,35.08700304021366,8,42
2018-01-03,35.72699728338331,8,42
2018-01-04,38.79190845292447,8,42
2018-01-05,40.69361751056902,8,42
2018-01-06,43.457020909692744,8,42
2018-01-07,47.18726387912489,8,42
2018-01-08,28.703752191193452,8,42
2018-01-09,35.28622660893774,8,42
2018-01-10,35.98568087299434,8,42
2018-01-11,39.11938733557976,8,42
2018-01-12,41.0972361819115,8,42
2018-01-13,43.94179361078292,8,42
2018-01-14,47.75562801973403,8,42
2018-01-15,29.35542093830071,8,42
2018-01-16,36.018143731863475,8,42
2018-01-17,36.79207772634453,8,42
2018-01-18,39.99193870360688,8,42
2018-01-19,42.025308697573465,8,42
2018-01-20,44.912777682064096,8,42
2018-01-21,48.755341725681255,8,42
2018-01-22,30.368572262663932,8,42
2018-01-23,37.028835843145735,8,42
2018-01-24,37.78434082780335,8,42
2018-01-25,40.950271298621814,8,42
2018-01-26,42.93521095459942,8,42
2018-01-27,45.76125994163217,8,42
2018-01-28,49.5313920486666,8,42
2018-01-29,31.063568249444614,8,42
2018-01-30,37.63688770681594,8,42
2018-01-01,41.92942010769055,8,43
2018-01-02,50.1175748012883,8,43
2018-01-03,50.47066996491583,8,43
2018-01-04,54.50198939660585,8,43
2018-01-05,58.63928348799922,8,43
2018-01-06,63.195606401244305,8,43
2018-01-07,67.16236755136643,8,43
2018-01-08,42.74936630885094,8,43
2018-01-09,50.896701526967554,8,43
2018-01-10,51.20250570061441,8,43
2018-01-11,55.18157352629473,8,43
2018-01-12,59.26313723789114,8,43
2018-01-13,63.761705738558625,8,43
2018-01-14,67.67011786267379,8,43
2018-01-15,43.19957786006002,8,43
2018-01-16,51.29156397928746,8,43
2018-01-17,51.54555936007014,8,43
2018-01-18,55.4776745609107,8,43
2018-01-19,59.5184138309941,8,43
2018-01-20,63.98350206745026,8,43
2018-01-21,67.8669229082463,8,43
2018-01-22,43.38093635839847,8,43
2018-01-23,51.467967315094526,8,43
2018-01-24,51.72831485046055,8,43
2018-01-25,55.678752368041586,8,43
2018-01-26,59.750271637915446,8,43
2018-01-27,64.25888862354057,8,43
2018-01-28,68.1986625541918,8,43
2018-01-29,43.781697642954256,8,43
2018-01-30,51.95001976676063,8,43
2018-01-01,24.801249375379662,8,44
2018-01-02,29.658267907147547,8,44
2018-01-03,29.019554286379723,8,44
2018-01-04,30.96995590459896,8,44
2018-01-05,33.76792570295889,8,44
2018-01-06,36.02112289462194,8,44
2018-01-07,38.36834398306549,8,44
2018-01-08,24.271315468277795,8,44
2018-01-09,29.02237432188587,8,44
2018-01-10,28.295929438140575,8,44
2018-01-11,30.179327979764615,8,44
2018-01-12,32.93290736438493,8,44
2018-01-13,35.16556798498904,8,44
2018-01-14,37.5166935816829,8,44
2018-01-15,23.44795056049589,8,44
2018-01-16,28.250991785081112,8,44
2018-01-17,27.59895705715099,8,44
2018-01-18,29.57739280757422,8,44
2018-01-19,32.444369986521295,8,44
2018-01-20,34.806133178725254,8,44
2018-01-21,37.29910554653056,8,44
2018-01-22,23.381778399277664,8,44
2018-01-23,28.342508308831125,8,44
2018-01-24,27.851111342254402,8,44
2018-01-25,29.989874326938043,8,44
2018-01-26,33.01375963705873,8,44
2018-01-27,35.526134206106796,8,44
2018-01-28,38.160845283810716,8,44
2018-01-29,24.37416994826853,8,44
2018-01-30,29.45265984290448,8,44
2018-01-01,66.19659867500197,8,45
2018-01-02,78.85022302374799,8,45
2018-01-03,78.50636724228237,8,45
2018-01-04,85.37039600810814,8,45
2018-01-05,92.66621402152781,8,45
2018-01-06,98.90999622694243,8,45
2018-01-07,104.19336705195111,8,45
2018-01-08,65.48680690119642,8,45
2018-01-09,77.9210697223725,8,45
2018-01-10,77.40592039734848,8,45
2018-01-11,84.15052511482267,8,45
2018-01-12,91.38091374370042,8,45
2018-01-13,97.6137294191228,8,45
2018-01-14,102.93947205698234,8,45
2018-01-15,64.32601091363698,8,45
2018-01-16,76.90014580755377,8,45
2018-01-17,76.56652061900806,8,45
2018-01-18,83.52821630578349,8,45
2018-01-19,91.00443594162462,8,45
2018-01-20,97.50449007047834,8,45
2018-01-21,103.11128197543624,8,45
2018-01-22,64.78506086252709,8,45
2018-01-23,77.64521566815928,8,45
2018-01-24,77.58940658953023,8,45
2018-01-25,84.81435563661039,8,45
2018-01-26,92.53370350062806,8,45
2018-01-27,99.25213669031838,8,45
2018-01-28,105.0489811610924,8,45
2018-01-29,66.88202812176428,8,45
2018-01-30,79.8693635028118,8,45
2018-01-01,49.43102881673469,8,46
2018-01-02,58.481715674942514,8,46
2018-01-03,58.465623083974116,8,46
2018-01-04,62.98195402697246,8,46
2018-01-05,68.49711947944915,8,46
2018-01-06,73.34420997050142,8,46
2018-01-07,78.0101726174777,8,46
2018-01-08,48.949608815371896,8,46
2018-01-09,57.83803100090596,8,46
2018-01-10,57.68707411237242,8,46
2018-01-11,62.099235343973106,8,46
2018-01-12,67.54323416357406,8,46
2018-01-13,72.35347628248651,8,46
2018-01-14,77.01724926959548,8,46
2018-01-15,47.988563495341246,8,46
2018-01-16,56.941474717735204,8,46
2018-01-17,56.88538129020643,8,46
2018-01-18,61.41986649707501,8,46
2018-01-19,67.01017454300236,8,46
2018-01-20,71.98680019220343,8,46
2018-01-21,76.83281591965448,8,46
2018-01-22,47.99784639767038,8,46
2018-01-23,57.15152284873441,8,46
2018-01-24,57.29890664006187,8,46
2018-01-25,62.035449299946634,8,46
2018-01-26,67.82257451407077,8,46
2018-01-27,72.98735956554762,8,46
2018-01-28,78.00993803623207,8,46
2018-01-29,49.337532087504776,8,46
2018-01-30,58.637945902005654,8,46
2018-01-01,18.87433728503593,8,47
2018-01-02,21.84375601366524,8,47
2018-01-03,21.802630203483133,8,47
2018-01-04,24.163756059469918,8,47
2018-01-05,25.651991937331236,8,47
2018-01-06,27.486533351155014,8,47
2018-01-07,28.813867026354185,8,47
2018-01-08,18.799181533723758,8,47
2018-01-09,21.75321906794464,8,47
2018-01-10,21.70249965655579,8,47
2018-01-11,24.060166371957234,8,47
2018-01-12,25.551222482305445,8,47
2018-01-13,27.394819719740806,8,47
2018-01-14,28.737230032681467,8,47
2018-01-15,18.74327756212257,8,47
2018-01-16,21.723214540008776,8,47
2018-01-17,21.702971491479005,8,47
2018-01-18,24.095029397453654,8,47
2018-01-19,25.623683855567933,8,47
2018-01-20,27.507359563492916,8,47
2018-01-21,28.89160670658781,8,47
2018-01-22,18.940555294755526,8,47
2018-01-23,21.963810561460082,8,47
2018-01-24,21.986719343195197,8,47
2018-01-25,24.421254766401045,8,47
2018-01-26,25.991289087632403,8,47
2018-01-27,27.914912959014018,8,47
2018-01-28,29.337432783036363,8,47
2018-01-29,19.422822413030282,8,47
2018-01-30,22.480612637678558,8,47
2018-01-01,43.13898294936432,8,48
2018-01-02,51.76135633489639,8,48
2018-01-03,52.07317881100484,8,48
2018-01-04,55.69370940648837,8,48
2018-01-05,60.48423599656469,8,48
2018-01-06,63.59005873812785,8,48
2018-01-07,68.31776559500058,8,48
2018-01-08,42.51082029553272,8,48
2018-01-09,51.038652562969915,8,48
2018-01-10,51.281489211132666,8,48
2018-01-11,54.860217306175855,8,48
2018-01-12,59.636919340440755,8,48
2018-01-13,62.75688212769693,8,48
2018-01-14,67.52591799651013,8,48
2018-01-15,41.78601651728725,8,48
2018-01-16,50.40451407946753,8,48
2018-01-17,50.759017058155635,8,48
2018-01-18,54.467366674588526,8,48
2018-01-19,59.38828225657782,8,48
2018-01-20,62.66348131647178,8,48
2018-01-21,67.59511177898409,8,48
2018-01-22,42.02151148396432,8,48
2018-01-23,50.80647939296375,8,48
2018-01-24,51.32429164333243,8,48
2018-01-25,55.18974832096559,8,48
2018-01-26,60.25888583334773,8,48
2018-01-27,63.671151928506724,8,48
2018-01-28,68.72687778983689,8,48
2018-01-29,43.26306191643456,8,48
2018-01-30,52.14265027434412,8,48
2018-01-01,24.523482852820397,8,49
2018-01-02,28.820164336817875,8,49
2018-01-03,29.18909861477072,8,49
2018-01-04,31.498381746259348,8,49
2018-01-05,33.26723497928563,8,49
2018-01-06,35.63969425236566,8,49
2018-01-07,38.42300759063666,8,49
2018-01-08,24.385833399729123,8,49
2018-01-09,28.594556355856007,8,49
2018-01-10,28.892878804191177,8,49
2018-01-11,31.15064132979656,8,49
2018-01-12,32.88820856607398,8,49
2018-01-13,35.25015633936229,8,49
2018-01-14,38.04368231261514,8,49
2018-01-15,24.03683225582471,8,49
2018-01-16,28.29485740507551,8,49
2018-01-17,28.65985926977273,8,49
2018-01-18,30.99967373130935,8,49
2018-01-19,32.83232846696572,8,49
2018-01-20,35.299807614170334,8,49
2018-01-21,38.20654356725786,8,49
2018-01-22,24.317725737767685,8,49
2018-01-23,28.695739483060823,8,49
2018-01-24,29.179889401942603,8,49
2018-01-25,31.63535683508595,8,49
2018-01-26,33.57772380117473,8,49
2018-01-27,36.146795729781964,8,49
2018-01-28,39.145141609507505,8,49
2018-01-29,25.336440420180004,8,49
2018-01-30,29.781946415215998,8,49
2018-01-01,53.222110055248386,8,50
2018-01-02,63.313718416196195,8,50
2018-01-03,63.80914788622027,8,50
2018-01-04,70.38514371464329,8,50
2018-01-05,74.36832040127766,8,50
2018-01-06,80.41753545336461,8,50
2018-01-07,84.461978870442,8,50
2018-01-08,52.79063386959502,8,50
2018-01-09,62.88603106445123,8,50
2018-01-10,63.40335121673591,8,50
2018-01-11,70.01892132974444,8,50
2018-01-12,74.05832193644656,8,50
2018-01-13,80.17884704149526,8,50
2018-01-14,84.30769286490762,8,50
2018-01-15,52.73152708564734,8,50
2018-01-16,62.93035680501838,8,50
2018-01-17,63.55674631043699,8,50
2018-01-18,70.28442544823665,8,50
2018-01-19,74.436502704204,8,50
2018-01-20,80.66802101336941,8,50
2018-01-21,84.90422943322505,8,50
2018-01-22,53.43021987225819,8,50
2018-01-23,63.72484517152388,8,50
2018-01-24,64.43996832507688,8,50
2018-01-25,71.24908301884548,8,50
2018-01-26,75.47551962563207,8,50
2018-01-27,81.77497537866188,8,50
2018-01-28,86.07374317983631,8,50
2018-01-29,54.65829013437139,8,50
2018-01-30,65.00910450511348,8,50
2018-01-01,15.989657316549128,9,1
2018-01-02,19.674218341245584,9,1
2018-01-03,19.194998317711732,9,1
2018-01-04,20.639420717761794,9,1
2018-01-05,22.452315776266058,9,1
2018-01-06,24.067468311513043,9,1
2018-01-07,25.413315860415228,9,1
2018-01-08,16.039270724433095,9,1
2018-01-09,19.60570566275304,9,1
2018-01-10,19.01637822429325,9,1
2018-01-11,20.36112997021129,9,1
2018-01-12,22.086860350796623,9,1
2018-01-13,23.629042194265807,9,1
2018-01-14,24.917397652679913,9,1
2018-01-15,15.502208393268567,9,1
2018-01-16,19.04429970248686,9,1
2018-01-17,18.447473173861347,9,1
2018-01-18,19.801223672475338,9,1
2018-01-19,21.551739565394293,9,1
2018-01-20,23.133452209293964,9,1
2018-01-21,24.47475241424045,9,1
2018-01-22,15.124346417709763,9,1
2018-01-23,18.741289691971026,9,1
2018-01-24,18.22747185680749,9,1
2018-01-25,19.67038697677708,9,1
2018-01-26,21.514186839443422,9,1
2018-01-27,23.19128187147187,9,1
2018-01-28,24.628106166649715,9,1
2018-01-29,15.371518037428919,9,1
2018-01-30,19.07887343539172,9,1
2018-01-01,42.59734799242756,9,2
2018-01-02,52.02690450696761,9,2
2018-01-03,51.393533161624035,9,2
2018-01-04,55.7984086559514,9,2
2018-01-05,59.09796637488036,9,2
2018-01-06,64.406094742382,9,2
2018-01-07,67.20549212236132,9,2
2018-01-08,42.35021103775043,9,2
2018-01-09,51.5565484333113,9,2
2018-01-10,50.72406570791958,9,2
2018-01-11,54.958803390028535,9,2
2018-01-12,58.121180165100974,9,2
2018-01-13,63.32811643990743,9,2
2018-01-14,66.06434652442078,9,2
2018-01-15,41.184942915276096,9,2
2018-01-16,50.40621151083381,9,2
2018-01-17,49.626740985026544,9,2
2018-01-18,53.95067010290486,9,2
2018-01-19,57.235661038932676,9,2
2018-01-20,62.59511671821524,9,2
2018-01-21,65.50960364047575,9,2
2018-01-22,40.829500658091604,9,2
2018-01-23,50.26602921652247,9,2
2018-01-24,49.71244473244268,9,2
2018-01-25,54.267449207410124,9,2
2018-01-26,57.78330940831296,9,2
2018-01-27,63.36821495936168,9,2
2018-01-28,66.49783427141972,9,2
2018-01-29,42.018085483292026,9,2
2018-01-30,51.636274936983284,9,2
2018-01-01,24.984413293192134,9,3
2018-01-02,30.131029802586387,9,3
2018-01-03,29.51502068531284,9,3
2018-01-04,32.66424497670653,9,3
2018-01-05,35.40759503208614,9,3
2018-01-06,38.39765182316867,9,3
2018-01-07,40.65868314300706,9,3
2018-01-08,24.893532281556382,9,3
2018-01-09,30.05074219676831,9,3
2018-01-10,29.453441339637482,9,3
2018-01-11,32.629248138099385,9,3
2018-01-12,35.406506459245705,9,3
2018-01-13,38.43697719610194,9,3
2018-01-14,40.74387999169071,9,3
2018-01-15,25.02883111930568,9,3
2018-01-16,30.239020867285056,9,3
2018-01-17,29.696154830194235,9,3
2018-01-18,32.926414324309306,9,3
2018-01-19,35.756746484757684,9,3
2018-01-20,38.83760750179282,9,3
2018-01-21,41.19105144423676,9,3
2018-01-22,25.51770929002812,9,3
2018-01-23,30.76400032077151,9,3
2018-01-24,30.251099326637323,9,3
2018-01-25,33.504914148737896,9,3
2018-01-26,36.352383703933434,9,3
2018-01-27,39.44421982751042,9,3
2018-01-28,41.8029855462683,9,3
2018-01-29,26.130054849705232,9,3
2018-01-30,31.37279682482322,9,3
2018-01-01,15.180913207961606,9,4
2018-01-02,18.297046847018798,9,4
2018-01-03,18.192661751801783,9,4
2018-01-04,19.66582142939429,9,4
2018-01-05,21.169660011812816,9,4
2018-01-06,22.548375214908454,9,4
2018-01-07,24.186541271313097,9,4
2018-01-08,14.947650472405858,9,4
2018-01-09,18.047776414068117,9,4
2018-01-10,17.9364908419027,9,4
2018-01-11,19.41228036105288,9,4
2018-01-12,20.92834425232126,9,4
2018-01-13,22.328601294066413,9,4
2018-01-14,23.997026743803826,9,4
2018-01-15,14.796227131643342,9,4
2018-01-16,17.941144724782163,9,4
2018-01-17,17.880022112030034,9,4
2018-01-18,19.40987155959887,9,4
2018-01-19,20.98232865033436,9,4
2018-01-20,22.43971631176815,9,4
2018-01-21,24.164438583613254,9,4
2018-01-22,15.017610016359049,9,4
2018-01-23,18.212810895921958,9,4
2018-01-24,18.197097221200885,9,4
2018-01-25,19.766508751419146,9,4
2018-01-26,21.371953524307482,9,4
2018-01-27,22.855294094958758,9,4
2018-01-28,24.598754266179,9,4
2018-01-29,15.46355191498504,9,4
2018-01-30,18.663648117902937,9,4
2018-01-01,12.826427643236173,9,5
2018-01-02,15.081710438139368,9,5
2018-01-03,15.705105570955173,9,5
2018-01-04,16.385205513120667,9,5
2018-01-05,18.250648925433598,9,5
2018-01-06,18.690600543209072,9,5
2018-01-07,20.300966766350648,9,5
2018-01-08,12.4776431536736,9,5
2018-01-09,14.75667133411616,9,5
2018-01-10,15.417285446946654,9,5
2018-01-11,16.146918929709187,9,5
2018-01-12,18.072653263877083,9,5
2018-01-13,18.581758835415172,9,5
2018-01-14,20.267980648076605,9,5
2018-01-15,12.524862837119603,9,5
2018-01-16,14.88598707363272,9,5
2018-01-17,15.628102451205578,9,5
2018-01-18,16.43621512815192,9,5
2018-01-19,18.43511683981483,9,5
2018-01-20,19.010000063124515,9,5
2018-01-21,20.75281038568798,9,5
2018-01-22,13.055628091327977,9,5
2018-01-23,15.450952421329063,9,5
2018-01-24,16.214864820167996,9,5
2018-01-25,17.032138539493783,9,5
2018-01-26,19.027773220311474,9,5
2018-01-27,19.58760215846263,9,5
2018-01-28,21.304623142677446,9,5
2018-01-29,13.572345617588486,9,5
2018-01-30,15.925028747445069,9,5
2018-01-01,41.04071339252592,9,6
2018-01-02,48.518992479462185,9,6
2018-01-03,49.088617989690725,9,6
2018-01-04,53.00409419368867,9,6
2018-01-05,58.003634100618726,9,6
2018-01-06,62.06320267832809,9,6
2018-01-07,65.89059742102283,9,6
2018-01-08,40.68010333439979,9,6
2018-01-09,48.15038031318069,9,6
2018-01-10,48.73034911123656,9,6
2018-01-11,52.674370952575146,9,6
2018-01-12,57.71984016592283,9,6
2018-01-13,61.84128964672198,9,6
2018-01-14,65.74455144139398,9,6
2018-01-15,40.6215065711384,9,6
2018-01-16,48.18807871866997,9,6
2018-01-17,48.87023433687967,9,6
2018-01-18,52.91928040579099,9,6
2018-01-19,58.06957533954841,9,6
2018-01-20,62.29274902082406,9,6
2018-01-21,66.29197060474476,9,6
2018-01-22,41.25679483565436,9,6
2018-01-23,48.90123850890219,9,6
2018-01-24,49.649847110103245,9,6
2018-01-25,53.753040874335206,9,6
2018-01-26,58.94485437665533,9,6
2018-01-27,63.197164877210774,9,6
2018-01-28,67.21394795698986,9,6
2018-01-29,42.18609173592789,9,6
2018-01-30,49.82942247824249,9,6
2018-01-01,41.873646397153,9,7
2018-01-02,49.4478684663579,9,7
2018-01-03,49.8720066923769,9,7
2018-01-04,54.20173015344012,9,7
2018-01-05,56.64174168966052,9,7
2018-01-06,61.09028615960928,9,7
2018-01-07,65.06228132390139,9,7
2018-01-08,40.85350007447212,9,7
2018-01-09,48.45843961138075,9,7
2018-01-10,48.948384206084,9,7
2018-01-11,53.376944800251756,9,7
2018-01-12,55.94571091301476,9,7
2018-01-13,60.54889232458885,9,7
2018-01-14,64.69660832928153,9,7
2018-01-15,40.679247996283976,9,7
2018-01-16,48.48553126630427,9,7
2018-01-17,49.18077143603712,9,7
2018-01-18,53.81261605859956,9,7
2018-01-19,56.57689556739322,9,7
2018-01-20,61.36245115884471,9,7
2018-01-21,65.6745942037126,9,7
2018-01-22,41.79961566599797,9,7
2018-01-23,49.72297110688655,9,7
2018-01-24,50.507638395519066,9,7
2018-01-25,55.19992264288781,9,7
2018-01-26,57.99533613170511,9,7
2018-01-27,62.78342425940346,9,7
2018-01-28,67.07119025996698,9,7
2018-01-29,43.147538674770786,9,7
2018-01-30,51.00136557173596,9,7
2018-01-01,53.79962829602327,9,8
2018-01-02,64.42027583003173,9,8
2018-01-03,63.62105399222485,9,8
2018-01-04,68.84318901734046,9,8
2018-01-05,74.29452759637326,9,8
2018-01-06,81.0684809003734,9,8
2018-01-07,84.96356019823037,9,8
2018-01-08,53.06876506097544,9,8
2018-01-09,63.67074083177911,9,8
2018-01-10,62.88834240911501,9,8
2018-01-11,68.16305949392152,9,8
2018-01-12,73.70182425228404,9,8
2018-01-13,80.59602915467931,9,8
2018-01-14,84.64116626388011,9,8
2018-01-15,52.922345194958744,9,8
2018-01-16,63.72160199109089,9,8
2018-01-17,63.15263100421812,9,8
2018-01-18,68.65138959530927,9,8
2018-01-19,74.41909105733146,9,8
2018-01-20,81.54140791925575,9,8
2018-01-21,85.80829141338828,9,8
2018-01-22,54.299659104729066,9,8
2018-01-23,65.29285811908791,9,8
2018-01-24,64.89753179496748,9,8
2018-01-25,70.54633597517702,9,8
2018-01-26,76.43801749541993,9,8
2018-01-27,83.65667501208027,9,8
2018-01-28,87.99160680332149,9,8
2018-01-29,56.5229972911291,9,8
2018-01-30,67.52935034853996,9,8
2018-01-01,35.67584278255167,9,9
2018-01-02,43.362451934227366,9,9
2018-01-03,43.34463410742788,9,9
2018-01-04,46.7191149734065,9,9
2018-01-05,51.22697445647845,9,9
2018-01-06,53.252865093644566,9,9
2018-01-07,58.191958447668405,9,9
2018-01-08,35.60343993877406,9,9
2018-01-09,43.249553004432485,9,9
2018-01-10,43.20913641171374,9,9
2018-01-11,46.579501554968544,9,9
2018-01-12,51.10165036595834,9,9
2018-01-13,53.15953681581166,9,9
2018-01-14,58.14707299928461,9,9
2018-01-15,35.62169775134697,9,9
2018-01-16,43.34350595065255,9,9
2018-01-17,43.38887933300926,9,9
2018-01-18,46.85246249061244,9,9
2018-01-19,51.472481473113135,9,9
2018-01-20,53.630104797516786,9,9
2018-01-21,58.716544821280294,9,9
2018-01-22,36.286714612527646,9,9
2018-01-23,44.098435959437055,9,9
2018-01-24,44.226137195889336,9,9
2018-01-25,47.762882800899284,9,9
2018-01-26,52.44573093433574,9,9
2018-01-27,54.65511795914462,9,9
2018-01-28,59.781967649455304,9,9
2018-01-29,37.381340468699406,9,9
2018-01-30,45.211619287282524,9,9
2018-01-01,52.411092990010054,9,10
2018-01-02,62.52822855015057,9,10
2018-01-03,62.558096110719184,9,10
2018-01-04,67.06993913620872,9,10
2018-01-05,72.1138161319576,9,10
2018-01-06,78.3415777094333,9,10
2018-01-07,83.35539823658044,9,10
2018-01-08,52.0347223315119,9,10
2018-01-09,62.1534763422798,9,10
2018-01-10,62.21402253522186,9,10
2018-01-11,66.78550189760912,9,10
2018-01-12,71.91686405121558,9,10
2018-01-13,78.25791386465056,9,10
2018-01-14,83.40793813724765,9,10
2018-01-15,52.24276931187826,9,10
2018-01-16,62.532132495888675,9,10
2018-01-17,62.77374920807324,9,10
2018-01-18,67.53183913400662,9,10
2018-01-19,72.85031358427602,9,10
2018-01-20,79.37398539547293,9,10
2018-01-21,84.69735389495057,9,10
2018-01-22,53.69181735949674,9,10
2018-01-23,64.12315507471965,9,10
2018-01-24,64.48574870166973,9,10
2018-01-25,69.34118108819078,9,10
2018-01-26,74.73150371650584,9,10
2018-01-27,81.30049573380562,9,10
2018-01-28,86.642472137467,9,10
2018-01-29,55.62949326827656,9,10
2018-01-30,66.02881820037967,9,10
2018-01-01,49.7350274857265,9,11
2018-01-02,60.01371045606363,9,11
2018-01-03,59.13659509577505,9,11
2018-01-04,64.20049207516597,9,11
2018-01-05,70.19625266277737,9,11
2018-01-06,73.11869001066363,9,11
2018-01-07,77.99917630336452,9,11
2018-01-08,49.196572989385736,9,11
2018-01-09,59.46882784342706,9,11
2018-01-10,58.621817757503884,9,11
2018-01-11,63.75201549830079,9,11
2018-01-12,69.84870823174394,9,11
2018-01-13,72.90400512110398,9,11
2018-01-14,77.94555185331717,9,11
2018-01-15,49.32760532111189,9,11
2018-01-16,59.80279752610393,9,11
2018-01-17,59.17116237178756,9,11
2018-01-18,64.52299795668827,9,11
2018-01-19,70.84128631245446,9,11
2018-01-20,74.11190196991434,9,11
2018-01-21,79.35652138971577,9,11
2018-01-22,50.92388092956419,9,11
2018-01-23,61.56170727902574,9,11
2018-01-24,61.06588944983834,9,11
2018-01-25,66.52346103344105,9,11
2018-01-26,72.91511154931763,9,11
2018-01-27,76.22545600805502,9,11
2018-01-28,81.47597337387263,9,11
2018-01-29,53.01626119041678,9,11
2018-01-30,63.59593082513125,9,11
2018-01-01,49.18545236571945,9,12
2018-01-02,59.257714883140096,9,12
2018-01-03,59.39040697255862,9,12
2018-01-04,63.90509894412655,9,12
2018-01-05,69.35638426177654,9,12
2018-01-06,73.7165502706376,9,12
2018-01-07,79.29109675155239,9,12
2018-01-08,49.19080420386268,9,12
2018-01-09,59.2677296765565,9,12
2018-01-10,59.42336182012777,9,12
2018-01-11,63.97809982693908,9,12
2018-01-12,69.48469105496248,9,12
2018-01-13,73.91300719704876,9,12
2018-01-14,79.56568342246149,9,12
2018-01-15,49.55031807945439,9,12
2018-01-16,59.71560622604167,9,12
2018-01-17,59.95963401567529,9,12
2018-01-18,64.59949400579856,9,12
2018-01-19,70.18485177598933,9,12
2018-01-20,74.68283962868287,9,12
2018-01-21,80.39379815519598,9,12
2018-01-22,50.42356015820355,9,12
2018-01-23,60.619647740206425,9,12
2018-01-24,60.87960782738211,9,12
2018-01-25,65.52064519172164,9,12
2018-01-26,71.09318312045599,9,12
2018-01-27,75.5657280393291,9,12
2018-01-28,81.24056014323872,9,12
2018-01-29,51.225946494299265,9,12
2018-01-30,61.372249983049954,9,12
2018-01-01,59.29226478826592,9,13
2018-01-02,71.77895676772044,9,13
2018-01-03,72.12952069814229,9,13
2018-01-04,76.8573764921457,9,13
2018-01-05,83.41660538382847,9,13
2018-01-06,87.767502998792,9,13
2018-01-07,93.19619178100473,9,13
2018-01-08,58.02012694636322,9,13
2018-01-09,70.47206199332106,9,13
2018-01-10,70.82974899137268,9,13
2018-01-11,75.6062805536848,9,13
2018-01-12,82.2541017732019,9,13
2018-01-13,86.73066774644441,9,13
2018-01-14,92.31819285632415,9,13
2018-01-15,57.329321171690125,9,13
2018-01-16,69.99127847677715,9,13
2018-01-17,70.575775104673,9,13
2018-01-18,75.589560081469,9,13
2018-01-19,82.47864830513981,9,13
2018-01-20,87.19418985878154,9,13
2018-01-21,93.01242133106702,9,13
2018-01-22,58.24052260413031,9,13
2018-01-23,71.10093429866811,9,13
2018-01-24,71.86140044081421,9,13
2018-01-25,77.02563309477732,9,13
2018-01-26,84.03761786127512,9,13
2018-01-27,88.84752753345123,9,13
2018-01-28,94.73168302184041,9,13
2018-01-29,59.998385313334,9,13
2018-01-30,72.87217498875279,9,13
2018-01-01,40.973200019347985,9,14
2018-01-02,49.499244749246515,9,14
2018-01-03,49.798818817571345,9,14
2018-01-04,53.20771429513759,9,14
2018-01-05,57.337660671984075,9,14
2018-01-06,61.31029119827693,9,14
2018-01-07,66.76079647351354,9,14
2018-01-08,40.911240660534006,9,14
2018-01-09,49.38521112865132,9,14
2018-01-10,49.65259448581931,9,14
2018-01-11,53.05009958319919,9,14
2018-01-12,57.189648862792765,9,14
2018-01-13,61.192382105964064,9,14
2018-01-14,66.69236493086493,9,14
2018-01-15,40.9099751193097,9,14
2018-01-16,49.46663494264041,9,14
2018-01-17,49.82967956228141,9,14
2018-01-18,53.332979040147464,9,14
2018-01-19,57.58543221372664,9,14
2018-01-20,61.705073396602884,9,14
2018-01-21,67.32288126585448,9,14
2018-01-22,41.656260218477314,9,14
2018-01-23,50.32385983453556,9,14
2018-01-24,50.79052031522332,9,14
2018-01-25,54.3879596059614,9,14
2018-01-26,58.72331905095188,9,14
2018-01-27,62.913307579708444,9,14
2018-01-28,68.58803328046551,9,14
2018-01-29,42.964492596344485,9,14
2018-01-30,51.66138317159573,9,14
2018-01-01,64.32494324281683,9,15
2018-01-02,76.53169680501372,9,15
2018-01-03,75.9813567967654,9,15
2018-01-04,82.32670340973426,9,15
2018-01-05,87.00101261416609,9,15
2018-01-06,94.7246623874018,9,15
2018-01-07,99.01224436783218,9,15
2018-01-08,62.8241614368515,9,15
2018-01-09,74.92679056605685,9,15
2018-01-10,74.327458800312,9,15
2018-01-11,80.67974341471606,9,15
2018-01-12,85.41597094965938,9,15
2018-01-13,93.25391971768052,9,15
2018-01-14,97.70407191742225,9,15
2018-01-15,61.72139072865518,9,15
2018-01-16,74.0656956085822,9,15
2018-01-17,73.73687675082041,9,15
2018-01-18,80.38045224621438,9,15
2018-01-19,85.4203347901637,9,15
2018-01-20,93.56580453309203,9,15
2018-01-21,98.31902630918593,9,15
2018-01-22,62.62707903148968,9,15
2018-01-23,75.24256341896726,9,15
2018-01-24,75.15902267639666,9,15
2018-01-25,82.016674216653,9,15
2018-01-26,87.2353148441086,9,15
2018-01-27,95.52139270880222,9,15
2018-01-28,100.37558218456267,9,15
2018-01-29,64.7448286313324,9,15
2018-01-30,77.38292962245447,9,15
2018-01-01,17.271283039146823,9,16
2018-01-02,20.687242835512784,9,16
2018-01-03,20.315578378010617,9,16
2018-01-04,22.805804173586814,9,16
2018-01-05,24.181629718835687,9,16
2018-01-06,26.99534811366488,9,16
2018-01-07,28.37361611996383,9,16
2018-01-08,17.42466180776622,9,16
2018-01-09,20.925013738891746,9,16
2018-01-10,20.639350218780322,9,16
2018-01-11,23.215316758164846,9,16
2018-01-12,24.674713621442066,9,16
2018-01-13,27.56795002546241,9,16
2018-01-14,29.019887921221184,9,16
2018-01-15,18.137109488558984,9,16
2018-01-16,21.694700438469326,9,16
2018-01-17,21.456146012356065,9,16
2018-01-18,24.06818643818721,9,16
2018-01-19,25.552032639338137,9,16
2018-01-20,28.4578380068813,9,16
2018-01-21,29.910548763079802,9,16
2018-01-22,19.01716699566832,9,16
2018-01-23,22.553518759825387,9,16
2018-01-24,22.284124775003335,9,16
2018-01-25,24.85702142796808,9,16
2018-01-26,26.294934106263973,9,16
2018-01-27,29.149700137963684,9,16
2018-01-28,30.548065515414592,9,16
2018-01-29,19.598891266049826,9,16
2018-01-30,23.07986372204308,9,16
2018-01-01,23.537214074888997,9,17
2018-01-02,27.837787299855982,9,17
2018-01-03,27.828375651341723,9,17
2018-01-04,30.669647991010653,9,17
2018-01-05,32.55557565711984,9,17
2018-01-06,34.29329142080925,9,17
2018-01-07,37.038885020514144,9,17
2018-01-08,23.008694668671122,9,17
2018-01-09,27.24168982753401,9,17
2018-01-10,27.183690950092032,9,17
2018-01-11,29.996909716332308,9,17
2018-01-12,31.876182499183933,9,17
2018-01-13,33.628827924261365,9,17
2018-01-14,36.4104606417652,9,17
2018-01-15,22.436319737373005,9,17
2018-01-16,26.743705590795937,9,17
2018-01-17,26.776268921822556,9,17
2018-01-18,29.693633190700332,9,17
2018-01-19,31.687720393425515,9,17
2018-01-20,33.56270817261651,9,17
2018-01-21,36.470947260798226,9,17
2018-01-22,22.624394513859805,9,17
2018-01-23,27.057152203398104,9,17
2018-01-24,27.20985428506258,9,17
2018-01-25,30.239377995132724,9,17
2018-01-26,32.33524828636055,9,17
2018-01-27,34.299660853223465,9,17
2018-01-28,37.28345100762343,9,17
2018-01-29,23.497562372760097,9,17
2018-01-30,27.975605266656487,9,17
2018-01-01,57.75325560173701,9,18
2018-01-02,69.06712197589839,9,18
2018-01-03,69.60522662709721,9,18
2018-01-04,76.16278859068572,9,18
2018-01-05,81.42034282100664,9,18
2018-01-06,86.97004481184035,9,18
2018-01-07,92.33844001216832,9,18
2018-01-08,58.153909944637334,9,18
2018-01-09,69.6294048602332,9,18
2018-01-10,70.33945563801612,9,18
2018-01-11,77.07587761624433,9,18
2018-01-12,82.5153194482571,9,18
2018-01-13,88.24571848219114,9,18
2018-01-14,93.78922959935348,9,18
2018-01-15,59.76983420071021,9,18
2018-01-16,71.39623394298141,9,18
2018-01-17,72.23901685017844,9,18
2018-01-18,79.08650369715332,9,18
2018-01-19,84.61242340794479,9,18
2018-01-20,90.40247517506518,9,18
2018-01-21,95.97734111089068,9,18
2018-01-22,61.960353745218896,9,18
2018-01-23,73.56042141103474,9,18
2018-01-24,74.34919842804041,9,18
2018-01-25,81.11690812551608,9,18
2018-01-26,86.53996843022028,9,18
2018-01-27,92.20747951227904,9,18
2018-01-28,97.64413981763074,9,18
2018-01-29,63.477797973809686,9,18
2018-01-30,74.92224732214734,9,18
2018-01-01,29.834764673509838,9,19
2018-01-02,35.03670868059505,9,19
2018-01-03,35.544655390136604,9,19
2018-01-04,38.64006999850356,9,19
2018-01-05,40.12249410739525,9,19
2018-01-06,42.60801207621196,9,19
2018-01-07,45.70153957794985,9,19
2018-01-08,29.15702698007246,9,19
2018-01-09,34.277981962160794,9,19
2018-01-10,34.72731295482413,9,19
2018-01-11,37.78814949997536,9,19
2018-01-12,39.261022181495946,9,19
2018-01-13,41.762326581138375,9,19
2018-01-14,44.89662652326024,9,19
2018-01-15,28.416888415988776,9,19
2018-01-16,33.62504988854889,9,19
2018-01-17,34.18192274093646,9,19
2018-01-18,37.36808442648848,9,19
2018-01-19,38.98113858362085,9,19
2018-01-20,41.63426674362522,9,19
2018-01-21,44.92862402227673,9,19
2018-01-22,28.613668083361784,9,19
2018-01-23,33.98782206124285,9,19
2018-01-24,34.7084690144825,9,19
2018-01-25,38.052929822078895,9,19
2018-01-26,39.8158029190053,9,19
2018-01-27,42.60758612278832,9,19
2018-01-28,46.02713176816078,9,19
2018-01-29,29.82202317221136,9,19
2018-01-30,35.28927219680281,9,19
2018-01-01,33.236572375408215,9,20
2018-01-02,40.37101464193873,9,20
2018-01-03,40.974280071148314,9,20
2018-01-04,43.76043491769383,9,20
2018-01-05,46.67204184547489,9,20
2018-01-06,49.57156297000299,9,20
2018-01-07,52.884993481089666,9,20
2018-01-08,32.53175586507415,9,20
2018-01-09,39.55993714478798,9,20
2018-01-10,40.08699731642294,9,20
2018-01-11,42.82863306571182,9,20
2018-01-12,45.72806130914368,9,20
2018-01-13,48.647450371039014,9,20
2018-01-14,52.011606781358026,9,20
2018-01-15,31.737945385909228,9,20
2018-01-16,38.87182229145205,9,20
2018-01-17,39.527355459539194,9,20
2018-01-18,42.41641329944776,9,20
2018-01-19,45.478031825522166,9,20
2018-01-20,48.5699840766332,9,20
2018-01-21,52.11260566060974,9,20
2018-01-22,32.018900099328725,9,20
2018-01-23,39.329999703288344,9,20
2018-01-24,40.15610331712409,9,20
2018-01-25,43.205568232039276,9,20
2018-01-26,46.41441426806437,9,20
2018-01-27,49.63796171947638,9,20
2018-01-28,53.294705619369296,9,20
2018-01-29,33.29644922189745,9,20
2018-01-30,40.683772283338115,9,20
2018-01-01,27.406034708833715,9,21
2018-01-02,33.62454154071848,9,21
2018-01-03,33.369984547427805,9,21
2018-01-04,36.72259482083885,9,21
2018-01-05,39.34300406366135,9,21
2018-01-06,42.39755050595328,9,21
2018-01-07,45.228629861448766,9,21
2018-01-08,27.348403541009272,9,21
2018-01-09,33.59975905104697,9,21
2018-01-10,33.387074113473126,9,21
2018-01-11,36.78915892850054,9,21
2018-01-12,39.46488860628654,9,21
2018-01-13,42.57859023740919,9,21
2018-01-14,45.47048184345659,9,21
2018-01-15,27.650472460030638,9,21
2018-01-16,33.959215239522905,9,21
2018-01-17,33.798962089428635,9,21
2018-01-18,37.2465913535548,9,21
2018-01-19,39.95931784475252,9,21
2018-01-20,43.10014725507149,9,21
2018-01-21,46.00837008758947,9,21
2018-01-22,28.193402669349023,9,21
2018-01-23,34.495865895134436,9,21
2018-01-24,34.31844946438146,9,21
2018-01-25,37.73893287264457,9,21
2018-01-26,40.415872727530015,9,21
2018-01-27,43.51401917571354,9,21
2018-01-28,46.37475781466364,9,21
2018-01-29,28.50988631202515,9,21
2018-01-30,34.76261842069418,9,21
2018-01-01,56.86673678462944,9,22
2018-01-02,66.8919919904121,9,22
2018-01-03,68.15529175395403,9,22
2018-01-04,72.6271964068542,9,22
2018-01-05,78.87246612334911,9,22
2018-01-06,83.77822035874671,9,22
2018-01-07,89.0017501426778,9,22
2018-01-08,56.03893377814479,9,22
2018-01-09,66.04975068174753,9,22
2018-01-10,67.33751248800579,9,22
2018-01-11,71.87254285567343,9,22
2018-01-12,78.218071783611,9,22
2018-01-13,83.25849554799888,9,22
2018-01-14,88.64732271513142,9,22
2018-01-15,55.87575199568282,9,22
2018-01-16,66.09837114162868,9,22
2018-01-17,67.61258990220935,9,22
2018-01-18,72.3825319791975,9,22
2018-01-19,78.96514510183407,9,22
2018-01-20,84.2386736499042,9,22
2018-01-21,89.85080780196806,9,22
2018-01-22,57.28744888716099,9,22
2018-01-23,67.69857462482193,9,22
2018-01-24,69.37781247175,9,22
2018-01-25,74.28644208165358,9,22
2018-01-26,80.97958302321327,9,22
2018-01-27,86.3347102573274,9,22
2018-01-28,91.99981050645619,9,22
2018-01-29,59.46211945790068,9,22
2018-01-30,69.87392482514807,9,22
2018-01-01,20.64827360213591,9,23
2018-01-02,24.96711120117549,9,23
2018-01-03,25.142490586025176,9,23
2018-01-04,27.16683697177306,9,23
2018-01-05,28.3628259496956,9,23
2018-01-06,31.429261425946557,9,23
2018-01-07,33.38739385002761,9,23
2018-01-08,20.499050542960344,9,23
2018-01-09,24.670221915186744,9,23
2018-01-10,24.711607663195,9,23
2018-01-11,26.619203634919835,9,23
2018-01-12,27.71872591891881,9,23
2018-01-13,30.711429118268672,9,23
2018-01-14,32.620379895969535,9,23
2018-01-15,19.70855845342959,9,23
2018-01-16,23.88243219845312,9,23
2018-01-17,23.952505766416742,9,23
2018-01-18,25.913927766438626,9,23
2018-01-19,27.090950109093008,9,23
2018-01-20,30.18279581559961,9,23
2018-01-21,32.209995001891016,9,23
2018-01-22,19.43256000789611,9,23
2018-01-23,23.75364198506013,9,23
2018-01-24,23.9801709564616,9,23
2018-01-25,26.10355742311621,9,23
2018-01-26,27.44424898069444,9,23
2018-01-27,30.697695421827746,9,23
2018-01-28,32.88077961712104,9,23
2018-01-29,20.25008283182185,9,23
2018-01-30,24.705624616361476,9,23
2018-01-01,45.93989202181705,9,24
2018-01-02,55.206410254327714,9,24
2018-01-03,53.978517227732674,9,24
2018-01-04,59.13029660609976,9,24
2018-01-05,63.99465243807222,9,24
2018-01-06,68.72456512308263,9,24
2018-01-07,72.64555021261882,9,24
2018-01-08,45.64287541347091,9,24
2018-01-09,54.90870022362232,9,24
2018-01-10,53.70403788453167,9,24
2018-01-11,58.90304453848747,9,24
2018-01-12,63.837859018196156,9,24
2018-01-13,68.65991464347175,9,24
2018-01-14,72.6924747283873,9,24
2018-01-15,45.81794443310203,9,24
2018-01-16,55.225120213669356,9,24
2018-01-17,54.1712730336603,9,24
2018-01-18,59.52656646369262,9,24
2018-01-19,64.61902920577349,9,24
2018-01-20,69.5959995062853,9,24
2018-01-21,73.77678934348484,9,24
2018-01-22,47.040117400973806,9,24
2018-01-23,56.571468755951656,9,24
2018-01-24,55.625274500805375,9,24
2018-01-25,61.06940994048315,9,24
2018-01-26,66.23022893584452,9,24
2018-01-27,71.25405045811834,9,24
2018-01-28,75.45984443141364,9,24
2018-01-29,48.72666567542278,9,24
2018-01-30,58.24099427101508,9,24
2018-01-01,58.20453989166016,9,25
2018-01-02,69.81315565266004,9,25
2018-01-03,69.8907151892268,9,25
2018-01-04,74.3515912094475,9,25
2018-01-05,81.12404580196872,9,25
2018-01-06,85.6316407762977,9,25
2018-01-07,92.26028982218872,9,25
2018-01-08,57.24446681923634,9,25
2018-01-09,68.6724893547683,9,25
2018-01-10,68.61307036384068,9,25
2018-01-11,72.98448063008674,9,25
2018-01-12,79.71736275533621,9,25
2018-01-13,84.23612823082192,9,25
2018-01-14,90.92603826925532,9,25
2018-01-15,56.019481073383226,9,25
2018-01-16,67.60136187533257,9,25
2018-01-17,67.73579496154161,9,25
2018-01-18,72.33543585532611,9,25
2018-01-19,79.32448897298863,9,25
2018-01-20,84.12031651750777,9,25
2018-01-21,91.10074299834784,9,25
2018-01-22,56.490561553193565,9,25
2018-01-23,68.36715186620228,9,25
2018-01-24,68.78739249216119,9,25
2018-01-25,73.65719967163398,9,25
2018-01-26,80.89472234306649,9,25
2018-01-27,85.91211414102243,9,25
2018-01-28,93.08297255148157,9,25
2018-01-29,58.62894805958187,9,25
2018-01-30,70.62543069143925,9,25
2018-01-01,32.0799955804398,9,26
2018-01-02,38.53579255983808,9,26
2018-01-03,38.298141111587384,9,26
2018-01-04,41.073214764062584,9,26
2018-01-05,44.403140253975764,9,26
2018-01-06,47.12533334969805,9,26
2018-01-07,50.46038205353093,9,26
2018-01-08,30.567754202886018,9,26
2018-01-09,37.034648121120824,9,26
2018-01-10,36.84803776174694,9,26
2018-01-11,39.71348660624873,9,26
2018-01-12,43.17139377126772,9,26
2018-01-13,46.05640492196333,9,26
2018-01-14,49.58539732098199,9,26
2018-01-15,29.91331276009176,9,26
2018-01-16,36.622153170207355,9,26
2018-01-17,36.693186032236184,9,26
2018-01-18,39.825929181842966,9,26
2018-01-19,43.55457358633971,9,26
2018-01-20,46.70757173496696,9,26
2018-01-21,50.495796078057566,9,26
2018-01-22,31.068536559576096,9,26
2018-01-23,38.00264765729467,9,26
2018-01-24,38.274888103535275,9,26
2018-01-25,41.58101946882827,9,26
2018-01-26,45.45231939659514,9,26
2018-01-27,48.715235032628556,9,26
2018-01-28,52.57957972268856,9,26
2018-01-29,33.19454142899339,9,26
2018-01-30,40.137813452565005,9,26
2018-01-01,15.418932051475265,9,27
2018-01-02,18.83548871725239,9,27
2018-01-03,19.028831760295855,9,27
2018-01-04,20.11841603677872,9,27
2018-01-05,21.27224226079465,9,27
2018-01-06,21.915083813620182,9,27
2018-01-07,24.356884141044954,9,27
2018-01-08,14.751027477685023,9,27
2018-01-09,18.183986882602092,9,27
2018-01-10,18.41545679763577,9,27
2018-01-11,19.56392183464145,9,27
2018-01-12,20.79581145043761,9,27
2018-01-13,21.533785468879394,9,27
2018-01-14,24.085204455682728,9,27
2018-01-15,14.600485384496915,9,27
2018-01-16,18.162843974962772,9,27
2018-01-17,18.52852808598941,9,27
2018-01-18,19.812490898446683,9,27
2018-01-19,21.177650517674355,9,27
2018-01-20,22.043277954842598,9,27
2018-01-21,24.71356460662986,9,27
2018-01-22,15.336066978422041,9,27
2018-01-23,18.991527607166027,9,27
2018-01-24,19.434174474268094,9,27
2018-01-25,20.777445939256566,9,27
2018-01-26,22.183286551957956,9,27
2018-01-27,23.070554893353997,9,27
2018-01-28,25.743594234123087,9,27
2018-01-29,16.35066391052436,9,27
2018-01-30,19.973730999128477,9,27
2018-01-01,59.388337947182634,9,28
2018-01-02,72.76222686986134,9,28
2018-01-03,72.65563468665403,9,28
2018-01-04,78.74047191040191,9,28
2018-01-05,84.80286396023001,9,28
2018-01-06,90.74391451792206,9,28
2018-01-07,96.33800722455496,9,28
2018-01-08,59.10016161215528,9,28
2018-01-09,72.53352680694417,9,28
2018-01-10,72.51424947324406,9,28
2018-01-11,78.71192140145321,9,28
2018-01-12,84.90937816509425,9,28
2018-01-13,91.00361630805389,9,28
2018-01-14,96.7642705478176,9,28
2018-01-15,59.70116091180624,9,28
2018-01-16,73.3119870122207,9,28
2018-01-17,73.46739944429875,9,28
2018-01-18,79.83164726309624,9,28
2018-01-19,86.18256675059736,9,28
2018-01-20,92.41267313203043,9,28
2018-01-21,98.28779150995015,9,28
2018-01-22,61.31473244323188,9,28
2018-01-23,74.9890857456329,9,28
2018-01-24,75.18035980550775,9,28
2018-01-25,81.5526637226661,9,28
2018-01-26,87.88469686768244,9,28
2018-01-27,94.07080798046913,9,28
2018-01-28,99.87956156193476,9,28
2018-01-29,62.82131945156029,9,28
2018-01-30,76.39591451060316,9,28
2018-01-01,50.7583899966326,9,29
2018-01-02,60.21806278446071,9,29
2018-01-03,60.42169100001781,9,29
2018-01-04,64.47635367108745,9,29
2018-01-05,69.20144136655678,9,29
2018-01-06,74.88427554513572,9,29
2018-01-07,78.87736113263077,9,29
2018-01-08,50.33608117682191,9,29
2018-01-09,59.743734702694155,9,29
2018-01-10,59.92129806189305,9,29
2018-01-11,63.97639200401791,9,29
2018-01-12,68.72809927077792,9,29
2018-01-13,74.46264674043952,9,29
2018-01-14,78.5307397193953,9,29
2018-01-15,50.08535400780948,9,29
2018-01-16,59.606883324622764,9,29
2018-01-17,59.91301865018292,9,29
2018-01-18,64.10783789037916,9,29
2018-01-19,69.0067468704091,9,29
2018-01-20,74.89228202811783,9,29
2018-01-21,79.11155898795815,9,29
2018-01-22,50.81416955585496,9,29
2018-01-23,60.47742204659033,9,29
2018-01-24,60.91629929906036,9,29
2018-01-25,65.23261110539538,9,29
2018-01-26,70.23998093438512,9,29
2018-01-27,76.2196767603175,9,29
2018-01-28,80.51807017716874,9,29
2018-01-29,52.284526882374024,9,29
2018-01-30,61.99662448349724,9,29
2018-01-01,28.1673965085162,9,30
2018-01-02,33.594061254594294,9,30
2018-01-03,33.74404767978878,9,30
2018-01-04,36.90333959371782,9,30
2018-01-05,40.462646119321235,9,30
2018-01-06,42.52168673693721,9,30
2018-01-07,45.306768566383425,9,30
2018-01-08,28.65795960238494,9,30
2018-01-09,34.04471567570774,9,30
2018-01-10,34.15614410913982,9,30
2018-01-11,37.279129950040385,9,30
2018-01-12,40.80507565104011,9,30
2018-01-13,42.83419885926183,9,30
2018-01-14,45.59312798244182,9,30
2018-01-15,28.92209821894427,9,30
2018-01-16,34.29060469528184,9,30
2018-01-17,34.38769449231938,9,30
2018-01-18,37.50012223095453,9,30
2018-01-19,41.01911889705769,9,30
2018-01-20,43.04471742795823,9,30
2018-01-21,45.80337368240448,9,30
2018-01-22,29.13518455495277,9,30
2018-01-23,34.5095591031833,9,30
2018-01-24,34.61552386255514,9,30
2018-01-25,37.73988660238528,9,30
2018-01-26,41.27400798111675,9,30
2018-01-27,43.31812460471399,9,30
2018-01-28,46.098962287824165,9,30
2018-01-29,29.45694164921193,9,30
2018-01-30,34.86183245246409,9,30
2018-01-01,40.377132239325036,9,31
2018-01-02,48.51396069975501,9,31
2018-01-03,49.223953899562616,9,31
2018-01-04,52.03819571709706,9,31
2018-01-05,57.07582408927091,9,31
2018-01-06,60.88882890214929,9,31
2018-01-07,64.2787464626495,9,31
2018-01-08,40.7018576511148,9,31
2018-01-09,48.82460521719976,9,31
2018-01-10,49.524659343989526,9,31
2018-01-11,52.33376044987677,9,31
2018-01-12,57.37135096147618,9,31
2018-01-13,61.18940861091372,9,31
2018-01-14,64.58918616329291,9,31
2018-01-15,41.0264625373877,9,31
2018-01-16,49.1670184461626,9,31
2018-01-17,49.887763231836956,9,31
2018-01-18,52.71963938002553,9,31
2018-01-19,57.78131401416991,9,31
2018-01-20,61.62406762079124,9,31
2018-01-21,65.04858281696829,9,31
2018-01-22,41.51023630111725,9,31
2018-01-23,49.67460562595106,9,31
2018-01-24,50.418616356364076,9,31
2018-01-25,53.27345539890665,9,31
2018-01-26,58.35825953563808,9,31
2018-01-27,62.22498958393521,9,31
2018-01-28,65.67519358935434,9,31
2018-01-29,42.16526319724273,9,31
2018-01-30,50.3618962108154,9,31
2018-01-01,31.025962221125845,9,32
2018-01-02,37.69046521925301,9,32
2018-01-03,37.60663819454249,9,32
2018-01-04,41.15308087030699,9,32
2018-01-05,43.84078219409964,9,32
2018-01-06,46.686923392464365,9,32
2018-01-07,50.440840919478376,9,32
2018-01-08,31.020863868006572,9,32
2018-01-09,37.59251592068566,9,32
2018-01-10,37.430108699697854,9,32
2018-01-11,40.914122982813936,9,32
2018-01-12,43.55681976489798,9,32
2018-01-13,46.37604396270284,9,32
2018-01-14,50.121205346869324,9,32
2018-01-15,30.710150130188655,9,32
2018-01-16,37.30741171689509,9,32
2018-01-17,37.185865525148955,9,32
2018-01-18,40.72418208923683,9,32
2018-01-19,43.432517921346395,9,32
2018-01-20,46.32640426738115,9,32
2018-01-21,50.15281559761379,9,32
2018-01-22,30.827128517244574,9,32
2018-01-23,37.51145694138221,9,32
2018-01-24,37.476385941932094,9,32
2018-01-25,41.09849619972479,9,32
2018-01-26,43.88611655869249,9,32
2018-01-27,46.853263181228186,9,32
2018-01-28,50.745745895122646,9,32
2018-01-29,31.47815158793837,9,32
2018-01-30,38.212190095239954,9,32
2018-01-01,47.41149141325987,9,33
2018-01-02,57.40021914335735,9,33
2018-01-03,56.80769261409998,9,33
2018-01-04,63.064203463952516,9,33
2018-01-05,67.34445333241374,9,33
2018-01-06,72.0188630154547,9,33
2018-01-07,76.07473273180396,9,33
2018-01-08,47.71914829196379,9,33
2018-01-09,57.73244372404749,9,33
2018-01-10,57.18135850546606,9,33
2018-01-11,63.49603742465203,9,33
2018-01-12,67.8502681423863,9,33
2018-01-13,72.61285928912912,9,33
2018-01-14,76.76888971647554,9,33
2018-01-15,48.5227203629442,9,33
2018-01-16,58.65157553496611,9,33
2018-01-17,58.21882770174957,9,33
2018-01-18,64.6511296008826,9,33
2018-01-19,69.11878445429471,9,33
2018-01-20,73.98725294143404,9,33
2018-01-21,78.23852356674809,9,33
2018-01-22,50.074234219780564,9,33
2018-01-23,60.26934849607957,9,33
2018-01-24,59.885518156124036,9,33
2018-01-25,66.34827338933458,9,33
2018-01-26,70.8274301925792,9,33
2018-01-27,75.6886126996664,9,33
2018-01-28,79.91461697477109,9,33
2018-01-29,51.70850463179756,9,33
2018-01-30,61.84723106091272,9,33
2018-01-01,17.447967358154262,9,34
2018-01-02,21.44873201133776,9,34
2018-01-03,20.877390105805908,9,34
2018-01-04,23.161261829411572,9,34
2018-01-05,24.804230541985465,9,34
2018-01-06,27.38315298259922,9,34
2018-01-07,28.88125447643786,9,34
2018-01-08,18.15736760282443,9,34
2018-01-09,22.115245991989717,9,34
2018-01-10,21.49109421786228,9,34
2018-01-11,23.71388665519914,9,34
2018-01-12,25.28926680211776,9,34
2018-01-13,27.795925059251882,9,34
2018-01-14,29.218960350871715,9,34
2018-01-15,18.41908472424514,9,34
2018-01-16,22.30190327979016,9,34
2018-01-17,21.605411080498435,9,34
2018-01-18,23.760280568385905,9,34
2018-01-19,25.273731613319818,9,34
2018-01-20,27.72588275832401,9,34
2018-01-21,29.103089556531856,9,34
2018-01-22,18.26712956962381,9,34
2018-01-23,22.12446673013391,9,34
2018-01-24,21.41373697181149,9,34
2018-01-25,23.566028815099735,9,34
2018-01-26,25.088751090916013,9,34
2018-01-27,27.56198632524356,9,34
2018-01-28,28.971835538511293,9,34
2018-01-29,18.179613796932824,9,34
2018-01-30,22.091128897060933,9,34
2018-01-01,47.237116822847696,9,35
2018-01-02,56.70126047264284,9,35
2018-01-03,56.99024679984692,9,35
2018-01-04,61.04232049973672,9,35
2018-01-05,65.92037812921619,9,35
2018-01-06,70.86417890101247,9,35
2018-01-07,74.52008916029017,9,35
2018-01-08,47.612405689047435,9,35
2018-01-09,56.95348476487513,9,35
2018-01-10,57.13667942308085,9,35
2018-01-11,61.10284186773717,9,35
2018-01-12,65.91667534467305,9,35
2018-01-13,70.81894007487445,9,35
2018-01-14,74.45621502798257,9,35
2018-01-15,47.552259539352896,9,35
2018-01-16,56.91820002702433,9,35
2018-01-17,57.14554211686301,9,35
2018-01-18,61.172762570279794,9,35
2018-01-19,66.06176244556416,9,35
2018-01-20,71.05018295601452,9,35
2018-01-21,74.78128250785697,9,35
2018-01-22,47.97541554983312,9,35
2018-01-23,57.44033514036789,9,35
2018-01-24,57.76431629451368,9,35
2018-01-25,61.88285145459972,9,35
2018-01-26,66.85519673430619,9,35
2018-01-27,71.91676796292707,9,35
2018-01-28,75.70908297524899,9,35
2018-01-29,48.95128919723245,9,35
2018-01-30,58.450497333936184,9,35
2018-01-01,53.84838568318674,9,36
2018-01-02,65.30169638195586,9,36
2018-01-03,64.51010493000511,9,36
2018-01-04,69.93636902705919,9,36
2018-01-05,75.92082716940975,9,36
2018-01-06,81.64781669272766,9,36
2018-01-07,86.58209460863327,9,36
2018-01-08,53.505666599050095,9,36
2018-01-09,64.77623766545095,9,36
2018-01-10,63.83452082103335,9,36
2018-01-11,69.14720966646628,9,36
2018-01-12,75.05731337653842,9,36
2018-01-13,80.7505641568183,9,36
2018-01-14,85.69186349568103,9,36
2018-01-15,52.6621706701994,9,36
2018-01-16,64.0170441821455,9,36
2018-01-17,63.19406888169098,9,36
2018-01-18,68.65597029484442,9,36
2018-01-19,74.74110980847546,9,36
2018-01-20,80.63006549653313,9,36
2018-01-21,85.78225940177164,9,36
2018-01-22,52.973029145004816,9,36
2018-01-23,64.55234904687666,9,36
2018-01-24,63.95242827425368,9,36
2018-01-25,69.63098268389103,9,36
2018-01-26,75.92186970299126,9,36
2018-01-27,82.00178736785543,9,36
2018-01-28,87.32699541075995,9,36
2018-01-29,54.670454162500995,9,36
2018-01-30,66.38058520382059,9,36
2018-01-01,20.373351661392338,9,37
2018-01-02,25.294369046088892,9,37
2018-01-03,24.745281693125023,9,37
2018-01-04,26.655279926391366,9,37
2018-01-05,28.483359301126434,9,37
2018-01-06,31.10623971905115,9,37
2018-01-07,33.42758424738801,9,37
2018-01-08,20.896841136479832,9,37
2018-01-09,25.804560034382238,9,37
2018-01-10,25.238245067271016,9,37
2018-01-11,27.127871014904372,9,37
2018-01-12,28.933198186344214,9,37
2018-01-13,31.531688244045938,9,37
2018-01-14,33.82772031706034,9,37
2018-01-15,21.271430676286286,9,37
2018-01-16,26.154026762880335,9,37
2018-01-17,25.563638057657684,9,37
2018-01-18,27.43082987155403,9,37
2018-01-19,29.215915553692387,9,37
2018-01-20,31.796869299117176,9,37
2018-01-21,34.0785388777208,9,37
2018-01-22,21.51148158313758,9,37
2018-01-23,26.38727426421333,9,37
2018-01-24,25.79436003693838,9,37
2018-01-25,27.663557903205714,9,37
2018-01-26,29.45537094559524,9,37
2018-01-27,32.04789547358223,9,37
2018-01-28,34.34603064448573,9,37
2018-01-29,21.80031206245742,9,37
2018-01-30,26.702220410880024,9,37
2018-01-01,56.84156399923963,9,38
2018-01-02,68.21585549537966,9,38
2018-01-03,68.3500544360361,9,38
2018-01-04,73.70524813507728,9,38
2018-01-05,79.9722674256962,9,38
2018-01-06,85.63607483866635,9,38
2018-01-07,90.63841638306687,9,38
2018-01-08,57.03617601420328,9,38
2018-01-09,68.22302922375633,9,38
2018-01-10,68.18955665085534,9,38
2018-01-11,73.40198590819486,9,38
2018-01-12,79.55540816797797,9,38
2018-01-13,85.13809269496215,9,38
2018-01-14,90.09408970511566,9,38
2018-01-15,56.48156136826142,9,38
2018-01-16,67.69443750396869,9,38
2018-01-17,67.72255637128767,9,38
2018-01-18,73.03045764652944,9,38
2018-01-19,79.31067246921612,9,38
2018-01-20,85.04813155292152,9,38
2018-01-21,90.18287908566711,9,38
2018-01-22,56.76852918437736,9,38
2018-01-23,68.19405808282127,9,38
2018-01-24,68.44408884546426,9,38
2018-01-25,73.97783195342774,9,38
2018-01-26,80.48252284200741,9,38
2018-01-27,86.43797363474982,9,38
2018-01-28,91.77942318090105,9,38
2018-01-29,58.556118776634925,9,38
2018-01-30,70.15321967018457,9,38
2018-01-01,32.13227514428351,9,39
2018-01-02,37.48420109238347,9,39
2018-01-03,37.649981368696885,9,39
2018-01-04,40.69430862633551,9,39
2018-01-05,43.766140782884094,9,39
2018-01-06,47.32129433824885,9,39
2018-01-07,50.03417494050931,9,39
2018-01-08,31.683293892550093,9,39
2018-01-09,36.98840609182591,9,39
2018-01-10,37.132998358646006,9,39
2018-01-11,40.18239923188453,9,39
2018-01-12,43.285359705145915,9,39
2018-01-13,46.89668234502852,9,39
2018-01-14,49.68900954732612,9,39
2018-01-15,31.43841747874164,9,39
2018-01-16,36.86164854123295,9,39
2018-01-17,37.13870823471218,9,39
2018-01-18,40.33109408338568,9,39
2018-01-19,43.583502455775175,9,39
2018-01-20,47.346586951245335,9,39
2018-01-21,50.288875325392475,9,39
2018-01-22,32.182487808341065,9,39
2018-01-23,37.740486155827384,9,39
2018-01-24,38.13957609985279,9,39
2018-01-25,41.43842803398954,9,39
2018-01-26,44.77945938273848,9,39
2018-01-27,48.61165046075777,9,39
2018-01-28,51.60249948150463,9,39
2018-01-29,33.523758844695706,9,39
2018-01-30,39.088781910656806,9,39
2018-01-01,20.66709183144764,9,40
2018-01-02,24.184957535584484,9,40
2018-01-03,24.46958280218231,9,40
2018-01-04,27.059100833215673,9,40
2018-01-05,28.006656331756954,9,40
2018-01-06,30.465285067797623,9,40
2018-01-07,32.304762987841436,9,40
2018-01-08,20.66205976325956,9,40
2018-01-09,24.140510796267243,9,40
2018-01-10,24.386052035794837,9,40
2018-01-11,26.938650024315603,9,40
2018-01-12,27.853232318527542,9,40
2018-01-13,30.2845241603834,9,40
2018-01-14,32.10385551520248,9,40
2018-01-15,20.44957451713953,9,40
2018-01-16,23.926182480390757,9,40
2018-01-17,24.180535929367355,9,40
2018-01-18,26.753249094594224,9,40
2018-01-19,27.699602936156783,9,40
2018-01-20,30.174367350261523,9,40
2018-01-21,32.048601288567305,9,40
2018-01-22,20.46006725181691,9,40
2018-01-23,24.012375529382965,9,40
2018-01-24,24.351203627279645,9,40
2018-01-25,27.01572409318696,9,40
2018-01-26,28.05954633215527,9,40
2018-01-27,30.63557837971218,9,40
2018-01-28,32.61287246348632,9,40
2018-01-29,21.127089730319554,9,40
2018-01-30,24.779698262021995,9,40
2018-01-01,16.505811557412663,9,41
2018-01-02,19.331554640080025,9,41
2018-01-03,19.252593425317006,9,41
2018-01-04,20.72413038218278,9,41
2018-01-05,22.678493136771632,9,41
2018-01-06,24.13269626026195,9,41
2018-01-07,25.038932083899734,9,41
2018-01-08,16.75388986557621,9,41
2018-01-09,19.488997444911206,9,41
2018-01-10,19.332352818562892,9,41
2018-01-11,20.740797216051963,9,41
2018-01-12,22.64775703061692,9,41
2018-01-13,24.07079811397367,9,41
2018-01-14,24.96212495507438,9,41
2018-01-15,16.677923447101634,9,41
2018-01-16,19.428640336831215,9,41
2018-01-17,19.300965360025998,9,41
2018-01-18,20.74996587458407,9,41
2018-01-19,22.706999293982335,9,41
2018-01-20,24.187344556112862,9,41
2018-01-21,25.140782722113947,9,41
2018-01-22,16.921022903280047,9,41
2018-01-23,19.736064098757648,9,41
2018-01-24,19.670256502285913,9,41
2018-01-25,21.17650978259275,9,41
2018-01-26,23.184271535150074,9,41
2018-01-27,24.707215298451906,9,41
2018-01-28,25.69386669896876,9,41
2018-01-29,17.497062747455168,9,41
2018-01-30,20.32433407596481,9,41
2018-01-01,24.49275750085184,9,42
2018-01-02,30.41590575535955,9,42
2018-01-03,30.774480444013093,9,42
2018-01-04,32.85341881584585,9,42
2018-01-05,34.75107758692764,9,42
2018-01-06,37.619936129762166,9,42
2018-01-07,40.10329868120915,9,42
2018-01-08,23.94649469542219,9,42
2018-01-09,29.780749382344162,9,42
2018-01-10,30.07303667385101,9,42
2018-01-11,32.110215821338755,9,42
2018-01-12,33.991790805557486,9,42
2018-01-13,36.87060907447118,9,42
2018-01-14,39.389580164252095,9,42
2018-01-15,23.292912404933144,9,42
2018-01-16,29.210038315137545,9,42
2018-01-17,29.605539030033306,9,42
2018-01-18,31.763366662010057,9,42
2018-01-19,33.77970113568066,9,42
2018-01-20,36.803755112456145,9,42
2018-01-21,39.47460448285354,9,42
2018-01-22,23.53253945811376,9,42
2018-01-23,29.60310369263917,9,42
2018-01-24,30.147128687607434,9,42
2018-01-25,32.445059446659,9,42
2018-01-26,34.589905235317715,9,42
2018-01-27,37.72812668011199,9,42
2018-01-28,40.49653467267794,9,42
2018-01-29,24.63369451719876,9,42
2018-01-30,30.76400160971966,9,42
2018-01-01,36.21764142416215,9,43
2018-01-02,43.34136197671859,9,43
2018-01-03,44.061902769254736,9,43
2018-01-04,47.262907902995686,9,43
2018-01-05,50.37247273730329,9,43
2018-01-06,53.30564712216385,9,43
2018-01-07,58.18075776466979,9,43
2018-01-08,35.70727393183042,9,43
2018-01-09,42.77915884910621,9,43
2018-01-10,43.46990788212247,9,43
2018-01-11,46.663882149170874,9,43
2018-01-12,49.78916242330011,9,43
2018-01-13,52.76009249943428,9,43
2018-01-14,57.69365969341825,9,43
2018-01-15,35.29743442216011,9,43
2018-01-16,42.463008591268604,9,43
2018-01-17,43.26113094953598,9,43
2018-01-18,46.573144918897164,9,43
2018-01-19,49.823950505034006,9,43
2018-01-20,52.92465618568738,9,43
2018-01-21,57.98906523706752,9,43
2018-01-22,35.721715398537526,9,43
2018-01-23,43.01140879793883,9,43
2018-01-24,43.926427807577895,9,43
2018-01-25,47.34604023481216,9,43
2018-01-26,50.69351378044119,9,43
2018-01-27,53.8788044672429,9,43
2018-01-28,59.0150628011365,9,43
2018-01-29,36.80667638204342,9,43
2018-01-30,44.14278620647569,9,43
2018-01-01,20.318943247302254,9,44
2018-01-02,24.67911423452172,9,44
2018-01-03,24.466912412176868,9,44
2018-01-04,27.18455098182666,9,44
2018-01-05,28.90451768653567,9,44
2018-01-06,30.93237672054157,9,44
2018-01-07,32.6199653253848,9,44
2018-01-08,20.77822720279739,9,44
2018-01-09,25.122163613944775,9,44
2018-01-10,24.888567426071766,9,44
2018-01-11,27.58000372145265,9,44
2018-01-12,29.269314997529154,9,44
2018-01-13,31.262437351539777,9,44
2018-01-14,32.91161188323222,9,44
2018-01-15,21.028232604947906,9,44
2018-01-16,25.32781089249053,9,44
2018-01-17,25.047720939220234,9,44
2018-01-18,27.69118909415372,9,44
2018-01-19,29.331804472922123,9,44
2018-01-20,31.276336711133055,9,44
2018-01-21,32.87794470873264,9,44
2018-01-22,20.949017422503175,9,44
2018-01-23,25.206126674519,9,44
2018-01-24,24.88775654240362,9,44
2018-01-25,27.498272487924698,9,44
2018-01-26,29.112408052641744,9,44
2018-01-27,31.038055585619816,9,44
2018-01-28,32.62944558360745,9,44
2018-01-29,20.699956551679293,9,44
2018-01-30,24.967036292409887,9,44
2018-01-01,57.826524550020565,9,45
2018-01-02,68.17560777286317,9,45
2018-01-03,69.17603617850831,9,45
2018-01-04,75.0244818689727,9,45
2018-01-05,81.8034056610647,9,45
2018-01-06,86.98635739922364,9,45
2018-01-07,91.69064265040146,9,45
2018-01-08,57.99442976433238,9,45
2018-01-09,68.3039697902494,9,45
2018-01-10,69.28026946350244,9,45
2018-01-11,75.12053548925792,9,45
2018-01-12,81.90715268948368,9,45
2018-01-13,87.1130423565817,9,45
2018-01-14,91.85440048167659,9,45
2018-01-15,58.20788688147403,9,45
2018-01-16,68.57793455510729,9,45
2018-01-17,69.62351623278974,9,45
2018-01-18,75.53968309699847,9,45
2018-01-19,82.40663510704718,9,45
2018-01-20,87.69516633421836,9,45
2018-01-21,92.51948232905977,9,45
2018-01-22,58.95445825688695,9,45
2018-01-23,69.40300527047438,9,45
2018-01-24,70.52288068337452,9,45
2018-01-25,76.50825602779666,9,45
2018-01-26,83.43880203985776,9,45
2018-01-27,88.78513410415235,9,45
2018-01-28,93.66161578951728,9,45
2018-01-29,60.14359028425641,9,45
2018-01-30,70.63470867402029,9,45
2018-01-01,41.10908507825101,9,46
2018-01-02,49.81662225169157,9,46
2018-01-03,48.38467167589234,9,46
2018-01-04,53.18252348763461,9,46
2018-01-05,57.033868973279894,9,46
2018-01-06,61.27643081958296,9,46
2018-01-07,65.11757042910153,9,46
2018-01-08,40.315770301498404,9,46
2018-01-09,48.999699789081035,9,46
2018-01-10,47.572678455030925,9,46
2018-01-11,52.403442929067005,9,46
2018-01-12,56.31426691989336,9,46
2018-01-13,60.64067458372814,9,46
2018-01-14,64.58715088033841,9,46
2018-01-15,39.908743372091514,9,46
2018-01-16,48.73025984542514,9,46
2018-01-17,47.450871794167625,9,46
2018-01-18,52.43502532929229,9,46
2018-01-19,56.50070483361241,9,46
2018-01-20,60.97928532883148,9,46
2018-01-21,65.07137318613562,9,46
2018-01-22,40.528525973420486,9,46
2018-01-23,49.47255259792903,9,46
2018-01-24,48.300201082674526,9,46
2018-01-25,53.374133434592885,9,46
2018-01-26,57.51123145511029,9,46
2018-01-27,62.04246866779101,9,46
2018-01-28,66.16874788125709,9,46
2018-01-29,41.642595746375264,9,46
2018-01-30,50.58741667363094,9,46
2018-01-01,15.220441168751844,9,47
2018-01-02,18.019066917451973,9,47
2018-01-03,18.899441040769744,9,47
2018-01-04,20.154998668469563,9,47
2018-01-05,21.47237288447154,9,47
2018-01-06,22.875459959013895,9,47
2018-01-07,24.464840485057866,9,47
2018-01-08,15.288310121655003,9,47
2018-01-09,18.070897426709763,9,47
2018-01-10,18.9415342719359,9,47
2018-01-11,20.19387356921845,9,47
2018-01-12,21.514553579557905,9,47
2018-01-13,22.927279346375578,9,47
2018-01-14,24.532264349016028,9,47
2018-01-15,15.376785256790976,9,47
2018-01-16,18.18522638763168,9,47
2018-01-17,19.08577845839956,9,47
2018-01-18,20.37128544855885,9,47
2018-01-19,21.7275379667196,9,47
2018-01-20,23.177382828669636,9,47
2018-01-21,24.820191181451385,9,47
2018-01-22,15.702437381945565,9,47
2018-01-23,18.547764668555907,9,47
2018-01-24,19.483701763867796,9,47
2018-01-25,20.80252390670629,9,47
2018-01-26,22.189556507767453,9,47
2018-01-27,23.66729107152707,9,47
2018-01-28,25.334855776116502,9,47
2018-01-29,16.238593094771957,9,47
2018-01-30,19.10212077648475,9,47
2018-01-01,35.01680270083753,9,48
2018-01-02,41.83902052906105,9,48
2018-01-03,42.07737057116326,9,48
2018-01-04,45.81599316299646,9,48
2018-01-05,49.8121968836361,9,48
2018-01-06,53.114454164235944,9,48
2018-01-07,57.08525281039218,9,48
2018-01-08,34.80340755067395,9,48
2018-01-09,41.70085530785106,9,48
2018-01-10,42.029500069705236,9,48
2018-01-11,45.87193779150341,9,48
2018-01-12,49.983363105590726,9,48
2018-01-13,53.4096471321283,9,48
2018-01-14,57.51028560051544,9,48
2018-01-15,35.36081826972811,9,48
2018-01-16,42.38973992220164,9,48
2018-01-17,42.84546519417958,9,48
2018-01-18,46.8071739713026,9,48
2018-01-19,51.02683544430271,9,48
2018-01-20,54.547396563762966,9,48
2018-01-21,58.72583077963648,9,48
2018-01-22,36.63564505227859,9,48
2018-01-23,43.70386281925453,9,48
2018-01-24,44.17804306857694,9,48
2018-01-25,48.1371606758574,9,48
2018-01-26,52.33364510712674,9,48
2018-01-27,55.81156284091553,9,48
2018-01-28,59.92963961906953,9,48
2018-01-29,37.763721342631,9,48
2018-01-30,44.74369269651402,9,48
2018-01-01,21.23155976851538,9,49
2018-01-02,25.55425573149912,9,49
2018-01-03,25.42465376778244,9,49
2018-01-04,27.463723499413987,9,49
2018-01-05,29.657848349163796,9,49
2018-01-06,31.135788229632283,9,49
2018-01-07,33.40261356218252,9,49
2018-01-08,20.60358950991498,9,49
2018-01-09,24.879288765563313,9,49
2018-01-10,24.721082127793224,9,49
2018-01-11,26.75109054923799,9,49
2018-01-12,28.956302571909802,9,49
2018-01-13,30.465536249232763,9,49
2018-01-14,32.78338634867936,9,49
2018-01-15,20.054135068463125,9,49
2018-01-16,24.416903628991847,9,49
2018-01-17,24.361192696468223,9,49
2018-01-18,26.50689378616004,9,49
2018-01-19,28.838473812513016,9,49
2018-01-20,30.482009971470454,9,49
2018-01-21,32.93921372480542,9,49
2018-01-22,20.351420038352323,9,49
2018-01-23,24.854817153913668,9,49
2018-01-24,24.936062823331902,9,49
2018-01-25,27.212367230610443,9,49
2018-01-26,29.665743000560536,9,49
2018-01-27,31.420097909751853,9,49
2018-01-28,33.9753077331804,9,49
2018-01-29,21.47124430991421,9,49
2018-01-30,26.043033324765418,9,49
2018-01-01,45.00201684909099,9,50
2018-01-02,52.76875021356976,9,50
2018-01-03,52.99327198258881,9,50
2018-01-04,57.81472072725562,9,50
2018-01-05,62.88585145318468,9,50
2018-01-06,66.98991344357404,9,50
2018-01-07,72.07104997745408,9,50
2018-01-08,44.510079130281554,9,50
2018-01-09,52.292666849006295,9,50
2018-01-10,52.56837318589908,9,50
2018-01-11,57.47503198855742,9,50
2018-01-12,62.66284830149946,9,50
2018-01-13,66.91139770523716,9,50
2018-01-14,72.16017997421841,9,50
2018-01-15,44.7845810686722,9,50
2018-01-16,52.76424872400956,9,50
2018-01-17,53.24235604142727,9,50
2018-01-18,58.35020653416462,9,50
2018-01-19,63.73155788754521,9,50
2018-01-20,68.15984170872312,9,50
2018-01-21,73.5689249525153,9,50
2018-01-22,46.329260788339354,9,50
2018-01-23,54.416428551941955,9,50
2018-01-24,54.97053234972843,9,50
2018-01-25,60.120907861051265,9,50
2018-01-26,65.51051171696317,9,50
2018-01-27,69.91316896482218,9,50
2018-01-28,75.26432368908807,9,50
2018-01-29,47.93714110733333,9,50
2018-01-30,55.91096247559213,9,50
2018-01-01,16.5757535205045,10,1
2018-01-02,20.367371836692143,10,1
2018-01-03,20.381008234040415,10,1
2018-01-04,21.758797303722456,10,1
2018-01-05,23.439459696553083,10,1
2018-01-06,25.384997588832807,10,1
2018-01-07,27.377589278760063,10,1
2018-01-08,16.71144728393859,10,1
2018-01-09,20.402909330614563,10,1
2018-01-10,20.319982426907888,10,1
2018-01-11,21.606403860822383,10,1
2018-01-12,23.202291927113315,10,1
2018-01-13,25.070840152828744,10,1
2018-01-14,26.995215650138096,10,1
2018-01-15,16.270425170284817,10,1
2018-01-16,19.91341737738997,10,1
2018-01-17,19.79264062546725,10,1
2018-01-18,21.052119167874643,10,1
2018-01-19,22.632119725799722,10,1
2018-01-20,24.49586137249201,10,1
2018-01-21,26.42642864332255,10,1
2018-01-22,15.718650843872723,10,1
2018-01-23,19.389215610643777,10,1
2018-01-24,19.306235691459072,10,1
2018-01-25,20.613331715518786,10,1
2018-01-26,22.250302875700218,10,1
2018-01-27,24.179838627562564,10,1
2018-01-28,26.184431600467924,10,1
2018-01-29,15.55825510240201,10,1
2018-01-30,19.31727378119175,10,1
2018-01-01,45.231415233599606,10,2
2018-01-02,52.820614122071035,10,2
2018-01-03,53.50384258695782,10,2
2018-01-04,58.25586136944803,10,2
2018-01-05,62.62305176067015,10,2
2018-01-06,66.0521486493593,10,2
2018-01-07,69.96671026521139,10,2
2018-01-08,45.51114374451194,10,2
2018-01-09,53.12887373061258,10,2
2018-01-10,53.85396855157413,10,2
2018-01-11,58.659416498677494,10,2
2018-01-12,63.08927368909427,10,2
2018-01-13,66.58751462332154,10,2
2018-01-14,70.57463154169659,10,2
2018-01-15,46.19179713531693,10,2
2018-01-16,53.879173098101305,10,2
2018-01-17,54.66767433403891,10,2
2018-01-18,59.5273767544409,10,2
2018-01-19,63.99978584350141,10,2
2018-01-20,67.5267932070368,10,2
2018-01-21,71.5273638418929,10,2
2018-01-22,47.14176593747332,10,2
2018-01-23,54.80992365782217,10,2
2018-01-24,55.56320143517518,10,2
2018-01-25,60.37280721921512,10,2
2018-01-26,64.78203216424274,10,2
2018-01-27,68.2351550553483,10,2
2018-01-28,72.15405603201921,10,2
2018-01-29,47.6823539206669,10,2
2018-01-30,55.263650711047745,10,2
2018-01-01,26.875600169147404,10,3
2018-01-02,32.795102129792,10,3
2018-01-03,33.38257657471839,10,3
2018-01-04,35.584251676174915,10,3
2018-01-05,38.86786490924942,10,3
2018-01-06,41.663333899040595,10,3
2018-01-07,44.03308297435214,10,3
2018-01-08,27.292283072116202,10,3
2018-01-09,33.12561939514218,10,3
2018-01-10,33.63383976226362,10,3
2018-01-11,35.76530734119618,10,3
2018-01-12,38.98938811449794,10,3
2018-01-13,41.73710730977452,10,3
2018-01-14,44.07147816466614,10,3
2018-01-15,27.30776004771358,10,3
2018-01-16,33.13025925412877,10,3
2018-01-17,33.638923913942065,10,3
2018-01-18,35.780954831857734,10,3
2018-01-19,39.02426043355683,10,3
2018-01-20,41.798187636149656,10,3
2018-01-21,44.16392944076191,10,3
2018-01-22,27.434863613886755,10,3
2018-01-23,33.293433124160785,10,3
2018-01-24,33.837817198348304,10,3
2018-01-25,36.013612401149224,10,3
2018-01-26,39.28734972589986,10,3
2018-01-27,42.087277620074985,10,3
2018-01-28,44.473810193732476,10,3
2018-01-29,27.759893819934213,10,3
2018-01-30,33.6279020534646,10,3
2018-01-01,16.354070622929683,10,4
2018-01-02,19.52169695661891,10,4
2018-01-03,19.741747728418645,10,4
2018-01-04,21.102184986383087,10,4
2018-01-05,23.010028144933013,10,4
2018-01-06,24.481616940300768,10,4
2018-01-07,25.55634280908256,10,4
2018-01-08,16.267319174094844,10,4
2018-01-09,19.412829622786383,10,4
2018-01-10,19.617792941808464,10,4
2018-01-11,20.97045065132862,10,4
2018-01-12,22.87784533049314,10,4
2018-01-13,24.356102903651756,10,4
2018-01-14,25.44418954194246,10,4
2018-01-15,16.174612596987025,10,4
2018-01-16,19.34490336783929,10,4
2018-01-17,19.579119404178517,10,4
2018-01-18,20.96457069059335,10,4
2018-01-19,22.90733670841453,10,4
2018-01-20,24.42258629106426,10,4
2018-01-21,25.54836975371608,10,4
2018-01-22,16.316351652421034,10,4
2018-01-23,19.523321055712685,10,4
2018-01-24,19.792716279668547,10,4
2018-01-25,21.211367866378083,10,4
2018-01-26,23.1850264357142,10,4
2018-01-27,24.72868716654788,10,4
2018-01-28,25.880380433021234,10,4
2018-01-29,16.67189719717109,10,4
2018-01-30,19.90028647284474,10,4
2018-01-01,13.96674093083752,10,5
2018-01-02,16.472346512964993,10,5
2018-01-03,16.75496135329886,10,5
2018-01-04,17.645515392528228,10,5
2018-01-05,19.133324391259848,10,5
2018-01-06,20.035622878273326,10,5
2018-01-07,21.740820482211582,10,5
2018-01-08,13.618309732731719,10,5
2018-01-09,16.079222446724188,10,5
2018-01-10,16.326651182434794,10,5
2018-01-11,17.19324401875252,10,5
2018-01-12,18.669728360832906,10,5
2018-01-13,19.57441398745539,10,5
2018-01-14,21.296427532482845,10,5
2018-01-15,13.205506888028298,10,5
2018-01-16,15.712752852417061,10,5
2018-01-17,16.020854517558575,10,5
2018-01-18,16.961696469491063,10,5
2018-01-19,18.52490313194639,10,5
2018-01-20,19.52736991803357,10,5
2018-01-21,21.35653266864428,10,5
2018-01-22,13.380203004439862,10,5
2018-01-23,16.007365929015748,10,5
2018-01-24,16.43845508936846,10,5
2018-01-25,17.503012603158194,10,5
2018-01-26,19.18828756795439,10,5
2018-01-27,20.308821682039145,10,5
2018-01-28,22.249772224873393,10,5
2018-01-29,14.376798828774572,10,5
2018-01-30,17.096909242910243,10,5
2018-01-01,44.109548563908454,10,6
2018-01-02,52.611709382347826,10,6
2018-01-03,52.52943990238536,10,6
2018-01-04,57.04412943198031,10,6
2018-01-05,61.78177951980022,10,6
2018-01-06,66.01243264992465,10,6
2018-01-07,70.22855643411668,10,6
2018-01-08,44.40171796644853,10,6
2018-01-09,52.87107613867416,10,6
2018-01-10,52.768960851824936,10,6
2018-01-11,57.277512124687306,10,6
2018-01-12,62.022857078363565,10,6
2018-01-13,66.27457954681186,10,6
2018-01-14,70.52416170349173,10,6
2018-01-15,44.741729950910944,10,6
2018-01-16,53.26463010642729,10,6
2018-01-17,53.223097802199185,10,6
2018-01-18,57.79699392085142,10,6
2018-01-19,62.610079808555476,10,6
2018-01-20,66.92958381310294,10,6
2018-01-21,71.24473546911375,10,6
2018-01-22,45.52359672853787,10,6
2018-01-23,54.10171272619982,10,6
2018-01-24,54.10784582363651,10,6
2018-01-25,58.72076101087816,10,6
2018-01-26,63.56353613692846,10,6
2018-01-27,67.90314775063082,10,6
2018-01-28,72.22900861965013,10,6
2018-01-29,46.5097865882646,10,6
2018-01-30,55.08202801550869,10,6
2018-01-01,42.40139908848011,10,7
2018-01-02,50.939899502183486,10,7
2018-01-03,52.327214788308396,10,7
2018-01-04,55.34010078338534,10,7
2018-01-05,59.30771331144506,10,7
2018-01-06,63.44027695112721,10,7
2018-01-07,68.16988484518832,10,7
2018-01-08,42.255448323527624,10,7
2018-01-09,50.871305466676375,10,7
2018-01-10,52.355202443552145,10,7
2018-01-11,55.481037725017515,10,7
2018-01-12,59.57442119374828,10,7
2018-01-13,63.84148818116891,10,7
2018-01-14,68.70986044267187,10,7
2018-01-15,42.93376752854764,10,7
2018-01-16,51.682832093930564,10,7
2018-01-17,53.29022730105394,10,7
2018-01-18,56.525590804776535,10,7
2018-01-19,60.71074197359042,10,7
2018-01-20,65.04863740588779,10,7
2018-01-21,69.96445233011846,10,7
2018-01-22,44.21079759790265,10,7
2018-01-23,52.95657285264768,10,7
2018-01-24,54.535161933443604,10,7
2018-01-25,57.71735384315134,10,7
2018-01-26,61.82703572832557,10,7
2018-01-27,66.07009369110162,10,7
2018-01-28,70.8754107142582,10,7
2018-01-29,44.99997398721581,10,7
2018-01-30,53.61759559118498,10,7
2018-01-01,56.1139769485102,10,8
2018-01-02,69.05063576657659,10,8
2018-01-03,67.61956003898646,10,8
2018-01-04,73.23351749645873,10,8
2018-01-05,79.32228245251248,10,8
2018-01-06,85.36089206100664,10,8
2018-01-07,91.2683411363497,10,8
2018-01-08,56.081213815360535,10,8
2018-01-09,69.14355900948115,10,8
2018-01-10,67.85944746012723,10,8
2018-01-11,73.63806387965255,10,8
2018-01-12,79.90490551525795,10,8
2018-01-13,86.13021018086874,10,8
2018-01-14,92.22783545652813,10,8
2018-01-15,57.229081310195355,10,8
2018-01-16,70.47275698357016,10,8
2018-01-17,69.3579239535172,10,8
2018-01-18,75.28916272629365,10,8
2018-01-19,81.68792952552893,10,8
2018-01-20,88.02112123574103,10,8
2018-01-21,94.20006634753418,10,8
2018-01-22,59.254431037722085,10,8
2018-01-23,72.52233902454434,10,8
2018-01-24,71.40313577239371,10,8
2018-01-25,77.3026445628895,10,8
2018-01-26,83.64448123571141,10,8
2018-01-27,89.89854765817115,10,8
2018-01-28,95.9799242491596,10,8
2018-01-29,60.92265407455342,10,8
2018-01-30,74.06972121713507,10,8
2018-01-01,39.2115009821253,10,9
2018-01-02,46.302382255019296,10,9
2018-01-03,45.55547816735438,10,9
2018-01-04,49.703269756494294,10,9
2018-01-05,54.05156778738193,10,9
2018-01-06,58.25941078653169,10,9
2018-01-07,62.043810488561036,10,9
2018-01-08,38.9121146075934,10,9
2018-01-09,45.85850137466604,10,9
2018-01-10,44.99571585020378,10,9
2018-01-11,49.05888950330686,10,9
2018-01-12,53.35545511879723,10,9
2018-01-13,57.545045719473094,10,9
2018-01-14,61.344268772096704,10,9
2018-01-15,38.25912404161624,10,9
2018-01-16,45.28157730539497,10,9
2018-01-17,44.52139710245858,10,9
2018-01-18,48.71009265520075,10,9
2018-01-19,53.1509612553307,10,9
2018-01-20,57.49912972498763,10,9
2018-01-21,61.46647695911126,10,9
2018-01-22,38.554201583031656,10,9
2018-01-23,45.749542664030415,10,9
2018-01-24,45.15775654864005,10,9
2018-01-25,49.506184146361065,10,9
2018-01-26,54.09441351792623,10,9
2018-01-27,58.57441942254977,10,9
2018-01-28,62.65556441956186,10,9
2018-01-29,39.83722375880831,10,9
2018-01-30,47.105540841481975,10,9
2018-01-01,55.46134590403649,10,10
2018-01-02,66.25523888999624,10,10
2018-01-03,66.40240249914376,10,10
2018-01-04,71.188404931392,10,10
2018-01-05,77.72721954979049,10,10
2018-01-06,82.60093819812681,10,10
2018-01-07,87.0472245153558,10,10
2018-01-08,55.635671390374746,10,10
2018-01-09,66.31294382751328,10,10
2018-01-10,66.36903632388575,10,10
2018-01-11,71.09177221827831,10,10
2018-01-12,77.59628848785634,10,10
2018-01-13,82.46477738444165,10,10
2018-01-14,86.93399837385995,10,10
2018-01-15,55.571721853707025,10,10
2018-01-16,66.32198251781,10,10
2018-01-17,66.47146744832366,10,10
2018-01-18,71.30416187801336,10,10
2018-01-19,77.93099123003466,10,10
2018-01-20,82.92972574801928,10,10
2018-01-21,87.53265604771245,10,10
2018-01-22,56.303196025990225,10,10
2018-01-23,67.18128620068686,10,10
2018-01-24,67.44991814206475,10,10
2018-01-25,72.38989902445732,10,10
2018-01-26,79.10959159919706,10,10
2018-01-27,84.18489329840965,10,10
2018-01-28,88.8469609597489,10,10
2018-01-29,57.658836582342666,10,10
2018-01-30,68.5608469850574,10,10
2018-01-01,53.644277152214165,10,11
2018-01-02,62.832222460454204,10,11
2018-01-03,63.215584047210534,10,11
2018-01-04,68.59505228810036,10,11
2018-01-05,75.06223830311704,10,11
2018-01-06,78.55936760310786,10,11
2018-01-07,84.48063861945454,10,11
2018-01-08,53.34881400672168,10,11
2018-01-09,62.530045881682376,10,11
2018-01-10,62.928653554792035,10,11
2018-01-11,68.34376339446906,10,11
2018-01-12,74.86468520963382,10,11
2018-01-13,78.4307408415127,10,11
2018-01-14,84.43277324769335,10,11
2018-01-15,53.38989848770982,10,11
2018-01-16,62.66449608385528,10,11
2018-01-17,63.157150600944945,10,11
2018-01-18,68.6634485252448,10,11
2018-01-19,75.26949959881338,10,11
2018-01-20,78.91189355749617,10,11
2018-01-21,84.97931644849326,10,11
2018-01-22,53.98938558290683,10,11
2018-01-23,63.30369610003696,10,11
2018-01-24,63.82279040998577,10,11
2018-01-25,69.34295398505195,10,11
2018-01-26,75.9517070170145,10,11
2018-01-27,79.58770420618663,10,11
2018-01-28,85.64226907320273,10,11
2018-01-29,54.636124892964865,10,11
2018-01-30,63.934318984718814,10,11
2018-01-01,51.45889061293425,10,12
2018-01-02,62.406291095310166,10,12
2018-01-03,61.76918211187967,10,12
2018-01-04,67.75240399873195,10,12
2018-01-05,72.05362739754821,10,12
2018-01-06,77.40148338033262,10,12
2018-01-07,82.9347614653977,10,12
2018-01-08,51.16983040160033,10,12
2018-01-09,62.09768796855194,10,12
2018-01-10,61.471334802697484,10,12
2018-01-11,67.4957836492885,10,12
2018-01-12,71.86768641285768,10,12
2018-01-13,77.31354744650258,10,12
2018-01-14,82.96903784832845,10,12
2018-01-15,51.346561331038224,10,12
2018-01-16,62.43247279748585,10,12
2018-01-17,61.97463888120048,10,12
2018-01-18,68.17264563864822,10,12
2018-01-19,72.71762928773053,10,12
2018-01-20,78.3306918821685,10,12
2018-01-21,84.14241027011897,10,12
2018-01-22,52.66058280112917,10,12
2018-01-23,63.86760931843533,10,12
2018-01-24,63.50818876247223,10,12
2018-01-25,69.7796354537245,10,12
2018-01-26,74.37178675651543,10,12
2018-01-27,80.00546184243349,10,12
2018-01-28,85.81197880303787,10,12
2018-01-29,54.30087458498792,10,12
2018-01-30,65.45722438164678,10,12
2018-01-01,64.38639154867246,10,13
2018-01-02,76.90630490201006,10,13
2018-01-03,75.57019401515825,10,13
2018-01-04,81.84770717124839,10,13
2018-01-05,86.97619760141754,10,13
2018-01-06,93.5036378805563,10,13
2018-01-07,100.81708261891379,10,13
2018-01-08,64.10224007144193,10,13
2018-01-09,76.62648719966475,10,13
2018-01-10,75.32025843427544,10,13
2018-01-11,81.65286115785464,10,13
2018-01-12,86.86046472121924,10,13
2018-01-13,93.4891031280095,10,13
2018-01-14,100.92324403664722,10,13
2018-01-15,64.34548083099625,10,13
2018-01-16,77.01967815161743,10,13
2018-01-17,75.87249685456251,10,13
2018-01-18,82.3693471189694,10,13
2018-01-19,87.74251233393107,10,13
2018-01-20,94.5342799436728,10,13
2018-01-21,102.12562828651384,10,13
2018-01-22,65.69602299726208,10,13
2018-01-23,78.5066507031824,10,13
2018-01-24,77.48201389221413,10,13
2018-01-25,84.0859342138533,10,13
2018-01-26,89.54970602616076,10,13
2018-01-27,96.415236207566,10,13
2018-01-28,104.06371974105558,10,13
2018-01-29,67.67540572332767,10,13
2018-01-30,80.5127831583175,10,13
2018-01-01,43.21922834853504,10,14
2018-01-02,52.83113095680143,10,14
2018-01-03,52.26206124816149,10,14
2018-01-04,56.51720265408756,10,14
2018-01-05,60.92860982891711,10,14
2018-01-06,65.45666621883666,10,14
2018-01-07,68.75143309239,10,14
2018-01-08,42.84732036774026,10,14
2018-01-09,52.524849062920936,10,14
2018-01-10,52.03787147154439,10,14
2018-01-11,56.391065841621185,10,14
2018-01-12,60.91544041056786,10,14
2018-01-13,65.56983911031554,10,14
2018-01-14,69.00235112252852,10,14
2018-01-15,43.245052577197505,10,14
2018-01-16,53.07584795073657,10,14
2018-01-17,52.74577483989211,10,14
2018-01-18,57.25658637216992,10,14
2018-01-19,61.93634357425245,10,14
2018-01-20,66.74100753134682,10,14
2018-01-21,70.3159311581908,10,14
2018-01-22,44.69067669532985,10,14
2018-01-23,54.640924547378035,10,14
2018-01-24,54.41583548162188,10,14
2018-01-25,59.01567911611963,10,14
2018-01-26,63.767460036996795,10,14
2018-01-27,68.62653076925106,10,14
2018-01-28,72.23809118759267,10,14
2018-01-29,46.632000625916305,10,14
2018-01-30,56.58466880305609,10,14
2018-01-01,65.7322482693942,10,15
2018-01-02,78.98239046075561,10,15
2018-01-03,78.74729522969204,10,15
2018-01-04,84.79486326477156,10,15
2018-01-05,91.1679851524809,10,15
2018-01-06,98.39702714407717,10,15
2018-01-07,104.26970394078191,10,15
2018-01-08,64.98724403861475,10,15
2018-01-09,78.1499467254102,10,15
2018-01-10,77.86725481561487,10,15
2018-01-11,83.9102284228503,10,15
2018-01-12,90.3234327300153,10,15
2018-01-13,97.63741106711966,10,15
2018-01-14,103.6385871021297,10,15
2018-01-15,64.52550035325501,10,15
2018-01-16,77.89447168636431,10,15
2018-01-17,77.8498194372858,10,15
2018-01-18,84.15650708910572,10,15
2018-01-19,90.85223030179664,10,15
2018-01-20,98.4601087881672,10,15
2018-01-21,104.75882053992385,10,15
2018-01-22,65.93907599452552,10,15
2018-01-23,79.58952206231825,10,15
2018-01-24,79.80718995904738,10,15
2018-01-25,86.35036132064569,10,15
2018-01-26,93.25085435331526,10,15
2018-01-27,101.02689004850602,10,15
2018-01-28,107.45337121931829,10,15
2018-01-29,68.71846805708392,10,15
2018-01-30,82.40959717896038,10,15
2018-01-01,19.305594755037735,10,16
2018-01-02,22.948651232546105,10,16
2018-01-03,22.560635505464866,10,16
2018-01-04,24.263733811114506,10,16
2018-01-05,26.759547803688484,10,16
2018-01-06,28.67707088685796,10,16
2018-01-07,30.457696305794766,10,16
2018-01-08,19.444505596921694,10,16
2018-01-09,23.06451014723595,10,16
2018-01-10,22.658324502784236,10,16
2018-01-11,24.348847731531926,10,16
2018-01-12,26.838108214288475,10,16
2018-01-13,28.755246103515542,10,16
2018-01-14,30.541536261197237,10,16
2018-01-15,19.539699493324466,10,16
2018-01-16,23.176173827381298,10,16
2018-01-17,22.79082327936922,10,16
2018-01-18,24.5056590735403,10,16
2018-01-19,27.021727243796764,10,16
2018-01-20,28.967135354251678,10,16
2018-01-21,30.78211963983781,10,16
2018-01-22,19.808398912064426,10,16
2018-01-23,23.47148558928968,10,16
2018-01-24,23.110430036218496,10,16
2018-01-25,24.846572079416077,10,16
2018-01-26,27.380452726700995,10,16
2018-01-27,29.33985814987809,10,16
2018-01-28,31.164896792088307,10,16
2018-01-29,20.19735575758346,10,16
2018-01-30,23.86300690651833,10,16
2018-01-01,24.909584090622754,10,17
2018-01-02,30.065685936496426,10,17
2018-01-03,29.77394481994382,10,17
2018-01-04,32.58516363463506,10,17
2018-01-05,34.550452037508414,10,17
2018-01-06,37.058039619779485,10,17
2018-01-07,40.15155265278791,10,17
2018-01-08,24.76431880857217,10,17
2018-01-09,29.883714956261386,10,17
2018-01-10,29.564927377158426,10,17
2018-01-11,32.359545947109325,10,17
2018-01-12,34.31910871987141,10,17
2018-01-13,36.831928387855754,10,17
2018-01-14,39.94139103934333,10,17
2018-01-15,24.58029055363454,10,17
2018-01-16,29.735212510705754,10,17
2018-01-17,29.46033561102754,10,17
2018-01-18,32.306070724101566,10,17
2018-01-19,34.32265253289415,10,17
2018-01-20,36.897013787898175,10,17
2018-01-21,40.07113117490016,10,17
2018-01-22,24.776404806507834,10,17
2018-01-23,29.998084003994364,10,17
2018-01-24,29.789106302335284,10,17
2018-01-25,32.69876890994069,10,17
2018-01-26,34.77634689397195,10,17
2018-01-27,37.40798761505131,10,17
2018-01-28,40.635070133752706,10,17
2018-01-29,25.38859152981818,10,17
2018-01-30,30.653592931708538,10,17
2018-01-01,61.70409426296032,10,18
2018-01-02,73.61826170841053,10,18
2018-01-03,74.67934455501091,10,18
2018-01-04,81.60002170615581,10,18
2018-01-05,86.43760480153458,10,18
2018-01-06,92.00841818805584,10,18
2018-01-07,98.09440665844792,10,18
2018-01-08,61.664102020256806,10,18
2018-01-09,73.59041326578608,10,18
2018-01-10,74.69067502427168,10,18
2018-01-11,81.67765980297546,10,18
2018-01-12,86.60770835833063,10,18
2018-01-13,92.29518737301707,10,18
2018-01-14,98.5192022022614,10,18
2018-01-15,62.244691916041,10,18
2018-01-16,74.34036698851911,10,18
2018-01-17,75.61891945586132,10,18
2018-01-18,82.78820588769017,10,18
2018-01-19,87.89955220944005,10,18
2018-01-20,93.76238425252905,10,18
2018-01-21,100.15110665845756,10,18
2018-01-22,64.02635252611583,10,18
2018-01-23,76.25305975618363,10,18
2018-01-24,77.64080006568756,10,18
2018-01-25,84.89505782881707,10,18
2018-01-26,90.06560532383689,10,18
2018-01-27,95.96117660311117,10,18
2018-01-28,102.35636177558989,10,18
2018-01-29,66.21284409919576,10,18
2018-01-30,78.39743666321077,10,18
2018-01-01,30.49457310658079,10,19
2018-01-02,36.75710582927597,10,19
2018-01-03,37.559739642862546,10,19
2018-01-04,40.08351284542624,10,19
2018-01-05,42.660025301229275,10,19
2018-01-06,45.60253492966121,10,19
2018-01-07,48.270812036071234,10,19
2018-01-08,30.07222758094434,10,19
2018-01-09,36.19598258675003,10,19
2018-01-10,36.88269630210807,10,19
2018-01-11,39.316699364444204,10,19
2018-01-12,41.83207180190391,10,19
2018-01-13,44.74370338990603,10,19
2018-01-14,47.412134036570436,10,19
2018-01-15,29.244650079721502,10,19
2018-01-16,35.429542933050755,10,19
2018-01-17,36.205746424798974,10,19
2018-01-18,38.755197319389765,10,19
2018-01-19,41.40895669542066,10,19
2018-01-20,44.478367172494075,10,19
2018-01-21,47.3200008576771,10,19
2018-01-22,29.336870885479374,10,19
2018-01-23,35.7128098595591,10,19
2018-01-24,36.6822283686109,10,19
2018-01-25,39.42259494070635,10,19
2018-01-26,42.260672104098305,10,19
2018-01-27,45.503780740352376,10,19
2018-01-28,48.50484505634197,10,19
2018-01-29,30.663688831927853,10,19
2018-01-30,37.16148440493246,10,19
2018-01-01,36.84542271493493,10,20
2018-01-02,43.66972697603717,10,20
2018-01-03,43.61493981829933,10,20
2018-01-04,46.93491203885579,10,20
2018-01-05,50.48698095556665,10,20
2018-01-06,53.0329710400531,10,20
2018-01-07,56.817577369272215,10,20
2018-01-08,36.540888775421365,10,20
2018-01-09,43.3244408807423,10,20
2018-01-10,43.250472834591115,10,20
2018-01-11,46.57299443423595,10,20
2018-01-12,50.148716476299334,10,20
2018-01-13,52.738113434229234,10,20
2018-01-14,56.58388938986457,10,20
2018-01-15,36.383600963815624,10,20
2018-01-16,43.25582384913827,10,20
2018-01-17,43.279532854449,10,20
2018-01-18,46.70529801622598,10,20
2018-01-19,50.38634542541748,10,20
2018-01-20,53.07974770532454,10,20
2018-01-21,57.025011081098235,10,20
2018-01-22,36.916809082215266,10,20
2018-01-23,43.87124617426262,10,20
2018-01-24,43.9653184018576,10,20
2018-01-25,47.44817134463721,10,20
2018-01-26,51.17220239560147,10,20
2018-01-27,53.894271329704274,10,20
2018-01-28,57.85428581525132,10,20
2018-01-29,37.74791230864459,10,20
2018-01-30,44.69279668596207,10,20
2018-01-01,31.148142446011384,10,21
2018-01-02,37.88537688006431,10,21
2018-01-03,37.16749710709714,10,21
2018-01-04,39.92341159255007,10,21
2018-01-05,43.9822622627097,10,21
2018-01-06,46.33113013575948,10,21
2018-01-07,48.51726116393347,10,21
2018-01-08,30.422430503360353,10,21
2018-01-09,36.974383034635295,10,21
2018-01-10,36.092311254999984,10,21
2018-01-11,38.70974470702052,10,21
2018-01-12,42.65977161112804,10,21
2018-01-13,44.93266248582485,10,21
2018-01-14,47.078032255307036,10,21
2018-01-15,28.979160441260444,10,21
2018-01-16,35.56440816867345,10,21
2018-01-17,34.75269352153805,10,21
2018-01-18,37.47639932348428,10,21
2018-01-19,41.56663342245597,10,21
2018-01-20,44.0109101885341,10,21
2018-01-21,46.35538819380431,10,21
2018-01-22,28.47928171972647,10,21
2018-01-23,35.306382502604286,10,21
2018-01-24,34.75065061955628,10,21
2018-01-25,37.739245712447335,10,21
2018-01-26,42.09791557526182,10,21
2018-01-27,44.80880766410777,10,21
2018-01-28,47.41283532626048,10,21
2018-01-29,29.784213283023362,10,21
2018-01-30,36.842095798237196,10,21
2018-01-01,60.42675415490648,10,22
2018-01-02,71.13395506615431,10,22
2018-01-03,72.45912155553233,10,22
2018-01-04,77.7808599894689,10,22
2018-01-05,84.45385668902217,10,22
2018-01-06,89.1930203007354,10,22
2018-01-07,96.21106641170985,10,22
2018-01-08,59.28143388889175,10,22
2018-01-09,70.04655450791915,10,22
2018-01-10,71.46799319831756,10,22
2018-01-11,76.92189074508828,10,22
2018-01-12,83.75933947326564,10,22
2018-01-13,88.69067398613362,10,22
2018-01-14,95.92322883463638,10,22
2018-01-15,59.22444706469908,10,22
2018-01-16,70.23035525229001,10,22
2018-01-17,71.89591615420797,10,22
2018-01-18,77.5906845439612,10,22
2018-01-19,84.65939059935258,10,22
2018-01-20,89.80642702708609,10,22
2018-01-21,97.23378635683106,10,22
2018-01-22,60.70432748548082,10,22
2018-01-23,71.8503829270427,10,22
2018-01-24,73.62421454922033,10,22
2018-01-25,79.39374091402348,10,22
2018-01-26,86.50315907751529,10,22
2018-01-27,91.65743649668389,10,22
2018-01-28,99.06021990100419,10,22
2018-01-29,62.47704157973754,10,22
2018-01-30,73.54383678763668,10,22
2018-01-01,22.665835395815016,10,23
2018-01-02,26.75776865361618,10,23
2018-01-03,27.00209432196514,10,23
2018-01-04,29.88884225176478,10,23
2018-01-05,31.925355260948535,10,23
2018-01-06,32.52343338879602,10,23
2018-01-07,35.217654411203426,10,23
2018-01-08,22.430016182551086,10,23
2018-01-09,26.485409605064284,10,23
2018-01-10,26.705968474570952,10,23
2018-01-11,29.58212998940223,10,23
2018-01-12,31.62117217280945,10,23
2018-01-13,32.234385078474105,10,23
2018-01-14,34.95543074331942,10,23
2018-01-15,22.205035931001635,10,23
2018-01-16,26.306524659185648,10,23
2018-01-17,26.580234725535753,10,23
2018-01-18,29.514649819237427,10,23
2018-01-19,31.615011171527986,10,23
2018-01-20,32.29056328692853,10,23
2018-01-21,35.07298643117218,10,23
2018-01-22,22.381157734428403,10,23
2018-01-23,26.536745886742136,10,23
2018-01-24,26.85868184602628,10,23
2018-01-25,29.83433562510996,10,23
2018-01-26,31.968161902855055,10,23
2018-01-27,32.66896813850533,10,23
2018-01-28,35.4683573654144,10,23
2018-01-29,22.785487399526062,10,23
2018-01-30,26.942651686518737,10,23
2018-01-01,48.812822664568635,10,24
2018-01-02,59.591478674049945,10,24
2018-01-03,60.40001410672684,10,24
2018-01-04,64.24148620221952,10,24
2018-01-05,68.3431377358292,10,24
2018-01-06,73.64555687877156,10,24
2018-01-07,79.41554349948032,10,24
2018-01-08,48.60540854252269,10,24
2018-01-09,59.26853732917701,10,24
2018-01-10,59.9772872389176,10,24
2018-01-11,63.737955201230655,10,24
2018-01-12,67.78030712876213,10,24
2018-01-13,73.04670979283253,10,24
2018-01-14,78.80499008399119,10,24
2018-01-15,48.0077477437156,10,24
2018-01-16,58.7079513259346,10,24
2018-01-17,59.4768862734238,10,24
2018-01-18,63.31918852422747,10,24
2018-01-19,67.46245339525284,10,24
2018-01-20,72.84645755932827,10,24
2018-01-21,78.73611615855205,10,24
2018-01-22,48.080898105866346,10,24
2018-01-23,58.93052625798947,10,24
2018-01-24,59.85302830791424,10,24
2018-01-25,63.84986890513137,10,24
2018-01-26,68.14565004656103,10,24
2018-01-27,73.67741513107487,10,24
2018-01-28,79.70767663301127,10,24
2018-01-29,49.183888756355934,10,24
2018-01-30,60.15419048841083,10,24
2018-01-01,59.28395672943186,10,25
2018-01-02,71.90587423757061,10,25
2018-01-03,72.03905367232537,10,25
2018-01-04,77.0762758877803,10,25
2018-01-05,83.93413996928203,10,25
2018-01-06,89.02400687130721,10,25
2018-01-07,96.00258623602257,10,25
2018-01-08,58.612311100654374,10,25
2018-01-09,71.17187348617168,10,25
2018-01-10,71.27806063863233,10,25
2018-01-11,76.32424011670177,10,25
2018-01-12,83.22639893350322,10,25
2018-01-13,88.39416285415956,10,25
2018-01-14,95.48148866310316,10,25
2018-01-15,58.227170217187535,10,25
2018-01-16,70.945526746692,10,25
2018-01-17,71.22840815297434,10,25
2018-01-18,76.46386012673436,10,25
2018-01-19,83.56234874419373,10,25
2018-01-20,88.92796506510992,10,25
2018-01-21,96.20929710813431,10,25
2018-01-22,59.14010486659946,10,25
2018-01-23,72.03016210822378,10,25
2018-01-24,72.4673955416702,10,25
2018-01-25,77.83666067836894,10,25
2018-01-26,85.04605130185467,10,25
2018-01-27,90.49816114670381,10,25
2018-01-28,97.84098409433135,10,25
2018-01-29,60.80858836065676,10,25
2018-01-30,73.71192908660207,10,25
2018-01-01,35.88874810558919,10,26
2018-01-02,43.45813844749385,10,26
2018-01-03,42.943227615357216,10,26
2018-01-04,46.65852354794661,10,26
2018-01-05,50.21155629486179,10,26
2018-01-06,53.121776595262105,10,26
2018-01-07,56.640361689995046,10,26
2018-01-08,35.922176107329165,10,26
2018-01-09,43.49687699797887,10,26
2018-01-10,43.00109950667772,10,26
2018-01-11,46.748519916082856,10,26
2018-01-12,50.34531753964933,10,26
2018-01-13,53.30915261665171,10,26
2018-01-14,56.88906324688888,10,26
2018-01-15,36.237525814874374,10,26
2018-01-16,43.88166500134811,10,26
2018-01-17,43.45554531750446,10,26
2018-01-18,47.27033837791957,10,26
2018-01-19,50.92988351251642,10,26
2018-01-20,53.94975583554228,10,26
2018-01-21,57.57724201097389,10,26
2018-01-22,36.963465780487965,10,26
2018-01-23,44.63464745393608,10,26
2018-01-24,44.22442793138039,10,26
2018-01-25,48.04405067740515,10,26
2018-01-26,51.69791903544895,10,26
2018-01-27,54.70264337280628,10,26
2018-01-28,58.30697922839404,10,26
2018-01-29,37.66389999190485,10,26
2018-01-30,45.30179024602596,10,26
2018-01-01,16.39172675983366,10,27
2018-01-02,19.98116496665589,10,27
2018-01-03,19.78473127191962,10,27
2018-01-04,21.617383635677434,10,27
2018-01-05,22.58430754257979,10,27
2018-01-06,24.649048179016898,10,27
2018-01-07,25.55676671780472,10,27
2018-01-08,16.05791496267718,10,27
2018-01-09,19.635122247879586,10,27
2018-01-10,19.438710069342118,10,27
2018-01-11,21.28344836526514,10,27
2018-01-12,22.27392674781077,10,27
2018-01-13,24.372722946664528,10,27
2018-01-14,25.323705837956332,10,27
2018-01-15,15.875765649019838,10,27
2018-01-16,19.50976333885371,10,27
2018-01-17,19.37411256276476,10,27
2018-01-18,21.281605960193335,10,27
2018-01-19,22.33485684577882,10,27
2018-01-20,24.494536365016614,10,27
2018-01-21,25.50274137750127,10,27
2018-01-22,16.106783697093253,10,27
2018-01-23,19.786190935807262,10,27
2018-01-24,19.688330862414944,10,27
2018-01-25,21.625269817169443,10,27
2018-01-26,22.699235395561463,10,27
2018-01-27,24.870862949846966,10,27
2018-01-28,25.882561022770243,10,27
2018-01-29,16.482286561601025,10,27
2018-01-30,20.150520731579427,10,27
2018-01-01,65.75114440415095,10,28
2018-01-02,78.34560388527096,10,28
2018-01-03,78.69688480361776,10,28
2018-01-04,84.50200182929368,10,28
2018-01-05,90.76803790809197,10,28
2018-01-06,97.49472510510105,10,28
2018-01-07,104.91541586200712,10,28
2018-01-08,64.92213705675334,10,28
2018-01-09,77.54968193526437,10,28
2018-01-10,77.98191669684833,10,28
2018-01-11,83.91441517333487,10,28
2018-01-12,90.35119955229239,10,28
2018-01-13,97.28745536223138,10,28
2018-01-14,104.95067876659496,10,28
2018-01-15,65.22594287800909,10,28
2018-01-16,78.14023152036,10,28
2018-01-17,78.86900981406615,10,28
2018-01-18,85.09913706222258,10,28
2018-01-19,91.82589160510629,10,28
2018-01-20,99.03596748698945,10,28
2018-01-21,106.94889276036271,10,28
2018-01-22,67.44254829476354,10,28
2018-01-23,80.53772827716023,10,28
2018-01-24,81.40490533392042,10,28
2018-01-25,87.72730028791132,10,28
2018-01-26,94.49802187544415,10,28
2018-01-27,101.70313316943891,10,28
2018-01-28,109.56309275143263,10,28
2018-01-29,69.95824908685063,10,28
2018-01-30,82.91333023634873,10,28
2018-01-01,52.89331975606075,10,29
2018-01-02,63.74276246621763,10,29
2018-01-03,63.54450763248469,10,29
2018-01-04,67.30197393438849,10,29
2018-01-05,73.01669495087212,10,29
2018-01-06,78.10432213668332,10,29
2018-01-07,83.99593674336343,10,29
2018-01-08,52.018431214398056,10,29
2018-01-09,62.7977246700318,10,29
2018-01-10,62.56740536182908,10,29
2018-01-11,66.33058076647652,10,29
2018-01-12,72.0873374684254,10,29
2018-01-13,77.25084989377903,10,29
2018-01-14,83.24882379713796,10,29
2018-01-15,51.40403033951787,10,29
2018-01-16,62.33769019391896,10,29
2018-01-17,62.27829505597232,10,29
2018-01-18,66.22364156263785,10,29
2018-01-19,72.16847411110669,10,29
2018-01-20,77.52077015047273,10,29
2018-01-21,83.70334868733036,10,29
2018-01-22,52.03455315165708,10,29
2018-01-23,63.131763970627205,10,29
2018-01-24,63.22032484321366,10,29
2018-01-25,67.2956551318126,10,29
2018-01-26,73.35094312929063,10,29
2018-01-27,78.79345293544705,10,29
2018-01-28,85.04612574127448,10,29
2018-01-29,53.42822761256775,10,29
2018-01-30,64.55880089825675,10,29
2018-01-01,30.588503513943383,10,30
2018-01-02,36.956727565665624,10,30
2018-01-03,36.42332773106918,10,30
2018-01-04,38.96423017694043,10,30
2018-01-05,42.514391058625826,10,30
2018-01-06,45.65714002237365,10,30
2018-01-07,48.21021317295452,10,30
2018-01-08,29.63017919927272,10,30
2018-01-09,35.83813504663193,10,30
2018-01-10,35.18066058162061,10,30
2018-01-11,37.63737272545387,10,30
2018-01-12,41.14579405000514,10,30
2018-01-13,44.290656407109395,10,30
2018-01-14,46.889924255508724,10,30
2018-01-15,28.399241065571236,10,30
2018-01-16,34.737674109082626,10,30
2018-01-17,34.248745272602775,10,30
2018-01-18,36.90808589170792,10,30
2018-01-19,40.64842752960327,10,30
2018-01-20,44.04904569471173,10,30
2018-01-21,46.92193718563186,10,30
2018-01-22,28.716430176421884,10,30
2018-01-23,35.34509791218443,10,30
2018-01-24,35.14495916218617,10,30
2018-01-25,38.08529900688773,10,30
2018-01-26,42.09281764434714,10,30
2018-01-27,45.741220268658985,10,30
2018-01-28,48.83752515821325,10,30
2018-01-29,30.826786020720263,10,30
2018-01-30,37.618096949732646,10,30
2018-01-01,43.743694970057355,10,31
2018-01-02,51.1347243727264,10,31
2018-01-03,51.20997106865522,10,31
2018-01-04,55.779447132077436,10,31
2018-01-05,59.621839884454,10,31
2018-01-06,63.33969632936344,10,31
2018-01-07,68.11785133401472,10,31
2018-01-08,42.60360924896414,10,31
2018-01-09,50.00698148191493,10,31
2018-01-10,50.126052320141056,10,31
2018-01-11,54.76958212983329,10,31
2018-01-12,58.7141636014522,10,31
2018-01-13,62.55950580841434,10,31
2018-01-14,67.48697991595441,10,31
2018-01-15,42.13993232123146,10,31
2018-01-16,49.7240635243804,10,31
2018-01-17,50.03294063285204,10,31
2018-01-18,54.870748183253355,10,31
2018-01-19,59.00958858601342,10,31
2018-01-20,63.04490279590988,10,31
2018-01-21,68.15414120018254,10,31
2018-01-22,42.97718707995056,10,31
2018-01-23,50.71682803484833,10,31
2018-01-24,51.164340947467934,10,31
2018-01-25,56.12229349277386,10,31
2018-01-26,60.3618724970611,10,31
2018-01-27,64.4783094494088,10,31
2018-01-28,69.64953354765522,10,31
2018-01-29,44.51655569975124,10,31
2018-01-30,52.28388055825937,10,31
2018-01-01,32.85703031502186,10,32
2018-01-02,40.82713956827678,10,32
2018-01-03,40.21102966493122,10,32
2018-01-04,43.67639538752056,10,32
2018-01-05,46.17888322436883,10,32
2018-01-06,49.64045166026245,10,32
2018-01-07,53.182900720309725,10,32
2018-01-08,32.74731445102153,10,32
2018-01-09,40.57383591427871,10,32
2018-01-10,39.83396889877594,10,32
2018-01-11,43.1990399169015,10,32
2018-01-12,45.62756247532727,10,32
2018-01-13,49.04354668573737,10,32
2018-01-14,52.56999992465003,10,32
2018-01-15,32.14836254144575,10,32
2018-01-16,40.01829793418232,10,32
2018-01-17,39.35003038837138,10,32
2018-01-18,42.81286290827779,10,32
2018-01-19,45.36261520750476,10,32
2018-01-20,48.92002267112011,10,32
2018-01-21,52.604339379492686,10,32
2018-01-22,32.35288627985629,10,32
2018-01-23,40.400960702427106,10,32
2018-01-24,39.914297363276,10,32
2018-01-25,43.55770979294325,10,32
2018-01-26,46.28264911196491,10,32
2018-01-27,50.00571785386751,10,32
2018-01-28,53.8423790230803,10,32
2018-01-29,33.72659885972057,10,32
2018-01-30,41.890837239738715,10,32
2018-01-01,52.82024038712299,10,33
2018-01-02,63.448152294145075,10,33
2018-01-03,62.58058538459454,10,33
2018-01-04,68.47202353132396,10,33
2018-01-05,73.19888909761076,10,33
2018-01-06,78.52797854702823,10,33
2018-01-07,84.3761240006018,10,33
2018-01-08,52.20805609325924,10,33
2018-01-09,62.71524534092606,10,33
2018-01-10,61.75947257640952,10,33
2018-01-11,67.59836575266074,10,33
2018-01-12,72.31036064947448,10,33
2018-01-13,77.66312051709575,10,33
2018-01-14,83.57321200368143,10,33
2018-01-15,51.504011674213146,10,33
2018-01-16,62.144618545800995,10,33
2018-01-17,61.353520732235296,10,33
2018-01-18,67.38425042102293,10,33
2018-01-19,72.31048112902742,10,33
2018-01-20,77.89459826233448,10,33
2018-01-21,84.04753601820846,10,33
2018-01-22,52.22685043952492,10,33
2018-01-23,63.11579948921273,10,33
2018-01-24,62.567173733199226,10,33
2018-01-25,68.8291075302306,10,33
2018-01-26,73.97032063422913,10,33
2018-01-27,79.74881758836877,10,33
2018-01-28,86.07183477909416,10,33
2018-01-29,54.3940023546027,10,33
2018-01-30,65.39648988203143,10,33
2018-01-01,19.17780244649161,10,34
2018-01-02,22.96526085575742,10,34
2018-01-03,22.094287781769076,10,34
2018-01-04,24.991660898580882,10,34
2018-01-05,26.717663203386763,10,34
2018-01-06,28.51284010591682,10,34
2018-01-07,30.53742702859349,10,34
2018-01-08,19.649809159316966,10,34
2018-01-09,23.387362601140865,10,34
2018-01-10,22.461804374752724,10,34
2018-01-11,25.301098591470566,10,34
2018-01-12,26.966736848278973,10,34
2018-01-13,28.700486124322552,10,34
2018-01-14,30.663806403661727,10,34
2018-01-15,19.716299539584014,10,34
2018-01-16,23.396538531071755,10,34
2018-01-17,22.41740465676631,10,34
2018-01-18,25.207979839829058,10,34
2018-01-19,26.83081242203192,10,34
2018-01-20,28.528649822403157,10,34
2018-01-21,30.463840568940547,10,34
2018-01-22,19.496767542350902,10,34
2018-01-23,23.16666198003707,10,34
2018-01-24,22.186926102841227,10,34
2018-01-25,24.987012184808382,10,34
2018-01-26,26.6296767032065,10,34
2018-01-27,28.357703501658477,10,34
2018-01-28,30.33329889133867,10,34
2018-01-29,19.41652093144603,10,34
2018-01-30,23.14609278457191,10,34
2018-01-01,47.59160748701593,10,35
2018-01-02,57.981735970795626,10,35
2018-01-03,57.362824405585656,10,35
2018-01-04,63.3343561779117,10,35
2018-01-05,67.06927855634883,10,35
2018-01-06,72.4763937441133,10,35
2018-01-07,77.73647971528955,10,35
2018-01-08,46.94809640236249,10,35
2018-01-09,57.37677353447292,10,35
2018-01-10,56.8262474237341,10,35
2018-01-11,62.89509003754735,10,35
2018-01-12,66.75440839220812,10,35
2018-01-13,72.31031870316406,10,35
2018-01-14,77.74017223510175,10,35
2018-01-15,47.13848497584623,10,35
2018-01-16,57.76626354860616,10,35
2018-01-17,57.42239045373299,10,35
2018-01-18,63.700407566192425,10,35
2018-01-19,67.76637143756054,10,35
2018-01-20,73.52148039673732,10,35
2018-01-21,79.13844612342305,10,35
2018-01-22,48.70755783159749,10,35
2018-01-23,59.48612788505024,10,35
2018-01-24,59.26997882272132,10,35
2018-01-25,65.65030817181884,10,35
2018-01-26,69.79160266880946,10,35
2018-01-27,75.59430062264784,10,35
2018-01-28,81.23117451940283,10,35
2018-01-29,50.79338212930603,10,35
2018-01-30,61.539875733982015,10,35
2018-01-01,56.884322792580996,10,36
2018-01-02,68.10543518254661,10,36
2018-01-03,68.44159071012157,10,36
2018-01-04,74.01743909363799,10,36
2018-01-05,80.27759170267034,10,36
2018-01-06,86.0659870736693,10,36
2018-01-07,91.368907397176,10,36
2018-01-08,56.364310831170975,10,36
2018-01-09,67.42959064013294,10,36
2018-01-10,67.64530142435456,10,36
2018-01-11,73.1390612957584,10,36
2018-01-12,79.35710607546832,10,36
2018-01-13,85.14368086637187,10,36
2018-01-14,90.48411917051725,10,36
2018-01-15,55.55427135853154,10,36
2018-01-16,66.72838957751156,10,36
2018-01-17,67.08300471937238,10,36
2018-01-18,72.74099907664899,10,36
2018-01-19,79.14334511377477,10,36
2018-01-20,85.12868980720982,10,36
2018-01-21,90.6766287523076,10,36
2018-01-22,55.95732596851686,10,36
2018-01-23,67.33958088400512,10,36
2018-01-24,67.89487293516956,10,36
2018-01-25,73.74158278953553,10,36
2018-01-26,80.31685668489837,10,36
2018-01-27,86.45629019331156,10,36
2018-01-28,92.13727332007264,10,36
2018-01-29,57.528651498132554,10,36
2018-01-30,68.99880351300118,10,36
2018-01-01,22.672151381998106,10,37
2018-01-02,27.057537522222514,10,37
2018-01-03,26.374685247120027,10,37
2018-01-04,28.92561904748196,10,37
2018-01-05,30.602138525231993,10,37
2018-01-06,33.185282051953976,10,37
2018-01-07,34.628722578499705,10,37
2018-01-08,21.946315019683666,10,37
2018-01-09,26.271309075712857,10,37
2018-01-10,25.551131338538607,10,37
2018-01-11,28.08877711770606,10,37
2018-01-12,29.776353593654324,10,37
2018-01-13,32.394556367086786,10,37
2018-01-14,33.89609429081975,10,37
2018-01-15,21.293280871989115,10,37
2018-01-16,25.717304612673715,10,37
2018-01-17,25.113080334079925,10,37
2018-01-18,27.78071985665727,10,37
2018-01-19,29.609161383606512,10,37
2018-01-20,32.37573725801097,10,37
2018-01-21,34.029692510402135,10,37
2018-01-22,21.579870007243734,10,37
2018-01-23,26.15407215003183,10,37
2018-01-24,25.6939988687702,10,37
2018-01-25,28.49679815810596,10,37
2018-01-26,30.448766605177184,10,37
2018-01-27,33.324977953312725,10,37
2018-01-28,35.072850797727945,10,37
2018-01-29,22.699870239549668,10,37
2018-01-30,27.332972813345314,10,37
2018-01-01,60.484982765870946,10,38
2018-01-02,70.16397874939015,10,38
2018-01-03,71.77310534903037,10,38
2018-01-04,77.29027546454667,10,38
2018-01-05,84.23289006748085,10,38
2018-01-06,89.0228145871957,10,38
2018-01-07,94.4956940461501,10,38
2018-01-08,59.94106818817536,10,38
2018-01-09,69.65134660250123,10,38
2018-01-10,71.31950055504439,10,38
2018-01-11,76.92288101471607,10,38
2018-01-12,83.97742703735054,10,38
2018-01-13,88.90272867506886,10,38
2018-01-14,94.53144844613527,10,38
2018-01-15,60.14955886590136,10,38
2018-01-16,70.04545197549498,10,38
2018-01-17,71.90777331898809,10,38
2018-01-18,77.70938552100937,10,38
2018-01-19,84.9617213461541,10,38
2018-01-20,90.07998629409475,10,38
2018-01-21,95.89271093493034,10,38
2018-01-22,61.6821070322345,10,38
2018-01-23,71.73328040630678,10,38
2018-01-24,73.73215053585757,10,38
2018-01-25,79.64948018899862,10,38
2018-01-26,86.99527372285337,10,38
2018-01-27,92.1840035053564,10,38
2018-01-28,98.04416469308642,10,38
2018-01-29,63.85861306113045,10,38
2018-01-30,73.91374005475089,10,38
2018-01-01,32.15445464321998,10,39
2018-01-02,38.41365479455548,10,39
2018-01-03,39.37428182019343,10,39
2018-01-04,41.96673631113702,10,39
2018-01-05,45.54037118427598,10,39
2018-01-06,48.766575642883566,10,39
2018-01-07,51.9451093752672,10,39
2018-01-08,31.58321183174763,10,39
2018-01-09,37.8782100710595,10,39
2018-01-10,38.905688086023105,10,39
2018-01-11,41.59525157691563,10,39
2018-01-12,45.29445826561848,10,39
2018-01-13,48.67197295121373,10,39
2018-01-14,52.023998352800675,10,39
2018-01-15,31.853503483303474,10,39
2018-01-16,38.35296936547026,10,39
2018-01-17,39.59271084826922,10,39
2018-01-18,42.496803986145665,10,39
2018-01-19,46.40718434666047,10,39
2018-01-20,49.98697062851184,10,39
2018-01-21,53.52705986422343,10,39
2018-01-22,33.52551135619498,10,39
2018-01-23,40.17043486788211,10,39
2018-01-24,41.52843795634398,10,39
2018-01-25,44.52065856118985,10,39
2018-01-26,48.486945476062424,10,39
2018-01-27,52.089239026498376,10,39
2018-01-28,55.61819689605723,10,39
2018-01-29,35.572581677533236,10,39
2018-01-30,42.14212585954193,10,39
2018-01-01,22.308318065616,10,40
2018-01-02,26.544228265502923,10,40
2018-01-03,26.10708136454449,10,40
2018-01-04,28.667031896206403,10,40
2018-01-05,30.33567268957014,10,40
2018-01-06,32.17447666821529,10,40
2018-01-07,34.52833952011952,10,40
2018-01-08,21.536811475805766,10,40
2018-01-09,25.808746957746806,10,40
2018-01-10,25.433439272822135,10,40
2018-01-11,28.079385339276485,10,40
2018-01-12,29.855790354881897,10,40
2018-01-13,31.821101946662765,10,40
2018-01-14,34.31666190977221,10,40
2018-01-15,21.478060215133258,10,40
2018-01-16,25.90991616912669,10,40
2018-01-17,25.697149815323485,10,40
2018-01-18,28.503884405460358,10,40
2018-01-19,30.43508572508024,10,40
2018-01-20,32.545223853852356,10,40
2018-01-21,35.172041784897644,10,40
2018-01-22,22.448012278912998,10,40
2018-01-23,26.975205006895198,10,40
2018-01-24,26.836624789888912,10,40
2018-01-25,29.695160092735538,10,40
2018-01-26,31.65524653667576,10,40
2018-01-27,33.77153066430271,10,40
2018-01-28,36.3826187067392,10,40
2018-01-29,23.622492711989825,10,40
2018-01-30,28.09531768626085,10,40
2018-01-01,16.667355303285703,10,41
2018-01-02,18.97717675663241,10,41
2018-01-03,19.76829316068805,10,41
2018-01-04,20.72326521553226,10,41
2018-01-05,22.445029079852688,10,41
2018-01-06,24.184073420302905,10,41
2018-01-07,25.619993176142273,10,41
2018-01-08,16.300802987172645,10,41
2018-01-09,18.624185056052603,10,41
2018-01-10,19.438262718205866,10,41
2018-01-11,20.425256638881173,10,41
2018-01-12,22.187468424576757,10,41
2018-01-13,23.974490083423103,10,41
2018-01-14,25.464796973016735,10,41
2018-01-15,16.20510579113814,10,41
2018-01-16,18.59167086719416,10,41
2018-01-17,19.471108442357526,10,41
2018-01-18,20.524104248220347,10,41
2018-01-19,22.351447586797043,10,41
2018-01-20,24.20128883270649,10,41
2018-01-21,25.750776597912655,10,41
2018-01-22,16.545454870067267,10,41
2018-01-23,18.98059232678552,10,41
2018-01-24,19.902032673177683,10,41
2018-01-25,20.989920708673864,10,41
2018-01-26,22.84474697045074,10,41
2018-01-27,24.71460777381618,10,41
2018-01-28,26.276837039556504,10,41
2018-01-29,17.077390611373687,10,41
2018-01-30,19.51215587961809,10,41
2018-01-01,27.1501799376359,10,42
2018-01-02,32.95476128342175,10,42
2018-01-03,32.879179428137746,10,42
2018-01-04,35.85604365756391,10,42
2018-01-05,39.53526346137503,10,42
2018-01-06,41.86207492939132,10,42
2018-01-07,44.15355533343469,10,42
2018-01-08,26.796470910267836,10,42
2018-01-09,32.5507186101486,10,42
2018-01-10,32.44373904966193,10,42
2018-01-11,35.408860405238364,10,42
2018-01-12,39.096048379994556,10,42
2018-01-13,41.449960946817,10,42
2018-01-14,43.78650865467334,10,42
2018-01-15,26.490763708453457,10,42
2018-01-16,32.32047638300843,10,42
2018-01-17,32.300573480601955,10,42
2018-01-18,35.36159578809045,10,42
2018-01-19,39.15054672283587,10,42
2018-01-20,41.609047847044636,10,42
2018-01-21,44.04999902534719,10,42
2018-01-22,26.855583517941973,10,42
2018-01-23,32.78087383121252,10,42
2018-01-24,32.84841054660047,10,42
2018-01-25,35.986708916602154,10,42
2018-01-26,39.841163623201446,10,42
2018-01-27,42.35224600667797,10,42
2018-01-28,44.832190617016224,10,42
2018-01-29,27.66301093048463,10,42
2018-01-30,33.60010007418097,10,42
2018-01-01,39.49726445389216,10,43
2018-01-02,46.88764128598405,10,43
2018-01-03,46.866858093722804,10,43
2018-01-04,50.82606889769751,10,43
2018-01-05,54.54808550524217,10,43
2018-01-06,58.25302430062285,10,43
2018-01-07,62.509725680088266,10,43
2018-01-08,39.72186665294862,10,43
2018-01-09,47.10065781216301,10,43
2018-01-10,47.07932803010425,10,43
2018-01-11,51.0488689265385,10,43
2018-01-12,54.79139482571961,10,43
2018-01-13,58.52585176696872,10,43
2018-01-14,62.81951271271026,10,43
2018-01-15,40.07417664918535,10,43
2018-01-16,47.498959698421984,10,43
2018-01-17,47.52487835317041,10,43
2018-01-18,51.54069357398902,10,43
2018-01-19,55.326368197133945,10,43
2018-01-20,59.09886808182681,10,43
2018-01-21,63.423741232473624,10,43
2018-01-22,40.70138998976108,10,43
2018-01-23,48.13992219239199,10,43
2018-01-24,48.16977964396463,10,43
2018-01-25,52.17961133887067,10,43
2018-01-26,55.94974312926286,10,43
2018-01-27,59.697974034543144,10,43
2018-01-28,63.9911337352502,10,43
2018-01-29,41.23131717619351,10,43
2018-01-30,48.62868349646433,10,43
2018-01-01,22.126592669189606,10,44
2018-01-02,26.318457354024694,10,44
2018-01-03,26.33792104689722,10,44
2018-01-04,28.239833546200078,10,44
2018-01-05,30.448938958727,10,44
2018-01-06,32.48984162835257,10,44
2018-01-07,35.61532416426219,10,44
2018-01-08,22.454423801200498,10,44
2018-01-09,26.598482628192833,10,44
2018-01-10,26.569451202577707,10,44
2018-01-11,28.42369417703409,10,44
2018-01-12,30.587374160077204,10,44
2018-01-13,32.586396867715955,10,44
2018-01-14,35.67471099468386,10,44
2018-01-15,22.482369262411716,10,44
2018-01-16,26.60156635868622,10,44
2018-01-17,26.554933418075912,10,44
2018-01-18,28.399337753032803,10,44
2018-01-19,30.56126408953988,10,44
2018-01-20,32.56676034676133,10,44
2018-01-21,35.66974132138483,10,44
2018-01-22,22.500056615164354,10,44
2018-01-23,26.64953835475981,10,44
2018-01-24,26.640308138748935,10,44
2018-01-25,28.52859166497833,10,44
2018-01-26,30.740116993364822,10,44
2018-01-27,32.800079149978444,10,44
2018-01-28,35.961464065918584,10,44
2018-01-29,22.853137798716457,10,44
2018-01-30,27.06591617235879,10,44
2018-01-01,61.46567907862104,10,45
2018-01-02,73.64855941490534,10,45
2018-01-03,74.57679936397216,10,45
2018-01-04,80.24569731347975,10,45
2018-01-05,86.77717097332292,10,45
2018-01-06,92.15582404458556,10,45
2018-01-07,97.5314236787716,10,45
2018-01-08,61.10565305512753,10,45
2018-01-09,73.19035090144826,10,45
2018-01-10,74.04763110969316,10,45
2018-01-11,79.67486120327727,10,45
2018-01-12,86.19502082671387,10,45
2018-01-13,91.59279811868834,10,45
2018-01-14,97.01712263450617,10,45
2018-01-15,60.66799659586161,10,45
2018-01-16,72.8548331854767,10,45
2018-01-17,73.8366914792721,10,45
2018-01-18,79.60738286834753,10,45
2018-01-19,86.28596601576545,10,45
2018-01-20,91.85298397746459,10,45
2018-01-21,97.45313794275324,10,45
2018-01-22,61.28225529519214,10,45
2018-01-23,73.64575688537191,10,45
2018-01-24,74.79900962629412,10,45
2018-01-25,80.73253622284737,10,45
2018-01-26,87.56259654782252,10,45
2018-01-27,93.26749233478725,10,45
2018-01-28,98.99028828904726,10,45
2018-01-29,62.92580660127429,10,45
2018-01-30,75.37909966726218,10,45
2018-01-01,45.02455219814078,10,46
2018-01-02,52.81072515335179,10,46
2018-01-03,52.98114744099138,10,46
2018-01-04,56.79554376764127,10,46
2018-01-05,62.28508733623147,10,46
2018-01-06,65.55432318924454,10,46
2018-01-07,69.9649059980119,10,46
2018-01-08,44.15059044537088,10,46
2018-01-09,51.821459061056174,10,46
2018-01-10,51.91142583808278,10,46
2018-01-11,55.68175639873497,10,46
2018-01-12,61.16400350783117,10,46
2018-01-13,64.46197666531272,10,46
2018-01-14,68.9355561645839,10,46
2018-01-15,43.21578663059033,10,46
2018-01-16,51.00923108047172,10,46
2018-01-17,51.245619462533995,10,46
2018-01-18,55.181527646207314,10,46
2018-01-19,60.8434805922721,10,46
2018-01-20,64.330093241697,10,46
2018-01-21,68.99605434711376,10,46
2018-01-22,43.46738327446599,10,46
2018-01-23,51.44593615266236,10,46
2018-01-24,51.85719110672588,10,46
2018-01-25,55.95404489089273,10,46
2018-01-26,61.76001164879705,10,46
2018-01-27,65.37143507087207,10,46
2018-01-28,70.14151768352089,10,46
2018-01-29,44.695596622941544,10,46
2018-01-30,52.73564240563645,10,46
2018-01-01,16.969857437218963,10,47
2018-01-02,20.262874661078012,10,47
2018-01-03,20.255865085889152,10,47
2018-01-04,22.34322675577478,10,47
2018-01-05,23.027852970656138,10,47
2018-01-06,25.310946613975116,10,47
2018-01-07,26.799236631318536,10,47
2018-01-08,16.881061865057873,10,47
2018-01-09,20.12813439470877,10,47
2018-01-10,20.084094765077012,10,47
2018-01-11,22.144194578346795,10,47
2018-01-12,22.81185435717805,10,47
2018-01-13,25.088483100365444,10,47
2018-01-14,26.580708682136077,10,47
2018-01-15,16.6764835545353,10,47
2018-01-16,19.94687695225229,10,47
2018-01-17,19.9346648613242,10,47
2018-01-18,22.034051972124207,10,47
2018-01-19,22.747272174775787,10,47
2018-01-20,25.074452616955096,10,47
2018-01-21,26.620889065104297,10,47
2018-01-22,16.773195650643256,10,47
2018-01-23,20.101138897193614,10,47
2018-01-24,20.146266096108516,10,47
2018-01-25,22.30166120157818,10,47
2018-01-26,23.068573925404706,10,47
2018-01-27,25.44630636884001,10,47
2018-01-28,27.039504459294296,10,47
2018-01-29,17.234317021933112,10,47
2018-01-30,20.60023235113411,10,47
2018-01-01,37.47365009217454,10,48
2018-01-02,44.04864638884169,10,48
2018-01-03,44.75516075408041,10,48
2018-01-04,48.53138709834472,10,48
2018-01-05,52.04487958614958,10,48
2018-01-06,55.66040753445364,10,48
2018-01-07,60.62761440900904,10,48
2018-01-08,37.619209761372645,10,48
2018-01-09,44.31613159441423,10,48
2018-01-10,45.1482020483671,10,48
2018-01-11,49.05223096849332,10,48
2018-01-12,52.69412331477201,10,48
2018-01-13,56.43678740565232,10,48
2018-01-14,61.527854068415124,10,48
2018-01-15,38.637933747580675,10,48
2018-01-16,45.44584713834881,10,48
2018-01-17,46.37935024324278,10,48
2018-01-18,50.373306397310856,10,48
2018-01-19,54.09185924360118,10,48
2018-01-20,57.89640175921258,10,48
2018-01-21,63.03334965433516,10,48
2018-01-22,40.17244463054051,10,48
2018-01-23,46.992021730887544,10,48
2018-01-24,47.91976060627548,10,48
2018-01-25,51.89087246344966,10,48
2018-01-26,55.57027620528427,10,48
2018-01-27,59.32055871776417,10,48
2018-01-28,64.38972780204116,10,48
2018-01-29,41.44948373686266,10,48
2018-01-30,48.180444503087756,10,48
2018-01-01,21.61766471128034,10,49
2018-01-02,25.614124986053532,10,49
2018-01-03,26.031383035162342,10,49
2018-01-04,28.11809848501874,10,49
2018-01-05,29.99889745158744,10,49
2018-01-06,32.46593807976294,10,49
2018-01-07,33.782654313550076,10,49
2018-01-08,21.049069504122023,10,49
2018-01-09,24.94308684626457,10,49
2018-01-10,25.27851672354841,10,49
2018-01-11,27.30592533048037,10,49
2018-01-12,29.15113679145768,10,49
2018-01-13,31.606796323184305,10,49
2018-01-14,32.936131104953716,10,49
2018-01-15,20.23829942981373,10,49
2018-01-16,24.189733611061484,10,49
2018-01-17,24.60223477970012,10,49
2018-01-18,26.723901627814765,10,49
2018-01-19,28.67772270947794,10,49
2018-01-20,31.253237018954326,10,49
2018-01-21,32.71039655005531,10,49
2018-01-22,20.145018398975594,10,49
2018-01-23,24.23022891177767,10,49
2018-01-24,24.774655156288887,10,49
2018-01-25,27.02344311573372,10,49
2018-01-26,29.096929825119133,10,49
2018-01-27,31.78237211137353,10,49
2018-01-28,33.33786396332495,10,49
2018-01-29,20.857828841153754,10,49
2018-01-30,25.014488622125352,10,49
2018-01-01,48.241591995511996,10,50
2018-01-02,57.05219656224612,10,50
2018-01-03,57.939067055946744,10,50
2018-01-04,62.48292158360928,10,50
2018-01-05,67.05965608984644,10,50
2018-01-06,71.47456754637969,10,50
2018-01-07,76.44866019235853,10,50
2018-01-08,47.232572525565715,10,50
2018-01-09,56.06402297151807,10,50
2018-01-10,57.00137611827789,10,50
2018-01-11,61.62462197090866,10,50
2018-01-12,66.30800454304061,10,50
2018-01-13,70.85433104139514,10,50
2018-01-14,75.98138694087118,10,50
2018-01-15,46.93599092776223,10,50
2018-01-16,55.95158342125387,10,50
2018-01-17,57.08194598228438,10,50
2018-01-18,61.902339255373256,10,50
2018-01-19,66.78229087021239,10,50
2018-01-20,71.52005972404851,10,50
2018-01-21,76.8291973081501,10,50
2018-01-22,47.952735750409204,10,50
2018-01-23,57.12089243469187,10,50
2018-01-24,58.384885213392074,10,50
2018-01-25,63.318143219805556,10,50
2018-01-26,68.28914278628477,10,50
2018-01-27,73.09589374137687,10,50
2018-01-28,78.4524963929055,10,50
2018-01-29,49.60329931582471,10,50
2018-01-30,58.78054902398761,10,50
